{"type": "FeatureCollection", "features": [{"type": "Feature", "properties": {"bid": 0, "stakeholder": "resident"}, "geometry": {"type": "Polygon", "coordinates": [[[121.46753346415538, 31.204393920852393], [121.46733384623236, 31.204347623543292], [121.46730078685117, 31.2044518305126], [121.46750040445058, 31.204498128357436], [121.46753346415538, 31.204393920852393]]]}}, {"type": "Feature", "properties": {"bid": 1, "stakeholder": "resident"}, "geometry": {"type": "Polygon", "coordinates": [[[121.46777790652311, 31.204535117161818], [121.46779886617776, 31.204540567272026], [121.4678269127993, 31.2044562358555], [121.4677281024499, 31.204431113380394], [121.46771908894846, 31.204456899383448], [121.46779693957467, 31.204476571878168], [121.46777790652311, 31.204535117161818]]]}}, {"type": "Feature", "properties": {"bid": 2, "stakeholder": "resident"}, "geometry": {"type": "Polygon", "coordinates": [[[121.46771107160134, 31.20448470550526], [121.46766416086983, 31.20447369677003], [121.46767017276943, 31.204453841458633], [121.46759831158171, 31.20443529706438], [121.4675923007992, 31.204454153083027], [121.46755437531533, 31.2044433385467], [121.46752832577363, 31.20452771252098], [121.46768502185296, 31.204569079856185], [121.46771107160134, 31.20448470550526]]]}}, {"type": "Feature", "properties": {"bid": 3, "stakeholder": "resident"}, "geometry": {"type": "Polygon", "coordinates": [[[121.46751830640585, 31.204560471501622], [121.46758417841465, 31.20457788737673], [121.46759419781529, 31.204545128337372], [121.46752832577363, 31.20452771252098], [121.46751830640585, 31.204560471501622]]]}}, {"type": "Feature", "properties": {"bid": 4, "stakeholder": "resident"}, "geometry": {"type": "Polygon", "coordinates": [[[121.46687773029034, 31.204238795877306], [121.46675196011972, 31.204223073504572], [121.46674589037285, 31.204295888791368], [121.46687066112622, 31.204312588774073], [121.46687773029034, 31.204238795877306]]]}}, {"type": "Feature", "properties": {"bid": 5, "stakeholder": "resident"}, "geometry": {"type": "Polygon", "coordinates": [[[121.46717613730355, 31.204322218167366], [121.46718615325356, 31.204292457223634], [121.46698056886635, 31.204228038384137], [121.46696253265247, 31.204288602609036], [121.46709726029553, 31.204330499138837], [121.46710727620383, 31.20430073824588], [121.46717613730355, 31.204322218167366]]]}}, {"type": "Feature", "properties": {"bid": 6, "stakeholder": "resident"}, "geometry": {"type": "Polygon", "coordinates": [[[121.46709726029553, 31.204330499138837], [121.46716612026854, 31.204352978358774], [121.46717613730355, 31.204322218167366], [121.46710727620383, 31.20430073824588], [121.46709726029553, 31.204330499138837]]]}}, {"type": "Feature", "properties": {"bid": 7, "stakeholder": "resident"}, "geometry": {"type": "Polygon", "coordinates": [[[121.4667377649389, 31.204422620349423], [121.46666590820655, 31.204403072241234], [121.46662885243677, 31.204511188226885], [121.46670370391656, 31.204530801513563], [121.4667377649389, 31.204422620349423]]]}}, {"type": "Feature", "properties": {"bid": 8, "stakeholder": "resident"}, "geometry": {"type": "Polygon", "coordinates": [[[121.46708615845728, 31.204440178556027], [121.46712109029238, 31.20444893093282], [121.46714512079348, 31.204384499491137], [121.46693852862562, 31.204329051717995], [121.46692150612023, 31.204375648060925], [121.4668925643788, 31.20436702535965], [121.46680041186276, 31.204647819166333], [121.46699103439107, 31.20469892479241], [121.46708615845728, 31.204440178556027]]]}}, {"type": "Feature", "properties": {"bid": 9, "stakeholder": "resident"}, "geometry": {"type": "Polygon", "coordinates": [[[121.46752434670691, 31.204514635691623], [121.4672858023099, 31.204460498969638], [121.46726676650758, 31.204522041178684], [121.46730269807256, 31.204529815528932], [121.46750530958958, 31.20457717751737], [121.46752434670691, 31.204514635691623]]]}}, {"type": "Feature", "properties": {"bid": 10, "stakeholder": "resident"}, "geometry": {"type": "Polygon", "coordinates": [[[121.46678850897808, 31.204577611242414], [121.46671266220993, 31.20455497877515], [121.46667261710081, 31.204658033539708], [121.46674946312827, 31.204679688577457], [121.46678850897808, 31.204577611242414]]]}}, {"type": "Feature", "properties": {"bid": 11, "stakeholder": "resident"}, "geometry": {"type": "Polygon", "coordinates": [[[121.4674632345617, 31.204709169318846], [121.46750530958958, 31.20457717751737], [121.46730269807256, 31.204529815528932], [121.46726162286016, 31.204660829056028], [121.4674632345617, 31.204709169318846]]]}}, {"type": "Feature", "properties": {"bid": 12, "stakeholder": "resident"}, "geometry": {"type": "Polygon", "coordinates": [[[121.46603474143683, 31.20462718069996], [121.46601770874749, 31.204683769156368], [121.46604265643134, 31.204692305794254], [121.46605969022642, 31.204634718080804], [121.46603474143683, 31.20462718069996]]]}}, {"type": "Feature", "properties": {"bid": 13, "stakeholder": "state"}, "geometry": {"type": "Polygon", "coordinates": [[[121.46550633036111, 31.2040131286015], [121.4654284918495, 31.203989452507187], [121.4654164767784, 31.204022167429347], [121.46549431526707, 31.204045843502918], [121.46550633036111, 31.2040131286015]]]}}, {"type": "Feature", "properties": {"bid": 14, "stakeholder": "state"}, "geometry": {"type": "Polygon", "coordinates": [[[121.46626664131941, 31.204355422835526], [121.46631267666375, 31.204251499598403], [121.46630574251287, 31.204202384342004], [121.46623894422464, 31.20412298869695], [121.46545852133782, 31.20391515961376], [121.4654284918495, 31.203989452507187], [121.46550633036111, 31.2040131286015], [121.46549431526707, 31.204045843502918], [121.4654164767784, 31.204022167429347], [121.46538244235954, 31.20410736535501], [121.46626664131941, 31.204355422835526]]]}}, {"type": "Feature", "properties": {"bid": 15, "stakeholder": "state"}, "geometry": {"type": "Polygon", "coordinates": [[[121.46472224286573, 31.204430779436503], [121.4647541761103, 31.204440466087984], [121.46479023693462, 31.204327331420647], [121.4647583036741, 31.204317644700943], [121.46472224286573, 31.204430779436503]]]}}, {"type": "Feature", "properties": {"bid": 16, "stakeholder": "resident"}, "geometry": {"type": "Polygon", "coordinates": [[[121.4654269631127, 31.204473068845118], [121.46539191757644, 31.20457023619645], [121.4654408180977, 31.20458329044532], [121.46547686081942, 31.204487144087242], [121.4654269631127, 31.204473068845118]]]}}, {"type": "Feature", "properties": {"bid": 17, "stakeholder": "resident"}, "geometry": {"type": "Polygon", "coordinates": [[[121.46547686081942, 31.204487144087242], [121.4654408180977, 31.20458329044532], [121.4654667646488, 31.204590849395224], [121.46544974319558, 31.204637445404384], [121.46556051724748, 31.204667833232467], [121.46559456245849, 31.20457264279242], [121.46555165117024, 31.204559718582633], [121.46557367704429, 31.204501240095517], [121.46551479831454, 31.204483971681945], [121.46553482442937, 31.204428447546263], [121.46540009937247, 31.204391543530964], [121.46537907618016, 31.204446046777324], [121.46533815944666, 31.2044351646901], [121.46531413394247, 31.20449659766524], [121.46524627263341, 31.204478135168124], [121.46521123055538, 31.20457230496293], [121.46533697302527, 31.20460701449042], [121.46535399443438, 31.204560418432607], [121.46539191757644, 31.20457023619645], [121.4654269631127, 31.204473068845118], [121.46547686081942, 31.204487144087242]]]}}, {"type": "Feature", "properties": {"bid": 18, "stakeholder": "state"}, "geometry": {"type": "Polygon", "coordinates": [[[121.4649694557729, 31.2047529179078], [121.46508263059887, 31.204412624373447], [121.46479023693462, 31.204327331420647], [121.4647541761103, 31.204440466087984], [121.46468005728286, 31.204667691692737], [121.4649694557729, 31.2047529179078]]]}}, {"type": "Feature", "properties": {"bid": 19, "stakeholder": "state"}, "geometry": {"type": "Polygon", "coordinates": [[[121.4647541761103, 31.204440466087984], [121.46472224286573, 31.204430779436503], [121.46463510350078, 31.204697693719524], [121.46495843269122, 31.204791650309396], [121.4649694557729, 31.2047529179078], [121.46468005728286, 31.204667691692737], [121.4647541761103, 31.204440466087984]]]}}, {"type": "Feature", "properties": {"bid": 20, "stakeholder": "resident"}, "geometry": {"type": "Polygon", "coordinates": [[[121.46501175164667, 31.204823955067244], [121.46500342334798, 31.204899243581917], [121.46525525015075, 31.2049198239456], [121.46526357823696, 31.204844535458175], [121.46501175164667, 31.204823955067244]]]}}, {"type": "Feature", "properties": {"bid": 21, "stakeholder": "resident"}, "geometry": {"type": "Polygon", "coordinates": [[[121.4657536202817, 31.205181663154], [121.4656749375089, 31.205016070816672], [121.46576082270245, 31.204984961952054], [121.46583353465995, 31.20513343677237], [121.4659324040997, 31.205096614616764], [121.46591248589904, 31.205053212579916], [121.46594344484025, 31.20504189437685], [121.46586871113037, 31.204916359002596], [121.46579287466727, 31.204886730341794], [121.46574196073482, 31.204888621187138], [121.46562312477899, 31.204927007899304], [121.46563607140264, 31.204955269147373], [121.46558614178592, 31.2049701720947], [121.46561303218948, 31.205027715544524], [121.46569270327656, 31.20520232282552], [121.4657536202817, 31.205181663154]]]}}, {"type": "Feature", "properties": {"bid": 22, "stakeholder": "resident"}, "geometry": {"type": "Polygon", "coordinates": [[[121.46576082270245, 31.204984961952054], [121.4656749375089, 31.205016070816672], [121.4657536202817, 31.205181663154], [121.46584150105652, 31.205151596993293], [121.46576082270245, 31.204984961952054]]]}}, {"type": "Feature", "properties": {"bid": 23, "stakeholder": "resident"}, "geometry": {"type": "Polygon", "coordinates": [[[121.46783679876262, 31.204545385417013], [121.46781375482362, 31.204619832398755], [121.46783970514196, 31.204626389721625], [121.4678637474567, 31.204551964281965], [121.46783679876262, 31.204545385417013]]]}}, {"type": "Feature", "properties": {"bid": 24, "stakeholder": "resident"}, "geometry": {"type": "Polygon", "coordinates": [[[121.46807722043866, 31.204715466343607], [121.46811929916898, 31.20458147347614], [121.46787176486282, 31.204524158033962], [121.46783970514196, 31.204626389721625], [121.4678306850543, 31.204658171356023], [121.46807722043866, 31.204715466343607]]]}}, {"type": "Feature", "properties": {"bid": 25, "stakeholder": "resident"}, "geometry": {"type": "Polygon", "coordinates": [[[121.46838280802784, 31.204642124230247], [121.46811929916898, 31.20458147347614], [121.46807722043866, 31.204715466343607], [121.46833973027206, 31.204776096925396], [121.46838280802784, 31.204642124230247]]]}}, {"type": "Feature", "properties": {"bid": 26, "stakeholder": "resident"}, "geometry": {"type": "Polygon", "coordinates": [[[121.4674732276177, 31.20470039244754], [121.46750516519558, 31.20470907892292], [121.46752019035932, 31.204663437832323], [121.4674882527579, 31.204654751398035], [121.4674732276177, 31.20470039244754]]]}}, {"type": "Feature", "properties": {"bid": 27, "stakeholder": "resident"}, "geometry": {"type": "Polygon", "coordinates": [[[121.4674732276177, 31.20470039244754], [121.46745920629246, 31.204741058858932], [121.46751609428317, 31.204757281092096], [121.46750407505328, 31.204792994568376], [121.46762384148326, 31.204825568088783], [121.46766590693039, 31.204702568934465], [121.46752019035932, 31.204663437832323], [121.46750516519558, 31.20470907892292], [121.4674732276177, 31.20470039244754]]]}}, {"type": "Feature", "properties": {"bid": 28, "stakeholder": "resident"}, "geometry": {"type": "Polygon", "coordinates": [[[121.46803027040663, 31.204739433250495], [121.46789752487496, 31.204704585218618], [121.4678805016157, 31.20475118289812], [121.4680122486699, 31.20478600958989], [121.46803027040663, 31.204739433250495]]]}}, {"type": "Feature", "properties": {"bid": 29, "stakeholder": "resident"}, "geometry": {"type": "Polygon", "coordinates": [[[121.46771823327113, 31.20471425986465], [121.46771489649788, 31.20480875082694], [121.4678028423186, 31.204811045254658], [121.46780617900093, 31.204716554309528], [121.46771823327113, 31.20471425986465]]]}}, {"type": "Feature", "properties": {"bid": 30, "stakeholder": "resident"}, "geometry": {"type": "Polygon", "coordinates": [[[121.46849551446826, 31.204745482359453], [121.46865222324313, 31.204783834464195], [121.46870225895772, 31.20467898875484], [121.46849464516254, 31.204627548962154], [121.46841050456726, 31.204878551182613], [121.46852329328908, 31.20490696491583], [121.46853231371404, 31.204875182512467], [121.46845945028872, 31.204856623636935], [121.46849551446826, 31.204745482359453]]]}}, {"type": "Feature", "properties": {"bid": 31, "stakeholder": "resident"}, "geometry": {"type": "Polygon", "coordinates": [[[121.46849551446826, 31.204745482359453], [121.46845945028872, 31.204856623636935], [121.46853231371404, 31.204875182512467], [121.46857037483257, 31.204764083905165], [121.46849551446826, 31.204745482359453]]]}}, {"type": "Feature", "properties": {"bid": 32, "stakeholder": "resident"}, "geometry": {"type": "Polygon", "coordinates": [[[121.46805813361595, 31.20482297565263], [121.4679683070018, 31.20479804989906], [121.4679582939998, 31.204824813808553], [121.4680491189191, 31.20484976124755], [121.46805813361595, 31.20482297565263]]]}}, {"type": "Feature", "properties": {"bid": 33, "stakeholder": "resident"}, "geometry": {"type": "Polygon", "coordinates": [[[121.46605969022642, 31.204634718080804], [121.46604265643134, 31.204692305794254], [121.4660556305039, 31.204695585710677], [121.46604661667347, 31.204722370212203], [121.46611148164699, 31.204743766046654], [121.46612851436977, 31.204687177567678], [121.46609757814372, 31.20467751147129], [121.46610859726788, 31.20464277635148], [121.46607965649129, 31.204634152911353], [121.46608967517251, 31.204601394599766], [121.46602181549973, 31.204579933647775], [121.46601179793197, 31.20461169269971], [121.46599084111529, 31.20460524138434], [121.46597982093544, 31.204640975744898], [121.46594589120743, 31.20463024525173], [121.46592885966696, 31.20468583445006], [121.46599073178243, 31.204705166704795], [121.46599874734204, 31.204678360502722], [121.46601770874749, 31.204683769156368], [121.46603474143683, 31.20462718069996], [121.46605969022642, 31.204634718080804]]]}}, {"type": "Feature", "properties": {"bid": 34, "stakeholder": "resident"}, "geometry": {"type": "Polygon", "coordinates": [[[121.46655261149465, 31.20484928568464], [121.46660366791593, 31.204718490568204], [121.46656973080383, 31.204713755998856], [121.46646884918073, 31.204762526718245], [121.46647676545977, 31.20482665251877], [121.46655261149465, 31.20484928568464]]]}}, {"type": "Feature", "properties": {"bid": 35, "stakeholder": "resident"}, "geometry": {"type": "Polygon", "coordinates": [[[121.46706884160221, 31.20475557412577], [121.46702692283885, 31.20474567067442], [121.46697485732638, 31.204885438409], [121.46700679519508, 31.204893126755685], [121.46706884160221, 31.20475557412577]]]}}, {"type": "Feature", "properties": {"bid": 36, "stakeholder": "resident"}, "geometry": {"type": "Polygon", "coordinates": [[[121.4673861290861, 31.204922342222915], [121.46736317435627, 31.20491584879028], [121.46740420910464, 31.204821807236492], [121.46742816110704, 31.20482932149151], [121.46744717835291, 31.204784766304613], [121.46724159323558, 31.204718352594675], [121.46722157895762, 31.204761886566466], [121.46724553072897, 31.204769401148326], [121.46720349360635, 31.204867417563033], [121.4671785446666, 31.20485888199404], [121.46715652297372, 31.204912365108832], [121.46736110896165, 31.204978758490306], [121.4673861290861, 31.204922342222915]]]}}, {"type": "Feature", "properties": {"bid": 37, "stakeholder": "resident"}, "geometry": {"type": "Polygon", "coordinates": [[[121.46695491761318, 31.204861022808128], [121.46660161889953, 31.204766411347407], [121.4665705772203, 31.204852673932407], [121.46692387440646, 31.204948285162054], [121.46695491761318, 31.204861022808128]]]}}, {"type": "Feature", "properties": {"bid": 38, "stakeholder": "resident"}, "geometry": {"type": "Polygon", "coordinates": [[[121.46718557322731, 31.20482206124432], [121.46715064344448, 31.204811310499508], [121.46711259322035, 31.20491540885081], [121.46714752294486, 31.204926159685503], [121.46718557322731, 31.20482206124432]]]}}, {"type": "Feature", "properties": {"bid": 39, "stakeholder": "state"}, "geometry": {"type": "Polygon", "coordinates": [[[121.46654226445673, 31.205182819649565], [121.46662013237153, 31.205182513193336], [121.46662510199145, 31.205202606745615], [121.46665006228591, 31.2052001512543], [121.46665311704271, 31.205145257318012], [121.46667908327946, 31.205135828707057], [121.46668805257343, 31.205150013473258], [121.46674797689197, 31.205126333368472], [121.46676995990094, 31.205107824622136], [121.46678099665714, 31.20505710118442], [121.46656538613388, 31.205035428945614], [121.46639064995907, 31.205066605992158], [121.46637768334394, 31.205056331362137], [121.46635671313608, 31.205061871201508], [121.46635664992073, 31.205119827959667], [121.46641951155539, 31.20514817486066], [121.46650436263941, 31.205152017600824], [121.46650431035664, 31.20519998182647], [121.46653424992631, 31.205208626717486], [121.46654226445673, 31.205182819649565]]]}}, {"type": "Feature", "properties": {"bid": 40, "stakeholder": "developer"}, "geometry": {"type": "Polygon", "coordinates": [[[121.46715826435731, 31.20514623392063], [121.46705147211787, 31.205119933425127], [121.46702643617935, 31.205191337975343], [121.46713422551704, 31.205218659563165], [121.46715826435731, 31.20514623392063]]]}}, {"type": "Feature", "properties": {"bid": 41, "stakeholder": "state"}, "geometry": {"type": "Polygon", "coordinates": [[[121.4664742369373, 31.205314245265868], [121.46650436263941, 31.205152017600824], [121.46641951155539, 31.20514817486066], [121.4663714725881, 31.20525904986226], [121.46644135049792, 31.20526156800315], [121.4664742369373, 31.205314245265868]]]}}, {"type": "Feature", "properties": {"bid": 42, "stakeholder": "state"}, "geometry": {"type": "Polygon", "coordinates": [[[121.46636836463212, 31.20536290729904], [121.46643724534817, 31.20536440449269], [121.4664742369373, 31.205314245265868], [121.46644135049792, 31.20526156800315], [121.4663714725881, 31.20525904986226], [121.4663354783089, 31.205310229936686], [121.46636836463212, 31.20536290729904]]]}}, {"type": "Feature", "properties": {"bid": 43, "stakeholder": "resident"}, "geometry": {"type": "Polygon", "coordinates": [[[121.46816401429032, 31.20477530013096], [121.46809514713323, 31.20475582491184], [121.46804908833258, 31.20487774034979], [121.46811795640168, 31.204896216689182], [121.46816401429032, 31.20477530013096]]]}}, {"type": "Feature", "properties": {"bid": 44, "stakeholder": "resident"}, "geometry": {"type": "Polygon", "coordinates": [[[121.46790625321637, 31.204939604202817], [121.46796733597581, 31.204773046970093], [121.4678805016157, 31.20475118289812], [121.46782041857864, 31.204916761920796], [121.46790625321637, 31.204939604202817]]]}}, {"type": "Feature", "properties": {"bid": 45, "stakeholder": "resident"}, "geometry": {"type": "Polygon", "coordinates": [[[121.4674191609414, 31.204843116242614], [121.46738210416244, 31.204951233996503], [121.46743499975379, 31.204966370767803], [121.4674470167048, 31.20493265584963], [121.46747305494728, 31.20485827449312], [121.4674191609414, 31.204843116242614]]]}}, {"type": "Feature", "properties": {"bid": 46, "stakeholder": "resident"}, "geometry": {"type": "Polygon", "coordinates": [[[121.46738210416244, 31.204951233996503], [121.46737409034529, 31.204976042162514], [121.4674599206627, 31.205000886466905], [121.4674809508957, 31.204941385678577], [121.4674470167048, 31.20493265584963], [121.46743499975379, 31.204966370767803], [121.46738210416244, 31.204951233996503]]]}}, {"type": "Feature", "properties": {"bid": 47, "stakeholder": "resident"}, "geometry": {"type": "Polygon", "coordinates": [[[121.46799915537099, 31.2048906505608], [121.46794126635314, 31.204875408628467], [121.46786916822852, 31.205072704992403], [121.46792705701877, 31.20508794737895], [121.46799915537099, 31.2048906505608]]]}}, {"type": "Feature", "properties": {"bid": 48, "stakeholder": "resident"}, "geometry": {"type": "Polygon", "coordinates": [[[121.4686262409706, 31.204805258826585], [121.46856934692711, 31.20479104222818], [121.46843613289231, 31.20518088591478], [121.46849402375972, 31.205196124358675], [121.4686262409706, 31.204805258826585]]]}}, {"type": "Feature", "properties": {"bid": 49, "stakeholder": "resident"}, "geometry": {"type": "Polygon", "coordinates": [[[121.46789924623579, 31.20495644031951], [121.46781241328962, 31.20493357636502], [121.46775233074356, 31.205099155067444], [121.46783716563823, 31.205122975600887], [121.46789924623579, 31.20495644031951]]]}}, {"type": "Feature", "properties": {"bid": 50, "stakeholder": "resident"}, "geometry": {"type": "Polygon", "coordinates": [[[121.46769256478069, 31.20497494971619], [121.46762868789686, 31.204958576975173], [121.46758362781192, 31.205081511189068], [121.46764750236878, 31.205099882707085], [121.46769256478069, 31.20497494971619]]]}}, {"type": "Feature", "properties": {"bid": 51, "stakeholder": "resident"}, "geometry": {"type": "Polygon", "coordinates": [[[121.46810793896078, 31.204926977789686], [121.46806502051915, 31.20491605732213], [121.46798491003348, 31.205136164803886], [121.46802882554606, 31.205148106506446], [121.46810793896078, 31.204926977789686]]]}}, {"type": "Feature", "properties": {"bid": 52, "stakeholder": "resident"}, "geometry": {"type": "Polygon", "coordinates": [[[121.4675857062731, 31.205006610384252], [121.46753779423375, 31.204998577230185], [121.46752273864195, 31.205072197507544], [121.46757064955523, 31.205081229979893], [121.4675857062731, 31.205006610384252]]]}}, {"type": "Feature", "properties": {"bid": 53, "stakeholder": "unknown"}, "geometry": {"type": "Polygon", "coordinates": [[[121.45925141209297, 31.205536174651495], [121.45903455475776, 31.20550447027854], [121.45900689033574, 31.205644267055636], [121.45922374801657, 31.205675971407775], [121.45925141209297, 31.205536174651495]]]}}, {"type": "Feature", "properties": {"bid": 54, "stakeholder": "unknown"}, "geometry": {"type": "Polygon", "coordinates": [[[121.45808733699164, 31.205036580349994], [121.45823737430246, 31.205066338483643], [121.4582575409008, 31.204991218458545], [121.45810776858633, 31.2049604737081], [121.45808733699164, 31.205036580349994]]]}}, {"type": "Feature", "properties": {"bid": 55, "stakeholder": "resident"}, "geometry": {"type": "Polygon", "coordinates": [[[121.45859818238482, 31.205503096809117], [121.45864206654807, 31.205500421139686], [121.45863661890014, 31.20543441145507], [121.45859273476684, 31.205437087115808], [121.45859818238482, 31.205503096809117]]]}}, {"type": "Feature", "properties": {"bid": 56, "stakeholder": "resident"}, "geometry": {"type": "Polygon", "coordinates": [[[121.45828102437903, 31.20541044956615], [121.45828369200886, 31.20553332573013], [121.45841565246162, 31.205531209106184], [121.45841298465862, 31.205408332983104], [121.45828102437903, 31.20541044956615]]]}}, {"type": "Feature", "properties": {"bid": 57, "stakeholder": "resident"}, "geometry": {"type": "Polygon", "coordinates": [[[121.4579927310507, 31.205472969983532], [121.45805364058754, 31.205466200184382], [121.45805267147057, 31.2054392001827], [121.45793884460932, 31.20544790534074], [121.45787391399779, 31.20547957939754], [121.45781494421955, 31.205538355035404], [121.45780591759, 31.205576146954506], [121.45783485353026, 31.20559271465031], [121.45788584587318, 31.20552478606595], [121.4579927310507, 31.205472969983532]]]}}, {"type": "Feature", "properties": {"bid": 58, "stakeholder": "resident"}, "geometry": {"type": "Polygon", "coordinates": [[[121.45794360918877, 31.20565784941669], [121.45794465083236, 31.205617899176104], [121.45801060544797, 31.205562264909986], [121.45807050787518, 31.20556346952026], [121.45807354521298, 31.205524558781626], [121.45806056637548, 31.205524297642448], [121.45806158532355, 31.205505331854226], [121.45797272125868, 31.205511539921876], [121.45790877403977, 31.205557222687897], [121.45788570628461, 31.205653690190506], [121.45793454917704, 31.20572661784269], [121.45797451136697, 31.205702438076404], [121.45794360918877, 31.20565784941669]]]}}, {"type": "Feature", "properties": {"bid": 59, "stakeholder": "resident"}, "geometry": {"type": "Polygon", "coordinates": [[[121.45834590254687, 31.205710923878136], [121.45845171377778, 31.205726057540446], [121.45845372776922, 31.20571010990739], [121.45854855547793, 31.2057260241798], [121.45855357421692, 31.205701144145053], [121.4585715411323, 31.20570450701592], [121.45859461871487, 31.205598053218857], [121.45836403735393, 31.205559400479327], [121.45833896920387, 31.20565982038164], [121.45835593799097, 31.205663161550383], [121.45834590254687, 31.205710923878136]]]}}, {"type": "Feature", "properties": {"bid": 60, "stakeholder": "unknown"}, "geometry": {"type": "Polygon", "coordinates": [[[121.4647874834383, 31.20358426186044], [121.46488328320592, 31.20360566852975], [121.46490815252308, 31.203523440150917], [121.4648437503389, 31.20350589438158], [121.46481368319147, 31.203497634819907], [121.4647874834383, 31.20358426186044]]]}}, {"type": "Feature", "properties": {"bid": 61, "stakeholder": "state"}, "geometry": {"type": "Polygon", "coordinates": [[[121.46486750144904, 31.203963274057745], [121.46475672830309, 31.203933888624075], [121.46473870543038, 31.203983461165542], [121.46482552885404, 31.20400533154787], [121.46484947854321, 31.204012846484435], [121.46486750144904, 31.203963274057745]]]}}, {"type": "Feature", "properties": {"bid": 62, "stakeholder": "state"}, "geometry": {"type": "Polygon", "coordinates": [[[121.46376574389444, 31.203691575550526], [121.46394152333085, 31.203609440135043], [121.46405828106003, 31.203641945716015], [121.46408831865108, 31.203559656340023], [121.46388973292734, 31.20350239643387], [121.46388671300703, 31.20352531441142], [121.46371593454512, 31.20359856550675], [121.46368399736104, 31.20359287887032], [121.46361891714251, 31.203770342832282], [121.46373368587047, 31.203795806349106], [121.46376574389444, 31.203691575550526]]]}}, {"type": "Feature", "properties": {"bid": 63, "stakeholder": "state"}, "geometry": {"type": "Polygon", "coordinates": [[[121.46407717455988, 31.203708306947018], [121.46409720033489, 31.203652781213844], [121.4640103789992, 31.203629916637684], [121.46399135144827, 31.20368546414755], [121.46407717455988, 31.203708306947018]]]}}, {"type": "Feature", "properties": {"bid": 64, "stakeholder": "state"}, "geometry": {"type": "Polygon", "coordinates": [[[121.46361014972162, 31.203573296313774], [121.46354906234443, 31.203750847078826], [121.46361891714251, 31.203770342832282], [121.46368399736104, 31.20359287887032], [121.46361014972162, 31.203573296313774]]]}}, {"type": "Feature", "properties": {"bid": 65, "stakeholder": "state"}, "geometry": {"type": "Polygon", "coordinates": [[[121.46396534852478, 31.203729868709708], [121.46399441201731, 31.203625573912742], [121.46394152333085, 31.203609440135043], [121.46376574389444, 31.203691575550526], [121.4637527166416, 31.203737260541228], [121.4638744674445, 31.203767873242217], [121.46396534852478, 31.203729868709708]]]}}, {"type": "Feature", "properties": {"bid": 66, "stakeholder": "state"}, "geometry": {"type": "Polygon", "coordinates": [[[121.46393424695555, 31.203872091966556], [121.46403211773907, 31.203832240762946], [121.46407717455988, 31.203708306947018], [121.46399135144827, 31.20368546414755], [121.4640103789992, 31.203629916637684], [121.46399441201731, 31.203625573912742], [121.46396534852478, 31.203729868709708], [121.4638744674445, 31.203767873242217], [121.4637527166416, 31.203737260541228], [121.46373368587047, 31.203795806349106], [121.46372767685125, 31.20381366340302], [121.46393424695555, 31.203872091966556]]]}}, {"type": "Feature", "properties": {"bid": 67, "stakeholder": "state"}, "geometry": {"type": "Polygon", "coordinates": [[[121.46416587706676, 31.203836136711406], [121.46420892544552, 31.203723151975], [121.46413907031139, 31.203703651759334], [121.46409702017058, 31.20381665838971], [121.46416587706676, 31.203836136711406]]]}}, {"type": "Feature", "properties": {"bid": 68, "stakeholder": "state"}, "geometry": {"type": "Polygon", "coordinates": [[[121.46482552885404, 31.20400533154787], [121.46473870543038, 31.203983461165542], [121.46475672830309, 31.203933888624075], [121.46484255352868, 31.203955737423144], [121.46486358649179, 31.203892240502515], [121.46472386602967, 31.203861227475393], [121.46472887141304, 31.20384834554483], [121.46418599071137, 31.20370067104517], [121.4641799849518, 31.203715530059814], [121.46420892544552, 31.203723151975], [121.46416587706676, 31.203836136711406], [121.46409702017058, 31.20381665838971], [121.46413907031139, 31.203703651759334], [121.46408418401836, 31.203688473234767], [121.46403211773907, 31.203832240762946], [121.46393424695555, 31.203872091966556], [121.46479248107904, 31.204101543780897], [121.46482552885404, 31.20400533154787]]]}}, {"type": "Feature", "properties": {"bid": 69, "stakeholder": "state"}, "geometry": {"type": "Polygon", "coordinates": [[[121.46389486495923, 31.204282941390552], [121.46383199526758, 31.204265592992094], [121.46384100982789, 31.204237808238922], [121.46351367960062, 31.204155788838015], [121.46348163614847, 31.204247030449828], [121.46387383355875, 31.204345440792785], [121.46389486495923, 31.204282941390552]]]}}, {"type": "Feature", "properties": {"bid": 70, "stakeholder": "state"}, "geometry": {"type": "Polygon", "coordinates": [[[121.46396469368709, 31.204326422001827], [121.46391180277021, 31.20431228686482], [121.46384972221472, 31.20448581719483], [121.46390161600142, 31.20449893113783], [121.46396469368709, 31.204326422001827]]]}}, {"type": "Feature", "properties": {"bid": 71, "stakeholder": "state"}, "geometry": {"type": "Polygon", "coordinates": [[[121.46381582794662, 31.204444113778997], [121.46373898772879, 31.20442246679579], [121.46370294609962, 31.204518617550722], [121.46377978740463, 31.204539264969405], [121.46381582794662, 31.204444113778997]]]}}, {"type": "Feature", "properties": {"bid": 72, "stakeholder": "state"}, "geometry": {"type": "Polygon", "coordinates": [[[121.46390161600142, 31.20449893113783], [121.46384972221472, 31.20448581719483], [121.46380366571337, 31.20461172923831], [121.46385555839846, 31.20462584217723], [121.46390161600142, 31.20449893113783]]]}}, {"type": "Feature", "properties": {"bid": 73, "stakeholder": "state"}, "geometry": {"type": "Polygon", "coordinates": [[[121.4634593243036, 31.204567316553604], [121.46343829964746, 31.204623821575915], [121.46348320587266, 31.204636782137985], [121.46350522982766, 31.204579299533528], [121.4634593243036, 31.204567316553604]]]}}, {"type": "Feature", "properties": {"bid": 74, "stakeholder": "state"}, "geometry": {"type": "Polygon", "coordinates": [[[121.46356498134493, 31.2047094964833], [121.46359301200653, 31.204636155409442], [121.46365188989783, 31.204652416562045], [121.46367892021145, 31.204581052730425], [121.46352024995338, 31.20453665492442], [121.46348320587266, 31.204636782137985], [121.46346618499764, 31.204683380752392], [121.46356498134493, 31.2047094964833]]]}}, {"type": "Feature", "properties": {"bid": 75, "stakeholder": "state"}, "geometry": {"type": "Polygon", "coordinates": [[[121.46362385705208, 31.20472775594441], [121.46370169655711, 31.204748424235675], [121.46377978740463, 31.204539264969405], [121.46363808005005, 31.20450122738408], [121.46361405416359, 31.204563662747436], [121.46367892021145, 31.204581052730425], [121.46362385705208, 31.20472775594441]]]}}, {"type": "Feature", "properties": {"bid": 76, "stakeholder": "state"}, "geometry": {"type": "Polygon", "coordinates": [[[121.4635060226658, 31.204767180728766], [121.46339524783967, 31.204740807299636], [121.46347938358906, 31.204480812462062], [121.46333068678734, 31.204444628024582], [121.463228523221, 31.20475919621578], [121.46348799490022, 31.20482175179251], [121.4635060226658, 31.204767180728766]]]}}, {"type": "Feature", "properties": {"bid": 77, "stakeholder": "state"}, "geometry": {"type": "Polygon", "coordinates": [[[121.46365188989783, 31.204652416562045], [121.46359301200653, 31.204636155409442], [121.46356498134493, 31.2047094964833], [121.46362385705208, 31.20472775594441], [121.46365188989783, 31.204652416562045]]]}}, {"type": "Feature", "properties": {"bid": 78, "stakeholder": "state"}, "geometry": {"type": "Polygon", "coordinates": [[[121.46377446101646, 31.204845927865733], [121.46385555839846, 31.20462584217723], [121.46380366571337, 31.20461172923831], [121.46372156904069, 31.204832793069734], [121.46377446101646, 31.204845927865733]]]}}, {"type": "Feature", "properties": {"bid": 79, "stakeholder": "state"}, "geometry": {"type": "Polygon", "coordinates": [[[121.46368662955784, 31.204834036449544], [121.46356787770846, 31.20479949398748], [121.46353183748965, 31.204894646335166], [121.46364959331413, 31.204927168206037], [121.46368662955784, 31.204834036449544]]]}}, {"type": "Feature", "properties": {"bid": 80, "stakeholder": "state"}, "geometry": {"type": "Polygon", "coordinates": [[[121.463619558775, 31.205007460798008], [121.46364959331413, 31.204927168206037], [121.46353183748965, 31.204894646335166], [121.46349980871162, 31.204972897749258], [121.463619558775, 31.205007460798008]]]}}, {"type": "Feature", "properties": {"bid": 81, "stakeholder": "state"}, "geometry": {"type": "Polygon", "coordinates": [[[121.46329834423966, 31.204809665927026], [121.46320523298301, 31.205062474705752], [121.46322315933162, 31.205100833586297], [121.46335389071498, 31.20513462983632], [121.46345801376026, 31.20485308152046], [121.46329834423966, 31.204809665927026]]]}}, {"type": "Feature", "properties": {"bid": 82, "stakeholder": "developer"}, "geometry": {"type": "Polygon", "coordinates": [[[121.46300273775226, 31.205847544837123], [121.46294186548687, 31.205829247474075], [121.46291383676261, 31.205901592147942], [121.46297470796628, 31.20592088850623], [121.46300273775226, 31.205847544837123]]]}}, {"type": "Feature", "properties": {"bid": 83, "stakeholder": "developer"}, "geometry": {"type": "Polygon", "coordinates": [[[121.4630815409879, 31.2059002043569], [121.46303563534889, 31.20588822405358], [121.46301062938348, 31.205934652078042], [121.46305553574304, 31.205947609978402], [121.4630815409879, 31.2059002043569]]]}}, {"type": "Feature", "properties": {"bid": 84, "stakeholder": "resident"}, "geometry": {"type": "Polygon", "coordinates": [[[121.4656128230298, 31.205219572429023], [121.46566171195502, 31.205243618728893], [121.46569565011988, 31.20524635515244], [121.46586441726754, 31.205192066391415], [121.46584150105652, 31.205151596993293], [121.46569270327656, 31.20520232282552], [121.46561303218948, 31.205027715544524], [121.46553214078506, 31.205056934591767], [121.4656128230298, 31.205219572429023]]]}}, {"type": "Feature", "properties": {"bid": 85, "stakeholder": "resident"}, "geometry": {"type": "Polygon", "coordinates": [[[121.4647214295428, 31.20517522346346], [121.46480614241773, 31.20530197226299], [121.46485008817388, 31.20528094228223], [121.46480426129574, 31.20519600788208], [121.46488116480056, 31.205160704374972], [121.46487119997848, 31.205144499536974], [121.46488817741727, 31.20513787325256], [121.46487023878296, 31.205110503202135], [121.46481730569678, 31.205134335826926], [121.4648093329804, 31.20512217138981], [121.464892229135, 31.205084000210885], [121.46487429051183, 31.205056630160982], [121.4648463249822, 31.205070012815092], [121.46483735622382, 31.205055828184012], [121.46474846973172, 31.205094868864762], [121.46470162742071, 31.205025901199733], [121.4646826525068, 31.205033483597216], [121.46466471396775, 31.205006113778833], [121.46463075704912, 31.20502136533332], [121.46468457376945, 31.20510247548713], [121.46466260093905, 31.205112990681528], [121.46462373354895, 31.205054189103343], [121.46458777804524, 31.205071395948163], [121.46459973597449, 31.205090641686684], [121.46458575328393, 31.20509733325076], [121.46462561889005, 31.20515615639624], [121.4645597016031, 31.205186703095304], [121.4645706667692, 31.205200930885262], [121.46454370290259, 31.20521133798019], [121.46456662492973, 31.205245810733338], [121.4647214295428, 31.20517522346346]]]}}, {"type": "Feature", "properties": {"bid": 86, "stakeholder": "resident"}, "geometry": {"type": "Polygon", "coordinates": [[[121.46549065161014, 31.205243461427628], [121.46544443753695, 31.205279265266487], [121.46548609251279, 31.20531898781875], [121.46553230658066, 31.205283183963605], [121.46549065161014, 31.205243461427628]]]}}, {"type": "Feature", "properties": {"bid": 87, "stakeholder": "resident"}, "geometry": {"type": "Polygon", "coordinates": [[[121.4659522569849, 31.205199971942484], [121.46588340256119, 31.20517549145085], [121.46578934505577, 31.205377299249786], [121.46585819821632, 31.205402778996973], [121.4659522569849, 31.205199971942484]]]}}, {"type": "Feature", "properties": {"bid": 88, "stakeholder": "resident"}, "geometry": {"type": "Polygon", "coordinates": [[[121.46511055139445, 31.205354550514468], [121.46515645367879, 31.205370537022592], [121.46521648351234, 31.20524693156409], [121.46512966786952, 31.20521706537596], [121.46504862642018, 31.2053851821367], [121.46509053789737, 31.205399083265096], [121.46511055139445, 31.205354550514468]]]}}, {"type": "Feature", "properties": {"bid": 89, "stakeholder": "resident"}, "geometry": {"type": "Polygon", "coordinates": [[[121.46505238807254, 31.205598110371326], [121.46496855867555, 31.205576303865243], [121.46493452248068, 31.205664500547584], [121.46499639516742, 31.20568183286855], [121.46501934897445, 31.205687327860577], [121.46505238807254, 31.205598110371326]]]}}, {"type": "Feature", "properties": {"bid": 90, "stakeholder": "resident"}, "geometry": {"type": "Polygon", "coordinates": [[[121.46496855867555, 31.205576303865243], [121.46505238807254, 31.205598110371326], [121.46501934897445, 31.205687327860577], [121.46499639516742, 31.20568183286855], [121.46502631272756, 31.205709463290926], [121.4650053326177, 31.205724996045447], [121.46509809095062, 31.2057979599877], [121.46513405753787, 31.2057707615607], [121.4651141135165, 31.20575134191705], [121.4651271035025, 31.20573963278185], [121.46509120082305, 31.205707875071596], [121.46515914766108, 31.205647395973987], [121.46514019971336, 31.205629996519292], [121.46515618549972, 31.205617353215636], [121.4651292593103, 31.205592785462667], [121.46506631772287, 31.205640382731016], [121.46505335159657, 31.20563010825674], [121.46514127930071, 31.205555073994955], [121.4651033812935, 31.205522273652594], [121.46508040140054, 31.205540760717955], [121.46506743419458, 31.205531485495108], [121.4650174696236, 31.205579364809793], [121.4649865321777, 31.205571697852232], [121.46497661393869, 31.205512524929865], [121.46495564792986, 31.205515067397418], [121.46494968571358, 31.20548995591866], [121.46489477137754, 31.205499755405242], [121.46492561109868, 31.205597355261595], [121.46490464294686, 31.20560189629794], [121.46488175755303, 31.205533448307726], [121.46484481566505, 31.205539641106377], [121.464846794751, 31.205555672552244], [121.46482183373882, 31.205560126986203], [121.46485466775403, 31.205659768601148], [121.46479775927024, 31.205667526525588], [121.4647987390689, 31.205684535557854], [121.46477777206076, 31.20568807748936], [121.46478771203113, 31.205727265205546], [121.46491251709017, 31.20570499313179], [121.46490755413994, 31.205678904071412], [121.46495448157738, 31.20566993042723], [121.46493452248068, 31.205664500547584], [121.46496855867555, 31.205576303865243]]]}}, {"type": "Feature", "properties": {"bid": 91, "stakeholder": "resident"}, "geometry": {"type": "Polygon", "coordinates": [[[121.46549539688806, 31.20579860028761], [121.46558517039229, 31.20586350657629], [121.46562713664446, 31.205827445562704], [121.46557028877568, 31.205778244208595], [121.46557927945264, 31.20577244398379], [121.4656012223784, 31.205789908794202], [121.46564718490754, 31.205750936842655], [121.46558934205177, 31.20569871601163], [121.46557635406351, 31.205708426452244], [121.46556538857487, 31.205694198142336], [121.46558537076076, 31.20567864407429], [121.46559633516962, 31.2056938716437], [121.46561231681302, 31.205685225571756], [121.4656252820546, 31.205696499525626], [121.4656842413649, 31.205639823133144], [121.4656144217497, 31.205585343347988], [121.46563939845932, 31.20556690004815], [121.46560349099616, 31.20553913884447], [121.4655165571645, 31.20561719130376], [121.46549659344693, 31.205615758039237], [121.46546077186156, 31.205509055706038], [121.46541683635371, 31.205520092028614], [121.46542777680861, 31.205557303182115], [121.46534290281704, 31.20557744253807], [121.46535780259728, 31.205645717407368], [121.46538376433102, 31.205639286734478], [121.46538874033433, 31.20565338481043], [121.4654107069713, 31.20564886588033], [121.46541567213865, 31.205672956524435], [121.46539969708998, 31.205675607125617], [121.46539671213532, 31.205666548724484], [121.4653218238417, 31.205683907349055], [121.46533973464365, 31.205737258471682], [121.4653756754701, 31.20573404252275], [121.46537666178996, 31.205745056043337], [121.46529878534875, 31.20575635409311], [121.46530771423339, 31.20580751144581], [121.4654275253124, 31.2057891306751], [121.46541858666082, 31.205746966605037], [121.46546052566454, 31.205735886876255], [121.465438568752, 31.20573141246961], [121.46546262836524, 31.205638003140095], [121.46554946007247, 31.20565388066217], [121.4655244010877, 31.20574826750573], [121.46549545753862, 31.20574264190833], [121.46552637590514, 31.205768296041864], [121.46549539688806, 31.20579860028761]]]}}, {"type": "Feature", "properties": {"bid": 92, "stakeholder": "resident"}, "geometry": {"type": "Polygon", "coordinates": [[[121.46554946007247, 31.20565388066217], [121.46546262836524, 31.205638003140095], [121.465438568752, 31.20573141246961], [121.46549545753862, 31.20574264190833], [121.4655244010877, 31.20574826750573], [121.46554946007247, 31.20565388066217]]]}}, {"type": "Feature", "properties": {"bid": 93, "stakeholder": "resident"}, "geometry": {"type": "Polygon", "coordinates": [[[121.46515597096959, 31.205815206024287], [121.46519887651222, 31.205833126081185], [121.46525788051066, 31.205734480244814], [121.46521597315405, 31.20571658179069], [121.46515597096959, 31.205815206024287]]]}}, {"type": "Feature", "properties": {"bid": 94, "stakeholder": "state"}, "geometry": {"type": "Polygon", "coordinates": [[[121.4635145574788, 31.205179067465572], [121.46356862401866, 31.20503034324878], [121.46340895548678, 31.20498592604713], [121.46335389071498, 31.20513462983632], [121.4635145574788, 31.205179067465572]]]}}, {"type": "Feature", "properties": {"bid": 95, "stakeholder": "state"}, "geometry": {"type": "Polygon", "coordinates": [[[121.46333387324661, 31.20518316273706], [121.4633428843149, 31.205158375122092], [121.46322312885002, 31.205128812719575], [121.46321712219299, 31.205144671723808], [121.46333387324661, 31.20518316273706]]]}}, {"type": "Feature", "properties": {"bid": 96, "stakeholder": "state"}, "geometry": {"type": "Polygon", "coordinates": [[[121.4636473593955, 31.205144962546857], [121.46359933551584, 31.205244852157204], [121.46382285269557, 31.20532462929146], [121.4638698783681, 31.205224719304343], [121.4636473593955, 31.205144962546857]]]}}, {"type": "Feature", "properties": {"bid": 97, "stakeholder": "state"}, "geometry": {"type": "Polygon", "coordinates": [[[121.46390181020502, 31.205235402913335], [121.4638698783681, 31.205224719304343], [121.46384386618797, 31.205278117678926], [121.46387579693567, 31.205289800454914], [121.46390181020502, 31.205235402913335]]]}}, {"type": "Feature", "properties": {"bid": 98, "stakeholder": "state"}, "geometry": {"type": "Polygon", "coordinates": [[[121.46399959893415, 31.205270495370645], [121.46390181020502, 31.205235402913335], [121.46387579693567, 31.205289800454914], [121.46384386618797, 31.205278117678926], [121.46382285269557, 31.20532462929146], [121.46394957752977, 31.20537133917134], [121.46399959893415, 31.205270495370645]]]}}, {"type": "Feature", "properties": {"bid": 99, "stakeholder": "developer"}, "geometry": {"type": "Polygon", "coordinates": [[[121.46323191149791, 31.20531386853185], [121.46315806482721, 31.20529329104584], [121.46301690095424, 31.205673974862414], [121.46309074770659, 31.20569455083283], [121.46323191149791, 31.20531386853185]]]}}, {"type": "Feature", "properties": {"bid": 100, "stakeholder": "developer"}, "geometry": {"type": "Polygon", "coordinates": [[[121.46423378574137, 31.205637306412996], [121.46392447893983, 31.205502700904386], [121.46388047417145, 31.205578693339312], [121.46418978309327, 31.205711299026635], [121.46423378574137, 31.205637306412996]]]}}, {"type": "Feature", "properties": {"bid": 101, "stakeholder": "developer"}, "geometry": {"type": "Polygon", "coordinates": [[[121.46326062931871, 31.20552633471254], [121.46320474491336, 31.20551114034305], [121.46307668404314, 31.205776189003018], [121.4631345670681, 31.205789426829313], [121.46326062931871, 31.20552633471254]]]}}, {"type": "Feature", "properties": {"bid": 102, "stakeholder": "developer"}, "geometry": {"type": "Polygon", "coordinates": [[[121.46332048811894, 31.2055586029822], [121.46316741813553, 31.20587307475115], [121.46334106399583, 31.205915789757285], [121.46349413280744, 31.20560232084103], [121.46332048811894, 31.2055586029822]]]}}, {"type": "Feature", "properties": {"bid": 103, "stakeholder": "developer"}, "geometry": {"type": "Polygon", "coordinates": [[[121.46435975419092, 31.20570270342524], [121.46431448186978, 31.205756227937986], [121.4643856497796, 31.205800699798726], [121.46443092206623, 31.20574717526427], [121.46435975419092, 31.20570270342524]]]}}, {"type": "Feature", "properties": {"bid": 104, "stakeholder": "developer"}, "geometry": {"type": "Polygon", "coordinates": [[[121.46358893760329, 31.20562735150054], [121.46349413280744, 31.20560232084103], [121.46334106399583, 31.205915789757285], [121.46343487169395, 31.205939797758727], [121.46358893760329, 31.20562735150054]]]}}, {"type": "Feature", "properties": {"bid": 105, "stakeholder": "developer"}, "geometry": {"type": "Polygon", "coordinates": [[[121.46323123421666, 31.205938403823094], [121.46318722024523, 31.206023393517118], [121.46345667355729, 31.206087162611485], [121.46367276757233, 31.205647149697196], [121.46358893760329, 31.20562735150054], [121.46343487169395, 31.205939797758727], [121.46341386073652, 31.20598431200574], [121.46323123421666, 31.205938403823094]]]}}, {"type": "Feature", "properties": {"bid": 106, "stakeholder": "developer"}, "geometry": {"type": "Polygon", "coordinates": [[[121.46387609918418, 31.20593134463127], [121.46385618579588, 31.205883947662638], [121.46393507465031, 31.205857674596594], [121.46390718967827, 31.20579711438677], [121.4638782307726, 31.20580648066214], [121.46386727643846, 31.205782260957847], [121.46382733399172, 31.20579438764082], [121.46385721320145, 31.20585698930864], [121.46384523144343, 31.20585972797789], [121.46383029291485, 31.205827427892075], [121.4637963408221, 31.20583868499648], [121.46380530631735, 31.205855866645265], [121.46377834494103, 31.205864277157897], [121.4638082241879, 31.2059268786785], [121.46374830896174, 31.205946568061282], [121.46375528237785, 31.205959709475113], [121.46373131564768, 31.205968184879275], [121.46374426103898, 31.205997443881408], [121.46387607325128, 31.205955326812326], [121.4638660943964, 31.20595211309893], [121.46387609918418, 31.20593134463127]]]}}, {"type": "Feature", "properties": {"bid": 107, "stakeholder": "developer"}, "geometry": {"type": "Polygon", "coordinates": [[[121.46387609918418, 31.20593134463127], [121.46391011074695, 31.20586512866561], [121.46385618579588, 31.205883947662638], [121.46387609918418, 31.20593134463127]]]}}, {"type": "Feature", "properties": {"bid": 108, "stakeholder": "developer"}, "geometry": {"type": "Polygon", "coordinates": [[[121.46399089983686, 31.205927833165333], [121.4639669881841, 31.205885345824186], [121.46393497195754, 31.205952604049166], [121.46399089983686, 31.205927833165333]]]}}, {"type": "Feature", "properties": {"bid": 109, "stakeholder": "developer"}, "geometry": {"type": "Polygon", "coordinates": [[[121.4639669881841, 31.205885345824186], [121.46391011074695, 31.20586512866561], [121.4638660943964, 31.20595211309893], [121.46391199584036, 31.20596809537863], [121.4639229707491, 31.20597332925609], [121.4639669881841, 31.205885345824186]]]}}, {"type": "Feature", "properties": {"bid": 110, "stakeholder": "developer"}, "geometry": {"type": "Polygon", "coordinates": [[[121.46444601381518, 31.206003646562127], [121.46447607919265, 31.20589437769957], [121.46437328347768, 31.205873162281478], [121.46434221883023, 31.20598340900114], [121.46444601381518, 31.206003646562127]]]}}, {"type": "Feature", "properties": {"bid": 111, "stakeholder": "developer"}, "geometry": {"type": "Polygon", "coordinates": [[[121.46393497195754, 31.205952604049166], [121.4639229707491, 31.20597332925609], [121.46391199584036, 31.20596809537863], [121.4639627868771, 31.206078116140194], [121.46399973469705, 31.206065925196462], [121.46398977633474, 31.206043725450968], [121.46400675131487, 31.20603909648759], [121.4639808561459, 31.205984574785983], [121.46405175504879, 31.205962126858026], [121.46404781839908, 31.205910079017652], [121.46401885946739, 31.205919444874553], [121.46401288533478, 31.205905325615568], [121.46407979035553, 31.205883790715802], [121.46406485070702, 31.205852489519142], [121.46403589176371, 31.20586185532505], [121.46402792554329, 31.20584369580923], [121.46395702662493, 31.205866143899012], [121.46399089983686, 31.205927833165333], [121.46393497195754, 31.205952604049166]]]}}, {"type": "Feature", "properties": {"bid": 112, "stakeholder": "developer"}, "geometry": {"type": "Polygon", "coordinates": [[[121.46429324368103, 31.206040305728838], [121.46449284795143, 31.20608060768296], [121.46453995429623, 31.20590575602273], [121.46447607919265, 31.20589437769957], [121.46444601381518, 31.206003646562127], [121.46434221883023, 31.20598340900114], [121.46437328347768, 31.205873162281478], [121.46434134708284, 31.205866474242217], [121.46429324368103, 31.206040305728838]]]}}, {"type": "Feature", "properties": {"bid": 113, "stakeholder": "developer"}, "geometry": {"type": "Polygon", "coordinates": [[[121.46294352396467, 31.206142058102493], [121.46339857279668, 31.20627577235779], [121.46345059697546, 31.206167973266698], [121.46297558199946, 31.206035824623598], [121.46294352396467, 31.206142058102493]]]}}, {"type": "Feature", "properties": {"bid": 114, "stakeholder": "resident"}, "geometry": {"type": "Polygon", "coordinates": [[[121.46519887651222, 31.205833126081185], [121.46515597096959, 31.205815206024287], [121.4651269681815, 31.205864539896535], [121.46549316570827, 31.206015395714186], [121.46551209122127, 31.206053779814514], [121.46556498827476, 31.206063923292053], [121.46559895443191, 31.20604067896932], [121.46576905005577, 31.205680638960125], [121.4656842413649, 31.205639823133144], [121.4656252820546, 31.205696499525626], [121.46561231681302, 31.205685225571756], [121.46559633516962, 31.2056938716437], [121.46558537076076, 31.20567864407429], [121.46556538857487, 31.205694198142336], [121.46557635406351, 31.205708426452244], [121.46558934205177, 31.20569871601163], [121.46564718490754, 31.205750936842655], [121.4656012223784, 31.205789908794202], [121.46557927945264, 31.20577244398379], [121.46557028877568, 31.205778244208595], [121.46562713664446, 31.205827445562704], [121.46558517039229, 31.20586350657629], [121.46549539688806, 31.20579860028761], [121.46539255019547, 31.20582234597725], [121.46536562270968, 31.20579877724293], [121.46530771423339, 31.20580751144581], [121.46529878534875, 31.20575635409311], [121.46525788051066, 31.205734480244814], [121.46519887651222, 31.205833126081185]]]}}, {"type": "Feature", "properties": {"bid": 115, "stakeholder": "developer"}, "geometry": {"type": "Polygon", "coordinates": [[[121.46455383748626, 31.205990996083255], [121.46451890634171, 31.205984242631754], [121.46450086823029, 31.206048804640993], [121.46453679650676, 31.206056578960162], [121.46455383748626, 31.205990996083255]]]}}, {"type": "Feature", "properties": {"bid": 116, "stakeholder": "developer"}, "geometry": {"type": "Polygon", "coordinates": [[[121.46524741825476, 31.206177933631004], [121.46523347103822, 31.206151649217247], [121.46518853441808, 31.20616566196373], [121.46522140383514, 31.206233328095102], [121.46520742319741, 31.20623802070213], [121.4651904920621, 31.206201678645463], [121.46515354349947, 31.206213866466896], [121.46516250601928, 31.206234046843914], [121.46513454479009, 31.206243432129334], [121.4651674131493, 31.206312097471027], [121.46509950874143, 31.20633360559645], [121.46510548089543, 31.20634972386404], [121.46507851902437, 31.206358131648578], [121.465094453029, 31.20639345270382], [121.4652442436294, 31.20634474474349], [121.46523226914269, 31.206340487395035], [121.46524427269664, 31.206317764752953], [121.46522136827639, 31.206266303628695], [121.46531024768728, 31.206234259572962], [121.46527937358519, 31.206167635984855], [121.46524741825476, 31.206177933631004]]]}}, {"type": "Feature", "properties": {"bid": 117, "stakeholder": "developer"}, "geometry": {"type": "Polygon", "coordinates": [[[121.46522136827639, 31.206266303628695], [121.46524427269664, 31.206317764752953], [121.46528228419709, 31.206245643223788], [121.46522136827639, 31.206266303628695]]]}}, {"type": "Feature", "properties": {"bid": 118, "stakeholder": "developer"}, "geometry": {"type": "Polygon", "coordinates": [[[121.46537504788502, 31.206314611258442], [121.46534714897996, 31.20626603933112], [121.46531013135916, 31.206342179515946], [121.46537504788502, 31.206314611258442]]]}}, {"type": "Feature", "properties": {"bid": 119, "stakeholder": "developer"}, "geometry": {"type": "Polygon", "coordinates": [[[121.46529613132259, 31.20636485874354], [121.46534714897996, 31.20626603933112], [121.46528228419709, 31.206245643223788], [121.46523226914269, 31.206340487395035], [121.46529613132259, 31.20636485874354]]]}}, {"type": "Feature", "properties": {"bid": 120, "stakeholder": "developer"}, "geometry": {"type": "Polygon", "coordinates": [[[121.46531013135916, 31.206342179515946], [121.46529613132259, 31.20636485874354], [121.46528415789521, 31.206359602114443], [121.46534192536923, 31.206481770808818], [121.46538386632733, 31.206468692440517], [121.46537291152903, 31.20644447154576], [121.46539188447402, 31.206438888239127], [121.46536399947185, 31.206377325905923], [121.46544388749851, 31.206352081745415], [121.46543193770889, 31.20632484136888], [121.46545190893279, 31.206319279794], [121.46543995699697, 31.206294037936168], [121.46540500683263, 31.20630427033797], [121.46539903356597, 31.20628915126946], [121.46547592590616, 31.206264841350784], [121.46545899248542, 31.206230497667658], [121.46542603876891, 31.20624077344667], [121.46541607902792, 31.20621957203462], [121.46533619101832, 31.206244816243153], [121.46534714897996, 31.20626603933112], [121.46537504788502, 31.206314611258442], [121.46531013135916, 31.206342179515946]]]}}, {"type": "Feature", "properties": {"bid": 121, "stakeholder": "developer"}, "geometry": {"type": "Polygon", "coordinates": [[[121.46580224617027, 31.206369865458722], [121.46590505094139, 31.20638609066856], [121.46593307738954, 31.20631675027839], [121.46575939685897, 31.206298984051163], [121.46547922864556, 31.20690745228483], [121.46551914006035, 31.20692530773812], [121.46563624495879, 31.206638061235818], [121.46580224617027, 31.206369865458722]]]}}, {"type": "Feature", "properties": {"bid": 122, "stakeholder": "developer"}, "geometry": {"type": "Polygon", "coordinates": [[[121.46445433575605, 31.206618385624772], [121.46443228494365, 31.206701847248205], [121.4644922186667, 31.206665174287874], [121.46445433575605, 31.206618385624772]]]}}, {"type": "Feature", "properties": {"bid": 123, "stakeholder": "developer"}, "geometry": {"type": "Polygon", "coordinates": [[[121.4645319781474, 31.206823923583894], [121.46451703056574, 31.2067996165161], [121.46453400989765, 31.20679099128114], [121.46449314615894, 31.206731147131052], [121.46456705712535, 31.206692779107815], [121.46454911599483, 31.206667407788522], [121.46456909107928, 31.206657848308048], [121.46455214710512, 31.206633497905656], [121.46452018590537, 31.20664979238643], [121.46450922267093, 31.206633566040473], [121.46458013583505, 31.206598130927148], [121.46455621508188, 31.20656363632457], [121.46452625029951, 31.206579974098414], [121.46451229564605, 31.206560685014104], [121.46443838574919, 31.20659805405938], [121.4644922186667, 31.206665174287874], [121.46443228494365, 31.206701847248205], [121.46442327314423, 31.20672763320647], [121.4644112977669, 31.206724375679585], [121.46449402449072, 31.2068430859992], [121.4645319781474, 31.206823923583894]]]}}, {"type": "Feature", "properties": {"bid": 124, "stakeholder": "developer"}, "geometry": {"type": "Polygon", "coordinates": [[[121.46347740102796, 31.206305453439374], [121.46353042446867, 31.206196677164495], [121.46345059697546, 31.206167973266698], [121.46339857279668, 31.20627577235779], [121.46347740102796, 31.206305453439374]]]}}, {"type": "Feature", "properties": {"bid": 125, "stakeholder": "developer"}, "geometry": {"type": "Polygon", "coordinates": [[[121.4630280369413, 31.206454653228597], [121.46296419680459, 31.20641130966998], [121.462940274223, 31.206378818036974], [121.46293335452138, 31.206315714419706], [121.46294738968767, 31.20626005650286], [121.46301823441797, 31.206287562097483], [121.46302424518636, 31.206267705816753], [121.46335454195162, 31.206376749285077], [121.46339857279668, 31.20627577235779], [121.46294352396467, 31.206142058102493], [121.46289848505819, 31.20625200978066], [121.46286056716461, 31.20623820391257], [121.46284548428889, 31.206339806481434], [121.46286736530872, 31.20641422372335], [121.46290325458769, 31.206457964501276], [121.4630189639711, 31.206537398441412], [121.463207530702, 31.20662939621706], [121.4632365526943, 31.206561071131542], [121.4630280369413, 31.206454653228597]]]}}, {"type": "Feature", "properties": {"bid": 126, "stakeholder": "developer"}, "geometry": {"type": "Polygon", "coordinates": [[[121.4642308137631, 31.20636458073716], [121.46427739643146, 31.206449168358873], [121.46434769089308, 31.206420569121697], [121.46430110819034, 31.20633598153718], [121.4642308137631, 31.20636458073716]]]}}, {"type": "Feature", "properties": {"bid": 127, "stakeholder": "developer"}, "geometry": {"type": "Polygon", "coordinates": [[[121.46302424518636, 31.206267705816753], [121.46301823441797, 31.206287562097483], [121.46294738968767, 31.20626005650286], [121.46293232619679, 31.206343672205833], [121.46296419680459, 31.20641130966998], [121.4632365526943, 31.206561071131542], [121.46324756086769, 31.20653532704256], [121.46328248630358, 31.206547072057276], [121.46329049234839, 31.20652825829234], [121.46335454195162, 31.206376749285077], [121.46302424518636, 31.206267705816753]]]}}, {"type": "Feature", "properties": {"bid": 128, "stakeholder": "developer"}, "geometry": {"type": "Polygon", "coordinates": [[[121.46324756086769, 31.20653532704256], [121.463207530702, 31.20662939621706], [121.46332727694245, 31.206667951876693], [121.46334428075397, 31.206636341528966], [121.46352888157026, 31.20670328020486], [121.46373997167814, 31.2062721535899], [121.46353042446867, 31.206196677164495], [121.46347740102796, 31.206305453439374], [121.46339857279668, 31.20627577235779], [121.46333552549812, 31.206423305409547], [121.46339041076476, 31.206439478572975], [121.46334637476446, 31.206545451915247], [121.46329049234839, 31.20652825829234], [121.46328248630358, 31.206547072057276], [121.46324756086769, 31.20653532704256]]]}}, {"type": "Feature", "properties": {"bid": 129, "stakeholder": "developer"}, "geometry": {"type": "Polygon", "coordinates": [[[121.46438117602095, 31.206461558345318], [121.46439541870073, 31.2064997523205], [121.46448429122093, 31.20647526847679], [121.46447004851424, 31.20643707451894], [121.46438117602095, 31.206461558345318]]]}}, {"type": "Feature", "properties": {"bid": 130, "stakeholder": "developer"}, "geometry": {"type": "Polygon", "coordinates": [[[121.46339041076476, 31.206439478572975], [121.46333552549812, 31.206423305409547], [121.46329049234839, 31.20652825829234], [121.46334637476446, 31.206545451915247], [121.46339041076476, 31.206439478572975]]]}}, {"type": "Feature", "properties": {"bid": 131, "stakeholder": "developer"}, "geometry": {"type": "Polygon", "coordinates": [[[121.46388043427487, 31.206540001134613], [121.46391431975316, 31.206590698430198], [121.46393636838116, 31.2065092343151], [121.46388043427487, 31.206540001134613]]]}}, {"type": "Feature", "properties": {"bid": 132, "stakeholder": "developer"}, "geometry": {"type": "Polygon", "coordinates": [[[121.46396233688097, 31.20649580634228], [121.46391748618498, 31.20643088166543], [121.46388852198051, 31.206445244228796], [121.46386958394112, 31.20641885317895], [121.46382863371228, 31.20643995162635], [121.46387447937195, 31.20650789525165], [121.46386249441548, 31.206513631684178], [121.46383857605223, 31.206477140129838], [121.46380361832576, 31.20649537046159], [121.46381757285029, 31.2065146586213], [121.4637896068946, 31.206529043091436], [121.46383645082621, 31.206597008134114], [121.46377352826971, 31.206628623749463], [121.46378449248529, 31.20664385007706], [121.46375952225993, 31.20665730014371], [121.46378144856102, 31.206689751303493], [121.46391927969864, 31.206619784969803], [121.4639063061875, 31.20661650640732], [121.46391431975316, 31.206590698430198], [121.46388043427487, 31.206540001134613], [121.46396233688097, 31.20649580634228]]]}}, {"type": "Feature", "properties": {"bid": 133, "stakeholder": "developer"}, "geometry": {"type": "Polygon", "coordinates": [[[121.46400523308887, 31.206521716893466], [121.46398417945011, 31.206606200241605], [121.46404211751803, 31.206568482419698], [121.46400523308887, 31.206521716893466]]]}}, {"type": "Feature", "properties": {"bid": 134, "stakeholder": "resident"}, "geometry": {"type": "Polygon", "coordinates": [[[121.46831522377659, 31.205275206772228], [121.46836313371125, 31.20528723292613], [121.4684012027276, 31.205168141008635], [121.46816564418361, 31.205111092575862], [121.46821171727663, 31.20497618612274], [121.46840635274737, 31.20502335683574], [121.46840034175193, 31.20504221342015], [121.46844525679116, 31.20505417442991], [121.46848732415742, 31.20493117128911], [121.46816493069139, 31.204850265714068], [121.46805074248016, 31.205191549323782], [121.46832123252115, 31.20525834874968], [121.46831522377659, 31.205275206772228]]]}}, {"type": "Feature", "properties": {"bid": 135, "stakeholder": "developer"}, "geometry": {"type": "Polygon", "coordinates": [[[121.46745352063719, 31.20528689744935], [121.46753429553321, 31.20531688396673], [121.46757790417968, 31.205230098063677], [121.46749712936172, 31.205200111561247], [121.46745352063719, 31.20528689744935]]]}}, {"type": "Feature", "properties": {"bid": 136, "stakeholder": "unknown"}, "geometry": {"type": "Polygon", "coordinates": [[[121.46879037019278, 31.205364391372033], [121.46850189319036, 31.20530421609925], [121.46848285315879, 31.20536875863321], [121.46877232712995, 31.20542995545008], [121.46879037019278, 31.205364391372033]]]}}, {"type": "Feature", "properties": {"bid": 137, "stakeholder": "developer"}, "geometry": {"type": "Polygon", "coordinates": [[[121.46801960296, 31.20536574978172], [121.46772416705335, 31.205291405955165], [121.4676861128239, 31.205398503961767], [121.46785678410629, 31.205443169297325], [121.46781271797009, 31.20557012331694], [121.46793847679646, 31.20560282293734], [121.46801960296, 31.20536574978172]]]}}, {"type": "Feature", "properties": {"bid": 138, "stakeholder": "developer"}, "geometry": {"type": "Polygon", "coordinates": [[[121.46770206115502, 31.20542183276729], [121.46764816531584, 31.205407674830436], [121.46758607003039, 31.20558919768957], [121.4676389684587, 31.205602335058988], [121.46770206115502, 31.20542183276729]]]}}, {"type": "Feature", "properties": {"bid": 139, "stakeholder": "developer"}, "geometry": {"type": "Polygon", "coordinates": [[[121.46875923483753, 31.20553359866107], [121.46809744640154, 31.205393413882057], [121.46806437450662, 31.205508615365485], [121.46872516323901, 31.20564878158348], [121.46875923483753, 31.20553359866107]]]}}, {"type": "Feature", "properties": {"bid": 140, "stakeholder": "developer"}, "geometry": {"type": "Polygon", "coordinates": [[[121.46789741978353, 31.205716851868537], [121.46793847679646, 31.20560282293734], [121.46781271797009, 31.20557012331694], [121.46777265956577, 31.205684173319245], [121.46789741978353, 31.205716851868537]]]}}, {"type": "Feature", "properties": {"bid": 141, "stakeholder": "developer"}, "geometry": {"type": "Polygon", "coordinates": [[[121.46787143136783, 31.205745268658006], [121.4675620374577, 31.2056556286866], [121.46752599795889, 31.20574678143702], [121.46783539022873, 31.2058374217458], [121.46787143136783, 31.205745268658006]]]}}, {"type": "Feature", "properties": {"bid": 142, "stakeholder": "developer"}, "geometry": {"type": "Polygon", "coordinates": [[[121.46870399622709, 31.205833192580155], [121.4687110392057, 31.205783380234838], [121.46865113977947, 31.20577809309202], [121.46866421652432, 31.20568843958762], [121.46850049695604, 31.20566992210553], [121.46847634059156, 31.205849271573072], [121.46861111087595, 31.205863168799915], [121.4686171445634, 31.205823327598807], [121.46870399622709, 31.205833192580155]]]}}, {"type": "Feature", "properties": {"bid": 143, "stakeholder": "developer"}, "geometry": {"type": "Polygon", "coordinates": [[[121.46805516132463, 31.205718264884013], [121.46793039234137, 31.205692583217797], [121.467893313667, 31.20582068814872], [121.46801808023463, 31.205848368842915], [121.46805516132463, 31.205718264884013]]]}}, {"type": "Feature", "properties": {"bid": 144, "stakeholder": "unknown"}, "geometry": {"type": "Polygon", "coordinates": [[[121.4689293051351, 31.205573916819557], [121.46892000026722, 31.205517762981433], [121.46887644642158, 31.20552309485234], [121.4688857512655, 31.205579248699344], [121.4689293051351, 31.205573916819557]]]}}, {"type": "Feature", "properties": {"bid": 145, "stakeholder": "resident"}, "geometry": {"type": "Polygon", "coordinates": [[[121.46945814026594, 31.205542606654717], [121.46941022980333, 31.20552759097853], [121.46939720214584, 31.20557128025439], [121.4695249629465, 31.205611987588778], [121.46954200520713, 31.205549397566017], [121.46946215581943, 31.205522707030923], [121.46945814026594, 31.205542606654717]]]}}, {"type": "Feature", "properties": {"bid": 146, "stakeholder": "resident"}, "geometry": {"type": "Polygon", "coordinates": [[[121.47005720090372, 31.20557937689773], [121.4699873254699, 31.205559902170474], [121.46996027482213, 31.20564326538761], [121.47002915160807, 31.205662719269117], [121.47005720090372, 31.20557937689773]]]}}, {"type": "Feature", "properties": {"bid": 147, "stakeholder": "developer"}, "geometry": {"type": "Polygon", "coordinates": [[[121.46882009074137, 31.20557787729217], [121.46878602447191, 31.205688064263143], [121.46888783919793, 31.20571123945257], [121.46891288631413, 31.205631835676915], [121.46892190569224, 31.205601051935847], [121.46882009074137, 31.20557787729217]]]}}, {"type": "Feature", "properties": {"bid": 148, "stakeholder": "resident"}, "geometry": {"type": "Polygon", "coordinates": [[[121.47009895567852, 31.205748144274366], [121.47011899094595, 31.205688613701], [121.46988540968393, 31.205621684259427], [121.46986537586531, 31.205680214561646], [121.47009895567852, 31.205748144274366]]]}}, {"type": "Feature", "properties": {"bid": 149, "stakeholder": "developer"}, "geometry": {"type": "Polygon", "coordinates": [[[121.46908457632696, 31.205670499522743], [121.46891288631413, 31.205631835676915], [121.46888783919793, 31.20571123945257], [121.46878602447191, 31.205688064263143], [121.46876198362294, 31.205760494260286], [121.46903748231716, 31.205824376461866], [121.46908457632696, 31.205670499522743]]]}}, {"type": "Feature", "properties": {"bid": 150, "stakeholder": "developer"}, "geometry": {"type": "Polygon", "coordinates": [[[121.46869207073803, 31.20578197249829], [121.46870112137947, 31.20572221060883], [121.46865919200252, 31.205718309751944], [121.46865113977947, 31.20577809309202], [121.46869207073803, 31.20578197249829]]]}}, {"type": "Feature", "properties": {"bid": 151, "stakeholder": "developer"}, "geometry": {"type": "Polygon", "coordinates": [[[121.46968252400268, 31.205796225429026], [121.46930122870901, 31.205682142490396], [121.46926018093848, 31.205784188293137], [121.46964047663813, 31.20589825286481], [121.46968252400268, 31.205796225429026]]]}}, {"type": "Feature", "properties": {"bid": 152, "stakeholder": "developer"}, "geometry": {"type": "Polygon", "coordinates": [[[121.46872892043586, 31.205866705472538], [121.46900441854042, 31.205930589122204], [121.46903748231716, 31.205824376461866], [121.46876198362294, 31.205760494260286], [121.46872892043586, 31.205866705472538]]]}}, {"type": "Feature", "properties": {"bid": 153, "stakeholder": "developer"}, "geometry": {"type": "Polygon", "coordinates": [[[121.46870399622709, 31.205833192580155], [121.4686171445634, 31.205823327598807], [121.46861111087595, 31.205863168799915], [121.46869796250667, 31.205873033857987], [121.46870399622709, 31.205833192580155]]]}}, {"type": "Feature", "properties": {"bid": 154, "stakeholder": "developer"}, "geometry": {"type": "Polygon", "coordinates": [[[121.46704720237086, 31.20537365748379], [121.46716796439341, 31.20540625684719], [121.46718699747113, 31.20534671311617], [121.46710316163399, 31.205324908188345], [121.46712719927734, 31.20525348182395], [121.46708927465478, 31.205242665930363], [121.46704720237086, 31.20537365748379]]]}}, {"type": "Feature", "properties": {"bid": 155, "stakeholder": "developer"}, "geometry": {"type": "Polygon", "coordinates": [[[121.46740457736313, 31.205399397950767], [121.46742661434429, 31.205331924784392], [121.46712719927734, 31.20525348182395], [121.46710316163399, 31.205324908188345], [121.46718699747113, 31.20534671311617], [121.46716796439341, 31.20540625684719], [121.46724980389799, 31.205428018100065], [121.46727083692917, 31.20536551980394], [121.46740457736313, 31.205399397950767]]]}}, {"type": "Feature", "properties": {"bid": 156, "stakeholder": "developer"}, "geometry": {"type": "Polygon", "coordinates": [[[121.46727083692917, 31.20536551980394], [121.46724980389799, 31.205428018100065], [121.46744242869273, 31.20547816236319], [121.46748250724887, 31.205345127789258], [121.46742661434429, 31.205331924784392], [121.46740457736313, 31.205399397950767], [121.46727083692917, 31.20536551980394]]]}}, {"type": "Feature", "properties": {"bid": 157, "stakeholder": "state"}, "geometry": {"type": "Polygon", "coordinates": [[[121.46644814916306, 31.205435590299324], [121.46643724534817, 31.20536440449269], [121.46636836463212, 31.20536290729904], [121.4663762681728, 31.205439024305974], [121.46642608722163, 31.205527044477368], [121.46648800841137, 31.20550240903862], [121.46644814916306, 31.205435590299324]]]}}, {"type": "Feature", "properties": {"bid": 158, "stakeholder": "state"}, "geometry": {"type": "Polygon", "coordinates": [[[121.46625926561944, 31.205625344714118], [121.46623829879684, 31.205627886744363], [121.4662332912027, 31.20564276707762], [121.46626719209382, 31.205680477422852], [121.46628916262638, 31.205672960800136], [121.46630210540219, 31.20570521911758], [121.46638097405435, 31.2057019371303], [121.46638394284992, 31.20572598438321], [121.46640889420449, 31.205731523131313], [121.46642290469596, 31.20569985069687], [121.46652976449616, 31.205661202698256], [121.46651780687557, 31.205640957233754], [121.46654876863795, 31.205627640180015], [121.46656172563372, 31.205646908068612], [121.46666260941528, 31.205596138367984], [121.46668355490137, 31.205613581201128], [121.46670352382671, 31.205611017206074], [121.46671052700857, 31.20559717943764], [121.46669358331816, 31.205571829335497], [121.46675052680814, 31.205535093796133], [121.466723607856, 31.20550253206642], [121.46673559814019, 31.20549279975495], [121.4667156802501, 31.205448398760602], [121.4666997153114, 31.205441056962336], [121.46648800841137, 31.20550240903862], [121.4663252033147, 31.205578812686504], [121.46625926561944, 31.205625344714118]]]}}, {"type": "Feature", "properties": {"bid": 159, "stakeholder": "developer"}, "geometry": {"type": "Polygon", "coordinates": [[[121.4670229477183, 31.205644934931396], [121.46695808118945, 31.205622541740123], [121.46693606445376, 31.20567202766887], [121.467001930307, 31.205693443361547], [121.4670229477183, 31.205644934931396]]]}}, {"type": "Feature", "properties": {"bid": 160, "stakeholder": "developer"}, "geometry": {"type": "Polygon", "coordinates": [[[121.46637256266774, 31.206094471601883], [121.46649440698913, 31.206046156560667], [121.4666341918245, 31.206025211468784], [121.46651346177113, 31.205965628914957], [121.46634380632396, 31.20591497521309], [121.46632288488661, 31.205875548481515], [121.46626299861748, 31.205865253109316], [121.4662220481132, 31.20588434847177], [121.4662220037561, 31.205925318016682], [121.46624293594664, 31.205954752223253], [121.46615188659155, 31.206144634767217], [121.4662027882606, 31.206154734940753], [121.46625271334494, 31.20614482821037], [121.46634350277475, 31.206195766639098], [121.4663435578003, 31.206144804471982], [121.46637256266774, 31.206094471601883]]]}}, {"type": "Feature", "properties": {"bid": 161, "stakeholder": "developer"}, "geometry": {"type": "Polygon", "coordinates": [[[121.46679377908289, 31.206156586509387], [121.46683479638558, 31.20607653563006], [121.46679391948568, 31.20602668299033], [121.46672405997617, 31.20600617908992], [121.4666341918245, 31.206025211468784], [121.46673399959708, 31.206046366265287], [121.46679377908289, 31.206156586509387]]]}}, {"type": "Feature", "properties": {"bid": 162, "stakeholder": "unknown"}, "geometry": {"type": "Polygon", "coordinates": [[[121.46613001553874, 31.20606021962516], [121.46596636827144, 31.205994706150133], [121.46589134698534, 31.20613397364229], [121.46605399565713, 31.20619946550965], [121.46613001553874, 31.20606021962516]]]}}, {"type": "Feature", "properties": {"bid": 163, "stakeholder": "developer"}, "geometry": {"type": "Polygon", "coordinates": [[[121.46701314269696, 31.206403176384523], [121.46707604418837, 31.206396547573032], [121.4671289854464, 31.206368717427548], [121.46716796780593, 31.206324595689477], [121.46718299736348, 31.206273958438317], [121.46717506914524, 31.206219825186622], [121.4671451696156, 31.20617320940307], [121.46709429068413, 31.206140128170894], [121.46703440667967, 31.20612583763966], [121.46697150312832, 31.206134464802805], [121.46691756605846, 31.206160274235287], [121.46687858516509, 31.206203396111615], [121.46686255642226, 31.206255010658765], [121.46687048562683, 31.206308144807956], [121.46690537414781, 31.206356868013298], [121.46695226166946, 31.206387864618772], [121.46701314269696, 31.206403176384523]]]}}, {"type": "Feature", "properties": {"bid": 164, "stakeholder": "developer"}, "geometry": {"type": "Polygon", "coordinates": [[[121.46979147568616, 31.20582492777336], [121.46975894154798, 31.205915231139073], [121.46980096619582, 31.20592641673542], [121.46983350029059, 31.205836113366765], [121.46979147568616, 31.20582492777336]]]}}, {"type": "Feature", "properties": {"bid": 165, "stakeholder": "resident"}, "geometry": {"type": "Polygon", "coordinates": [[[121.47000090623715, 31.205926926946063], [121.46998294086724, 31.205919549370492], [121.46999497917137, 31.205867843207262], [121.46988918117655, 31.205826616941124], [121.46985809480339, 31.205948865528576], [121.46988404464035, 31.205959411663002], [121.4698940706769, 31.20592165276815], [121.46993399405984, 31.205937492899466], [121.46999488709345, 31.205952780043496], [121.47000090623715, 31.205926926946063]]]}}, {"type": "Feature", "properties": {"bid": 166, "stakeholder": "resident"}, "geometry": {"type": "Polygon", "coordinates": [[[121.46992497298265, 31.205969277617438], [121.46996589605521, 31.205984139503922], [121.46997391866306, 31.20595233343698], [121.46993399405984, 31.205937492899466], [121.46992497298265, 31.205969277617438]]]}}, {"type": "Feature", "properties": {"bid": 167, "stakeholder": "developer"}, "geometry": {"type": "Polygon", "coordinates": [[[121.46959931443166, 31.2061052233708], [121.46919306585312, 31.205985602676616], [121.4691570238823, 31.206075763862547], [121.46956327251166, 31.206194388008786], [121.46959931443166, 31.2061052233708]]]}}, {"type": "Feature", "properties": {"bid": 168, "stakeholder": "resident"}, "geometry": {"type": "Polygon", "coordinates": [[[121.46992978047717, 31.206140257033667], [121.46991081562828, 31.206133857156594], [121.4699248463927, 31.206086190725276], [121.46981904460563, 31.206048959900954], [121.4697869732022, 31.206159195739588], [121.46981292398858, 31.20616874300441], [121.46982194707026, 31.20613495995678], [121.46985388776123, 31.20614563406229], [121.46992376575383, 31.206162113029954], [121.46992978047717, 31.206140257033667]]]}}, {"type": "Feature", "properties": {"bid": 169, "stakeholder": "developer"}, "geometry": {"type": "Polygon", "coordinates": [[[121.46920587140653, 31.206146761587362], [121.46922689365034, 31.206096249180693], [121.4691570238823, 31.206075763862547], [121.46913600173856, 31.20612627601253], [121.46920587140653, 31.206146761587362]]]}}, {"type": "Feature", "properties": {"bid": 170, "stakeholder": "resident"}, "geometry": {"type": "Polygon", "coordinates": [[[121.46863679319462, 31.206118538677856], [121.46873661014877, 31.20614167319707], [121.46872158340058, 31.20618831589848], [121.46876150969253, 31.206198168938442], [121.46879057462753, 31.206095868522475], [121.46859792401095, 31.206054746511825], [121.4685698599701, 31.206155069098486], [121.46862176437934, 31.20616717967255], [121.46863679319462, 31.206118538677856]]]}}, {"type": "Feature", "properties": {"bid": 171, "stakeholder": "developer"}, "geometry": {"type": "Polygon", "coordinates": [[[121.4694134868505, 31.206207171130192], [121.46943351094751, 31.206156636552393], [121.4692857841901, 31.206113500439756], [121.46926476186083, 31.20616401306688], [121.4694134868505, 31.206207171130192]]]}}, {"type": "Feature", "properties": {"bid": 172, "stakeholder": "developer"}, "geometry": {"type": "Polygon", "coordinates": [[[121.46954324714933, 31.206245922340766], [121.46956327251166, 31.206194388008786], [121.46949339981848, 31.20617490622276], [121.4694743740913, 31.20622546239696], [121.46954324714933, 31.206245922340766]]]}}, {"type": "Feature", "properties": {"bid": 173, "stakeholder": "resident"}, "geometry": {"type": "Polygon", "coordinates": [[[121.4685796938485, 31.206294181157947], [121.46869448639804, 31.20631763903185], [121.46872856139794, 31.206198458946634], [121.46866966783502, 31.206186198653604], [121.46861476807862, 31.206174023901553], [121.4685796938485, 31.206294181157947]]]}}, {"type": "Feature", "properties": {"bid": 174, "stakeholder": "developer"}, "geometry": {"type": "Polygon", "coordinates": [[[121.46833265552438, 31.205771225512407], [121.46825180272343, 31.205755489978458], [121.46823075789689, 31.205827982926284], [121.4683106100607, 31.205845695637766], [121.46833265552438, 31.205771225512407]]]}}, {"type": "Feature", "properties": {"bid": 175, "stakeholder": "developer"}, "geometry": {"type": "Polygon", "coordinates": [[[121.4679980265671, 31.205927877631783], [121.46799501960722, 31.205938804691076], [121.46847513332386, 31.206042106672616], [121.46851922775967, 31.20589016754605], [121.46803412215174, 31.20578576105299], [121.46801808023463, 31.205848368842915], [121.467893313667, 31.20582068814872], [121.46786826840822, 31.20590008864577], [121.4679980265671, 31.205927877631783]]]}}, {"type": "Feature", "properties": {"bid": 176, "stakeholder": "developer"}, "geometry": {"type": "Polygon", "coordinates": [[[121.46857315039529, 31.205882336377442], [121.46853422195387, 31.205873503036862], [121.4684841230901, 31.206038303415312], [121.46852405088077, 31.20604615929699], [121.46857315039529, 31.205882336377442]]]}}, {"type": "Feature", "properties": {"bid": 177, "stakeholder": "resident"}, "geometry": {"type": "Polygon", "coordinates": [[[121.46798185830836, 31.20610739852662], [121.46798098102374, 31.20599546008588], [121.46787914740014, 31.205995255712704], [121.46788002468293, 31.20610719416532], [121.46798185830836, 31.20610739852662]]]}}, {"type": "Feature", "properties": {"bid": 178, "stakeholder": "developer"}, "geometry": {"type": "Polygon", "coordinates": [[[121.46781928685266, 31.205956986866628], [121.46770050414524, 31.20593642812917], [121.46764433381237, 31.20617903611993], [121.46776411452232, 31.206199617128846], [121.46781928685266, 31.205956986866628]]]}}, {"type": "Feature", "properties": {"bid": 179, "stakeholder": "resident"}, "geometry": {"type": "Polygon", "coordinates": [[[121.46824236190287, 31.20617598323628], [121.46834018057461, 31.206198080778044], [121.46832715100925, 31.206244765769213], [121.46836607679109, 31.206255598719057], [121.46839614032024, 31.206152322176138], [121.4682034936817, 31.206112189015187], [121.46817543152497, 31.206211510924454], [121.4682273335186, 31.206224623455277], [121.46824236190287, 31.20617598323628]]]}}, {"type": "Feature", "properties": {"bid": 180, "stakeholder": "resident"}, "geometry": {"type": "Polygon", "coordinates": [[[121.46861476807862, 31.206174023901553], [121.46866966783502, 31.206186198653604], [121.46868769944092, 31.20613062725009], [121.46863679319462, 31.206118538677856], [121.46862176437934, 31.20616717967255], [121.46851794710403, 31.206150952208922], [121.46849990600901, 31.20621551650805], [121.46853584031068, 31.206223286217035], [121.46853082895734, 31.20624116525056], [121.4684679437354, 31.206227817913994], [121.46845792000364, 31.20626457514487], [121.46850383588719, 31.206274558855057], [121.46849180999436, 31.206316269377044], [121.46852474912828, 31.206323974556827], [121.46852074157437, 31.206336878821173], [121.46861157657361, 31.206355824384328], [121.46862860421083, 31.20630522787775], [121.4685796938485, 31.206294181157947], [121.46861476807862, 31.206174023901553]]]}}, {"type": "Feature", "properties": {"bid": 181, "stakeholder": "resident"}, "geometry": {"type": "Polygon", "coordinates": [[[121.46821933904016, 31.206231445756202], [121.46833312937748, 31.206255886910522], [121.46831509074217, 31.20631845227961], [121.46840293044225, 31.206336336486455], [121.46842097024819, 31.206272771649825], [121.46832715100925, 31.206244765769213], [121.46834018057461, 31.206198080778044], [121.46824236190287, 31.20617598323628], [121.4682273335186, 31.206224623455277], [121.46812252162955, 31.206207369818685], [121.46810348161, 31.206272910911935], [121.46814141171615, 31.20628072558623], [121.46820130052049, 31.206294010864667], [121.46821933904016, 31.206231445756202]]]}}, {"type": "Feature", "properties": {"bid": 182, "stakeholder": "resident"}, "geometry": {"type": "Polygon", "coordinates": [[[121.46829805485494, 31.206377042141806], [121.46833312937748, 31.206255886910522], [121.46821933904016, 31.206231445756202], [121.46820130052049, 31.206294010864667], [121.4681852641827, 31.20635162279183], [121.46829805485494, 31.206377042141806]]]}}, {"type": "Feature", "properties": {"bid": 183, "stakeholder": "resident"}, "geometry": {"type": "Polygon", "coordinates": [[[121.4680725174394, 31.20628623156886], [121.46806249399206, 31.20632298831748], [121.46810741143554, 31.20633195347477], [121.46809638424236, 31.20637368498586], [121.46812832525767, 31.206380370988885], [121.46812531617672, 31.206393296629347], [121.46830997499615, 31.20643325928051], [121.46831198573545, 31.206420312018402], [121.46835890064573, 31.20642931890609], [121.46836992692148, 31.206388586291094], [121.46840685930486, 31.206396378172702], [121.4684158845656, 31.20635959945184], [121.46835499547637, 31.20634729349473], [121.46836100727796, 31.20632743760019], [121.46831509074217, 31.20631845227961], [121.46829805485494, 31.206377042141806], [121.4681852641827, 31.20635162279183], [121.46820130052049, 31.206294010864667], [121.46814141171615, 31.20628072558623], [121.46813440378536, 31.20629856122372], [121.4680725174394, 31.20628623156886]]]}}, {"type": "Feature", "properties": {"bid": 184, "stakeholder": "resident"}, "geometry": {"type": "Polygon", "coordinates": [[[121.46872856139794, 31.206198458946634], [121.46869448639804, 31.20631763903185], [121.46862860421083, 31.20630522787775], [121.46861157657361, 31.206355824384328], [121.46870440893531, 31.206374811766462], [121.46870841653471, 31.20636190739538], [121.46875333481216, 31.20637186797654], [121.46876535981824, 31.206331156254343], [121.46880229211193, 31.206339945325514], [121.46881231713019, 31.206302188330657], [121.46875042908526, 31.206288865040104], [121.4687564389068, 31.20627100733617], [121.46879736586631, 31.206278883136637], [121.46881540621018, 31.206215317304725], [121.46872158340058, 31.20618831589848], [121.46873661014877, 31.20614167319707], [121.46868769944092, 31.20613062725009], [121.46866966783502, 31.206186198653604], [121.46872856139794, 31.206198458946634]]]}}, {"type": "Feature", "properties": {"bid": 185, "stakeholder": "developer"}, "geometry": {"type": "Polygon", "coordinates": [[[121.46951122201621, 31.206314187664468], [121.46910397860529, 31.2061935397046], [121.46906793709341, 31.20628370041953], [121.4694741831953, 31.206402331143288], [121.46951122201621, 31.206314187664468]]]}}, {"type": "Feature", "properties": {"bid": 186, "stakeholder": "developer"}, "geometry": {"type": "Polygon", "coordinates": [[[121.46911778288938, 31.206354720374286], [121.46913880594684, 31.2063032089855], [121.46906793709341, 31.20628370041953], [121.46904791255803, 31.206335232999717], [121.46911778288938, 31.206354720374286]]]}}, {"type": "Feature", "properties": {"bid": 187, "stakeholder": "developer"}, "geometry": {"type": "Polygon", "coordinates": [[[121.46977273228721, 31.20640171717132], [121.46979668826133, 31.20640922338936], [121.46980770388632, 31.206379479982502], [121.46978275049094, 31.206370953251565], [121.4698077815234, 31.206307533367635], [121.46962311451092, 31.206256623555753], [121.46956803505894, 31.20640733680711], [121.46961295516611, 31.206418290019485], [121.46962997651042, 31.206374685433897], [121.46968388092421, 31.206387828586287], [121.46976772911854, 31.206411603201616], [121.46977273228721, 31.20640171717132]]]}}, {"type": "Feature", "properties": {"bid": 188, "stakeholder": "developer"}, "geometry": {"type": "Polygon", "coordinates": [[[121.46932439754936, 31.206416111056164], [121.46934542090253, 31.206364598895888], [121.46919769505267, 31.206321460418057], [121.46917667299, 31.206371972763463], [121.46932439754936, 31.206416111056164]]]}}, {"type": "Feature", "properties": {"bid": 189, "stakeholder": "developer"}, "geometry": {"type": "Polygon", "coordinates": [[[121.46961595810536, 31.20641135923518], [121.46966986030837, 31.2064265010556], [121.46968388092421, 31.206387828586287], [121.46962997651042, 31.206374685433897], [121.46961595810536, 31.20641135923518]]]}}, {"type": "Feature", "properties": {"bid": 190, "stakeholder": "developer"}, "geometry": {"type": "Polygon", "coordinates": [[[121.46945515655831, 31.206453886554073], [121.4694741831953, 31.206402331143288], [121.46940530940084, 31.206382869554496], [121.46938528548492, 31.206433404074172], [121.46945515655831, 31.206453886554073]]]}}, {"type": "Feature", "properties": {"bid": 191, "stakeholder": "unknown"}, "geometry": {"type": "Polygon", "coordinates": [[[121.46968483306523, 31.20643081804394], [121.46975470689392, 31.206450297224364], [121.46976772911854, 31.206411603201616], [121.46969885369617, 31.206392145532156], [121.46968483306523, 31.20643081804394]]]}}, {"type": "Feature", "properties": {"bid": 192, "stakeholder": "developer"}, "geometry": {"type": "Polygon", "coordinates": [[[121.46943112266024, 31.206519324653136], [121.46902487989382, 31.206398692285333], [121.46898883774224, 31.20648985186375], [121.46939508059849, 31.206609487557788], [121.46943112266024, 31.206519324653136]]]}}, {"type": "Feature", "properties": {"bid": 193, "stakeholder": "developer"}, "geometry": {"type": "Polygon", "coordinates": [[[121.46964575495292, 31.206557891245666], [121.46966478289346, 31.206505335858644], [121.46958093322483, 31.20648355804212], [121.46956190324875, 31.20653811163288], [121.46964575495292, 31.206557891245666]]]}}, {"type": "Feature", "properties": {"bid": 194, "stakeholder": "developer"}, "geometry": {"type": "Polygon", "coordinates": [[[121.46771000384035, 31.20638431192004], [121.46752438133421, 31.206318335126753], [121.46744633669675, 31.20647952648141], [121.46763096019207, 31.20654548296705], [121.46771000384035, 31.20638431192004]]]}}, {"type": "Feature", "properties": {"bid": 195, "stakeholder": "resident"}, "geometry": {"type": "Polygon", "coordinates": [[[121.46862210883576, 31.206564169497128], [121.46859432962209, 31.206446239837554], [121.46839614646088, 31.206480728438024], [121.46842392545867, 31.206598658194558], [121.46862210883576, 31.206564169497128]]]}}, {"type": "Feature", "properties": {"bid": 196, "stakeholder": "resident"}, "geometry": {"type": "Polygon", "coordinates": [[[121.46856929676086, 31.206677681526855], [121.46855721845897, 31.206768355980216], [121.46863508538364, 31.20677702889594], [121.46864816428285, 31.20668437729381], [121.46860224253884, 31.206679390798687], [121.46860726241142, 31.206653517604074], [121.46845352712148, 31.206635214131712], [121.46845050405706, 31.206661130286996], [121.46839760072841, 31.206649996190883], [121.4684085302715, 31.20669919687599], [121.46839155356882, 31.20670282772204], [121.46840148798196, 31.20674900910519], [121.4684773562534, 31.206758639894126], [121.46849143019166, 31.20666900789349], [121.46856929676086, 31.206677681526855]]]}}, {"type": "Feature", "properties": {"bid": 197, "stakeholder": "resident"}, "geometry": {"type": "Polygon", "coordinates": [[[121.46831971249618, 31.20666230522289], [121.4683425709743, 31.206759729103734], [121.46840148798196, 31.20674900910519], [121.46839155356882, 31.20670282772204], [121.4684085302715, 31.20669919687599], [121.46839760072841, 31.206649996190883], [121.46834267936015, 31.206658803828134], [121.46833671489583, 31.20663469229851], [121.4681769438331, 31.20666122063892], [121.46818390553564, 31.20668635311882], [121.46813597451705, 31.206694311055347], [121.46815883277417, 31.206791735471256], [121.46824471032723, 31.206776602708494], [121.46822185089468, 31.20668017779758], [121.46831971249618, 31.20666230522289]]]}}, {"type": "Feature", "properties": {"bid": 198, "stakeholder": "resident"}, "geometry": {"type": "Polygon", "coordinates": [[[121.46849143019166, 31.20666900789349], [121.4684773562534, 31.206758639894126], [121.46855721845897, 31.206768355980216], [121.46856929676086, 31.206677681526855], [121.46849143019166, 31.20666900789349]]]}}, {"type": "Feature", "properties": {"bid": 199, "stakeholder": "resident"}, "geometry": {"type": "Polygon", "coordinates": [[[121.46822185089468, 31.20668017779758], [121.46824471032723, 31.206776602708494], [121.4683425709743, 31.206759729103734], [121.46831971249618, 31.20666230522289], [121.46822185089468, 31.20668017779758]]]}}, {"type": "Feature", "properties": {"bid": 200, "stakeholder": "resident"}, "geometry": {"type": "Polygon", "coordinates": [[[121.46829748138077, 31.20691064692528], [121.46829252164889, 31.206880561324965], [121.46812976247975, 31.206901028544166], [121.46813372274052, 31.206932091933876], [121.46829748138077, 31.20691064692528]]]}}, {"type": "Feature", "properties": {"bid": 201, "stakeholder": "state"}, "geometry": {"type": "Polygon", "coordinates": [[[121.46858403563944, 31.20689884084152], [121.46845725358878, 31.206884116094443], [121.46845425095103, 31.20689104632043], [121.46841731412644, 31.206887251702646], [121.46841529488619, 31.206908193105207], [121.4685780110485, 31.206930688096687], [121.46858403563944, 31.20689884084152]]]}}, {"type": "Feature", "properties": {"bid": 202, "stakeholder": "developer"}, "geometry": {"type": "Polygon", "coordinates": [[[121.46780028887599, 31.206910890341764], [121.46734613245826, 31.20682410506611], [121.46731505627895, 31.206943345191238], [121.46777120978483, 31.207029175699795], [121.46780028887599, 31.206910890341764]]]}}, {"type": "Feature", "properties": {"bid": 203, "stakeholder": "developer"}, "geometry": {"type": "Polygon", "coordinates": [[[121.46807582331563, 31.20692584414087], [121.46786621369176, 31.206880340048254], [121.46783915143398, 31.20697968282866], [121.46804975912563, 31.207025209135857], [121.46807582331563, 31.20692584414087]]]}}, {"type": "Feature", "properties": {"bid": 204, "stakeholder": "developer"}, "geometry": {"type": "Polygon", "coordinates": [[[121.46660174989108, 31.206485175499882], [121.46670654689025, 31.20650843741799], [121.4668313338117, 31.20651014882236], [121.46686530041382, 31.206487903028854], [121.46688130641905, 31.206457272875], [121.46687938301181, 31.206389279894843], [121.46681964827917, 31.20623709094201], [121.4667767790586, 31.20618319784052], [121.46672191218295, 31.206146031805076], [121.46661909880687, 31.206134804458376], [121.46652623410921, 31.206155769922418], [121.46636843470095, 31.206219292070507], [121.46633345862597, 31.20625250736714], [121.46630342331686, 31.206332796304757], [121.46632832186879, 31.206387298799022], [121.46660174989108, 31.206485175499882]]]}}, {"type": "Feature", "properties": {"bid": 205, "stakeholder": "developer"}, "geometry": {"type": "Polygon", "coordinates": [[[121.46720677794225, 31.20644035527255], [121.46724371428616, 31.20644215591824], [121.46725386216248, 31.20628948588752], [121.46718198396535, 31.206287926395582], [121.46715196906497, 31.20634823128268], [121.46711699718924, 31.20637645150741], [121.46711192602424, 31.20645028834542], [121.46720576457096, 31.206454323240685], [121.46720677794225, 31.20644035527255]]]}}, {"type": "Feature", "properties": {"bid": 206, "stakeholder": "developer"}, "geometry": {"type": "Polygon", "coordinates": [[[121.46706592563339, 31.206522237546324], [121.46706900011804, 31.206448357362373], [121.46711192602424, 31.20645028834542], [121.46711699718924, 31.20637645150741], [121.46707604418837, 31.206396547573032], [121.46701314269696, 31.206403176384523], [121.46695226166946, 31.206387864618772], [121.46690537414781, 31.206356868013298], [121.46687428503594, 31.206488098153315], [121.46706592563339, 31.206522237546324]]]}}, {"type": "Feature", "properties": {"bid": 207, "stakeholder": "developer"}, "geometry": {"type": "Polygon", "coordinates": [[[121.46736755781285, 31.206395877233145], [121.46730867556413, 31.206377612428245], [121.46725963023289, 31.20649546317532], [121.46731751404252, 31.206513706550478], [121.46736755781285, 31.206395877233145]]]}}, {"type": "Feature", "properties": {"bid": 208, "stakeholder": "developer"}, "geometry": {"type": "Polygon", "coordinates": [[[121.46720576457096, 31.206454323240685], [121.46706900011804, 31.206448357362373], [121.46706592563339, 31.206522237546324], [121.46720169175991, 31.20652818179122], [121.46720576457096, 31.206454323240685]]]}}, {"type": "Feature", "properties": {"bid": 209, "stakeholder": "developer"}, "geometry": {"type": "Polygon", "coordinates": [[[121.4662150293999, 31.206839509827656], [121.46627003571803, 31.206745773664803], [121.46612333929193, 31.206697616661817], [121.46596040701117, 31.20689592953232], [121.46604024822763, 31.20691565260114], [121.46611216669898, 31.206876245586784], [121.46617606717608, 31.20686664273086], [121.46632079955113, 31.20688477840179], [121.46632780133656, 31.20687193990994], [121.4662150293999, 31.206839509827656]]]}}, {"type": "Feature", "properties": {"bid": 210, "stakeholder": "developer"}, "geometry": {"type": "Polygon", "coordinates": [[[121.46646865282638, 31.2067860651818], [121.46628003445596, 31.206731001770724], [121.4662150293999, 31.206839509827656], [121.46641960044498, 31.20691290741433], [121.46640458894683, 31.206947556086888], [121.46653732837252, 31.206979420299838], [121.46663934218613, 31.20680476373401], [121.46646865282638, 31.2067860651818]]]}}, {"type": "Feature", "properties": {"bid": 211, "stakeholder": "developer"}, "geometry": {"type": "Polygon", "coordinates": [[[121.46598131155496, 31.206951344703043], [121.4660023241024, 31.20690583447958], [121.46596040701117, 31.20689592953232], [121.4659324088518, 31.20693928929517], [121.46598131155496, 31.206951344703043]]]}}, {"type": "Feature", "properties": {"bid": 212, "stakeholder": "developer"}, "geometry": {"type": "Polygon", "coordinates": [[[121.46642650816932, 31.206988003902836], [121.46642244031808, 31.20705786543021], [121.46659610075517, 31.207098613098587], [121.46662812043769, 31.207029358905807], [121.46652532447945, 31.207002142979775], [121.46653732837252, 31.206979420299838], [121.46640458894683, 31.206947556086888], [121.46642650816932, 31.206988003902836]]]}}, {"type": "Feature", "properties": {"bid": 213, "stakeholder": "developer"}, "geometry": {"type": "Polygon", "coordinates": [[[121.46700362780837, 31.206896615788473], [121.46675210752494, 31.206845186443616], [121.46664902775025, 31.20708277528894], [121.46650204639069, 31.207299424144765], [121.4664420818857, 31.207362075194787], [121.46670258463926, 31.20741270393586], [121.466790557134, 31.20729869780046], [121.4669015538184, 31.20712623352114], [121.46700362780837, 31.206896615788473]]]}}, {"type": "Feature", "properties": {"bid": 214, "stakeholder": "developer"}, "geometry": {"type": "Polygon", "coordinates": [[[121.46903768500215, 31.206560851083726], [121.46905770937927, 31.206509318489907], [121.46898883774224, 31.20648985186375], [121.4689688145305, 31.206540384968715], [121.46903768500215, 31.206560851083726]]]}}, {"type": "Feature", "properties": {"bid": 215, "stakeholder": "developer"}, "geometry": {"type": "Polygon", "coordinates": [[[121.4692452969939, 31.206622266075048], [121.46926532164662, 31.206570732759474], [121.46911759659734, 31.20652759217898], [121.46909657479159, 31.20657810428048], [121.4692452969939, 31.206622266075048]]]}}, {"type": "Feature", "properties": {"bid": 216, "stakeholder": "developer"}, "geometry": {"type": "Polygon", "coordinates": [[[121.46964575495292, 31.206557891245666], [121.46956190324875, 31.20653811163288], [121.469502807146, 31.206710722677656], [121.46957667385799, 31.20673028976945], [121.46958868977333, 31.206698569631435], [121.46964658578031, 31.206713797099443], [121.46972972452456, 31.206468750215315], [121.46959795987516, 31.206434957256132], [121.46958093322483, 31.20648355804212], [121.46966478289346, 31.206505335858644], [121.46964575495292, 31.206557891245666]]]}}, {"type": "Feature", "properties": {"bid": 217, "stakeholder": "developer"}, "geometry": {"type": "Polygon", "coordinates": [[[121.46937605528967, 31.20666004347509], [121.46939508059849, 31.206609487557788], [121.46932620825952, 31.206589025693575], [121.46930618459851, 31.20663955996991], [121.46937605528967, 31.20666004347509]]]}}, {"type": "Feature", "properties": {"bid": 218, "stakeholder": "resident"}, "geometry": {"type": "Polygon", "coordinates": [[[121.46951236746344, 31.206840170070908], [121.46961594406436, 31.20691047798391], [121.46971137625476, 31.206806614213342], [121.46960779974394, 31.206736306370395], [121.46951236746344, 31.206840170070908]]]}}, {"type": "Feature", "properties": {"bid": 219, "stakeholder": "developer"}, "geometry": {"type": "Polygon", "coordinates": [[[121.46898653792448, 31.206771600209436], [121.46891751437956, 31.206894027772133], [121.46900933010488, 31.2069319753349], [121.46907735563072, 31.206809525281255], [121.46898653792448, 31.206771600209436]]]}}, {"type": "Feature", "properties": {"bid": 220, "stakeholder": "developer"}, "geometry": {"type": "Polygon", "coordinates": [[[121.46907735563072, 31.206809525281255], [121.46900933010488, 31.2069319753349], [121.46909815118784, 31.20696985721372], [121.46918711845387, 31.20687183826498], [121.46912623992434, 31.206846549005945], [121.46915024723887, 31.20680509436817], [121.46895661224586, 31.206745974989644], [121.46894060864327, 31.206772611645526], [121.46886775998972, 31.206738068903913], [121.46880673814839, 31.206847676639264], [121.46891751437956, 31.206894027772133], [121.46898653792448, 31.206771600209436], [121.46907735563072, 31.206809525281255]]]}}, {"type": "Feature", "properties": {"bid": 221, "stakeholder": "developer"}, "geometry": {"type": "Polygon", "coordinates": [[[121.46917995818556, 31.20703157009064], [121.46928190777113, 31.20693182960843], [121.46938566459515, 31.20700999854732], [121.46928171742468, 31.20710969813763], [121.46935853665, 31.20716830367666], [121.46945648829627, 31.20707347067798], [121.46941658122513, 31.2070436370418], [121.46944856588972, 31.207012344741138], [121.4692789638558, 31.206883800871026], [121.46924697955774, 31.206915092170334], [121.46918711845387, 31.20687183826498], [121.46909815118784, 31.20696985721372], [121.46917995818556, 31.20703157009064]]]}}, {"type": "Feature", "properties": {"bid": 222, "stakeholder": "developer"}, "geometry": {"type": "Polygon", "coordinates": [[[121.46928190777113, 31.20693182960843], [121.46917995818556, 31.20703157009064], [121.46928171742468, 31.20710969813763], [121.46938566459515, 31.20700999854732], [121.46928190777113, 31.20693182960843]]]}}, {"type": "Feature", "properties": {"bid": 223, "stakeholder": "state"}, "geometry": {"type": "Polygon", "coordinates": [[[121.46873648652316, 31.207063258240986], [121.46860454500853, 31.20706608203938], [121.4686078302843, 31.20717948805762], [121.46873977195818, 31.207176664220604], [121.46873648652316, 31.207063258240986]]]}}, {"type": "Feature", "properties": {"bid": 224, "stakeholder": "developer"}, "geometry": {"type": "Polygon", "coordinates": [[[121.46478462842911, 31.206735473776966], [121.46481851445482, 31.206786173661783], [121.46484156034889, 31.206705732043417], [121.46478462842911, 31.206735473776966]]]}}, {"type": "Feature", "properties": {"bid": 225, "stakeholder": "developer"}, "geometry": {"type": "Polygon", "coordinates": [[[121.46486852846681, 31.206691328364293], [121.46482168058401, 31.206626357003188], [121.46479271603438, 31.20664071740781], [121.46477477484837, 31.206615345826492], [121.4647328270096, 31.206635420186267], [121.46477967267528, 31.20670238982466], [121.46476768650871, 31.206709124603773], [121.46474276847766, 31.206673608758255], [121.46470781037033, 31.206691836347996], [121.46472176403108, 31.206712124891453], [121.46469479706845, 31.206725529549495], [121.46474164277868, 31.20679249910206], [121.46467871954623, 31.206824109729553], [121.46468868570173, 31.206839315292086], [121.46466371522003, 31.20685276334222], [121.46468663899566, 31.206886237237143], [121.46482546990548, 31.206816303200977], [121.4648105008414, 31.20681198106245], [121.46481851445482, 31.206786173661783], [121.46478462842911, 31.206735473776966], [121.46486852846681, 31.206691328364293]]]}}, {"type": "Feature", "properties": {"bid": 226, "stakeholder": "developer"}, "geometry": {"type": "Polygon", "coordinates": [[[121.46491042603147, 31.206718219570693], [121.46488937335289, 31.206801702241084], [121.46494731216364, 31.206763988425557], [121.46491042603147, 31.206718219570693]]]}}, {"type": "Feature", "properties": {"bid": 227, "stakeholder": "developer"}, "geometry": {"type": "Polygon", "coordinates": [[[121.4648793632839, 31.20682746625829], [121.46491042603147, 31.206718219570693], [121.46484156034889, 31.206705732043417], [121.46481851445482, 31.206786173661783], [121.4648105008414, 31.20681198106245], [121.4648793632839, 31.20682746625829]]]}}, {"type": "Feature", "properties": {"bid": 228, "stakeholder": "developer"}, "geometry": {"type": "Polygon", "coordinates": [[[121.4649880682614, 31.206924759120625], [121.46497212229258, 31.206900429940497], [121.46499010106038, 31.206890827599352], [121.46494923582361, 31.206831981524545], [121.46502314847248, 31.206792616295044], [121.46500520715097, 31.206767244474857], [121.46502318487946, 31.206758641429076], [121.46500624072506, 31.206734290556135], [121.46497627785537, 31.20674862899766], [121.46496631058994, 31.206734422536275], [121.4650362261234, 31.20669896768885], [121.46501230511386, 31.206664472424226], [121.46498134185538, 31.20668078769143], [121.46496738920234, 31.20665949968486], [121.46489547409271, 31.20669790919493], [121.46494731216364, 31.206763988425557], [121.46488937335289, 31.206801702241084], [121.4648793632839, 31.20682746625829], [121.46486738780449, 31.206824208361805], [121.46495011429408, 31.20694392046511], [121.4649880682614, 31.206924759120625]]]}}, {"type": "Feature", "properties": {"bid": 229, "stakeholder": "developer"}, "geometry": {"type": "Polygon", "coordinates": [[[121.46583137617485, 31.207132952429962], [121.46596740976884, 31.20688209180934], [121.46612333929193, 31.206697616661817], [121.46589777628174, 31.206652741049254], [121.4657268303024, 31.206877860270474], [121.46563979277006, 31.207053840625914], [121.4656267793232, 31.207087533398067], [121.46583137617485, 31.207132952429962]]]}}, {"type": "Feature", "properties": {"bid": 230, "stakeholder": "developer"}, "geometry": {"type": "Polygon", "coordinates": [[[121.4656267793232, 31.207087533398067], [121.46563979277006, 31.207053840625914], [121.46559883598468, 31.207079930895762], [121.4655987933212, 31.20711990138085], [121.46564667808674, 31.207149921710705], [121.46567962868697, 31.207142643816155], [121.46585928135414, 31.207176528442123], [121.46589830913014, 31.20708744132628], [121.46585739148473, 31.207076558810577], [121.46583137617485, 31.207132952429962], [121.4656267793232, 31.207087533398067]]]}}, {"type": "Feature", "properties": {"bid": 231, "stakeholder": "unknown"}, "geometry": {"type": "Polygon", "coordinates": [[[121.46483129948598, 31.207653971637896], [121.46479767448139, 31.20760897682458], [121.46491546020901, 31.20754394934479], [121.46494908522857, 31.207588944118914], [121.46497525981297, 31.207574493549078], [121.46491641604683, 31.207495752699145], [121.46495567789765, 31.207474076860397], [121.46488842800576, 31.207384087284158], [121.46482299159297, 31.207420213633974], [121.46487342898574, 31.207487705854774], [121.46474255596452, 31.207559958551087], [121.46481821216986, 31.20766119691319], [121.46483129948598, 31.207653971637896]]]}}, {"type": "Feature", "properties": {"bid": 232, "stakeholder": "developer"}, "geometry": {"type": "Polygon", "coordinates": [[[121.46538332676484, 31.207911649360195], [121.46544817003621, 31.207953030393007], [121.46549301076983, 31.208029951125525], [121.46549593398062, 31.208097966368754], [121.46554982004001, 31.208117125017683], [121.46558981488384, 31.208056038537226], [121.46556594759136, 31.207969580771476], [121.46549315507035, 31.207893051645726], [121.46538938473134, 31.207846827263328], [121.46528757213356, 31.207837619405545], [121.46522263847034, 31.207882175564013], [121.46524553668428, 31.20794063192517], [121.46531644393666, 31.207911194966123], [121.46538332676484, 31.207911649360195]]]}}, {"type": "Feature", "properties": {"bid": 233, "stakeholder": "developer"}, "geometry": {"type": "Polygon", "coordinates": [[[121.4659162302179, 31.20807412764645], [121.46600112916938, 31.208031005546786], [121.46599317996879, 31.207995857583008], [121.46595325925603, 31.207985995998], [121.46593933532516, 31.20793672808651], [121.46590042876026, 31.207911899214704], [121.4658535014537, 31.207919872484748], [121.4658275090087, 31.207955281743576], [121.46583047005255, 31.20798732337869], [121.4658643800368, 31.20801704006487], [121.46586336179018, 31.20803600442491], [121.46588130296074, 31.208062376044104], [121.4659162302179, 31.20807412764645]]]}}, {"type": "Feature", "properties": {"bid": 234, "stakeholder": "developer"}, "geometry": {"type": "Polygon", "coordinates": [[[121.46060495923312, 31.20676881498923], [121.46084094493324, 31.206401045057923], [121.46076113162884, 31.20635639581377], [121.4607951278208, 31.20630514857958], [121.46053074056795, 31.206161692276563], [121.46043664880496, 31.206397548954282], [121.46053243608742, 31.206441526741504], [121.46057644612337, 31.206361508319613], [121.46064329877616, 31.206390891985397], [121.46053228489347, 31.206582422414947], [121.46049336803355, 31.206567616346433], [121.46043734264266, 31.206681359769618], [121.46060495923312, 31.20676881498923]]]}}, {"type": "Feature", "properties": {"bid": 235, "stakeholder": "developer"}, "geometry": {"type": "Polygon", "coordinates": [[[121.46135080939644, 31.206629660811974], [121.4611233433625, 31.20650293434887], [121.46104736490646, 31.206606253981924], [121.46127383331476, 31.20673295506515], [121.46135080939644, 31.206629660811974]]]}}, {"type": "Feature", "properties": {"bid": 236, "stakeholder": "resident"}, "geometry": {"type": "Polygon", "coordinates": [[[121.45868031895816, 31.20574469229859], [121.45880010476505, 31.205760124697743], [121.45879608335804, 31.20578602390106], [121.45886995091621, 31.205795526446646], [121.45890805804073, 31.205638419226084], [121.45868446370459, 31.205604877631174], [121.45866337967335, 31.205714369060267], [121.45868434148258, 31.205717793668608], [121.45868031895816, 31.20574469229859]]]}}, {"type": "Feature", "properties": {"bid": 237, "stakeholder": "resident"}, "geometry": {"type": "Polygon", "coordinates": [[[121.4578884983248, 31.20584161061356], [121.45796836772001, 31.20584421234076], [121.45797243141351, 31.20577934079103], [121.45793549245978, 31.205777600001785], [121.45793454917704, 31.20572661784269], [121.45788968468037, 31.205667759844566], [121.4578884983248, 31.20584161061356]]]}}, {"type": "Feature", "properties": {"bid": 238, "stakeholder": "resident"}, "geometry": {"type": "Polygon", "coordinates": [[[121.45843853979284, 31.205906660062734], [121.45844055483282, 31.205889713150953], [121.45828982284866, 31.205868675273393], [121.45828278686669, 31.20591250138767], [121.45825081886619, 31.205930841909826], [121.45824877685959, 31.205972770426506], [121.4585312685034, 31.2060174627743], [121.45855133563396, 31.205924937273785], [121.45843853979284, 31.205906660062734]]]}}, {"type": "Feature", "properties": {"bid": 239, "stakeholder": "unknown"}, "geometry": {"type": "Polygon", "coordinates": [[[121.45780920591271, 31.205858759747134], [121.45767664704827, 31.205882180365823], [121.45768050196136, 31.206050993634122], [121.45768858822238, 31.206084806218715], [121.45785618368377, 31.206055195218934], [121.45780920591271, 31.205858759747134]]]}}, {"type": "Feature", "properties": {"bid": 240, "stakeholder": "resident"}, "geometry": {"type": "Polygon", "coordinates": [[[121.45870398329747, 31.20601897691011], [121.45869896253487, 31.20604585520509], [121.45880377010133, 31.20606398058806], [121.45882779569799, 31.206003514917544], [121.45880483739006, 31.20600004842896], [121.45881687339376, 31.205948331529036], [121.4586641523149, 31.205923234208907], [121.45866113573378, 31.20594315840418], [121.45855133563396, 31.205924937273785], [121.4585312685034, 31.2060174627743], [121.4586280914282, 31.206034419774376], [121.4586341116294, 31.20600656239895], [121.45870398329747, 31.20601897691011]]]}}, {"type": "Feature", "properties": {"bid": 241, "stakeholder": "resident"}, "geometry": {"type": "Polygon", "coordinates": [[[121.45814895234027, 31.205959764486003], [121.45805613306288, 31.205930915013305], [121.45798607334893, 31.206090390768452], [121.45807889308696, 31.20611923761299], [121.45814895234027, 31.205959764486003]]]}}, {"type": "Feature", "properties": {"bid": 242, "stakeholder": "resident"}, "geometry": {"type": "Polygon", "coordinates": [[[121.4586341116294, 31.20600656239895], [121.4586280914282, 31.206034419774376], [121.45869896253487, 31.20604585520509], [121.45870398329747, 31.20601897691011], [121.4586341116294, 31.20600656239895]]]}}, {"type": "Feature", "properties": {"bid": 243, "stakeholder": "unknown"}, "geometry": {"type": "Polygon", "coordinates": [[[121.45830453846565, 31.206109799206835], [121.45814285007975, 31.206063566632462], [121.45811781337568, 31.206135010417707], [121.45828349332986, 31.206183320601664], [121.45830453846565, 31.206109799206835]]]}}, {"type": "Feature", "properties": {"bid": 244, "stakeholder": "resident"}, "geometry": {"type": "Polygon", "coordinates": [[[121.4580878246312, 31.206169381405747], [121.45800898434845, 31.20613881655537], [121.457939927506, 31.206294316788338], [121.45801976656605, 31.206324899496217], [121.4580878246312, 31.206169381405747]]]}}, {"type": "Feature", "properties": {"bid": 245, "stakeholder": "resident"}, "geometry": {"type": "Polygon", "coordinates": [[[121.45777336803656, 31.206132094391933], [121.45776799705311, 31.206484733179597], [121.45790477711967, 31.20648647293781], [121.45791015022145, 31.20613183592048], [121.45777336803656, 31.206132094391933]]]}}, {"type": "Feature", "properties": {"bid": 246, "stakeholder": "resident"}, "geometry": {"type": "Polygon", "coordinates": [[[121.45868972146525, 31.20628349581398], [121.45856996064323, 31.206244086127462], [121.45844585466239, 31.20653135890581], [121.45856561753952, 31.20656976369787], [121.45868972146525, 31.20628349581398]]]}}, {"type": "Feature", "properties": {"bid": 247, "stakeholder": "resident"}, "geometry": {"type": "Polygon", "coordinates": [[[121.4579047257014, 31.20653443743436], [121.45790477711967, 31.20648647293781], [121.45776799705311, 31.206484733179597], [121.45776694831602, 31.20653167845217], [121.4579047257014, 31.20653443743436]]]}}, {"type": "Feature", "properties": {"bid": 248, "stakeholder": "resident"}, "geometry": {"type": "Polygon", "coordinates": [[[121.45802041026981, 31.20665567470934], [121.4580726395593, 31.206363935575155], [121.45796183387506, 31.206348717692546], [121.45791764364583, 31.206591655599485], [121.45780683681312, 31.20657644480155], [121.45778072256121, 31.206721817547933], [121.45789352637304, 31.206737067183266], [121.45791160200395, 31.20663949996441], [121.45802041026981, 31.20665567470934]]]}}, {"type": "Feature", "properties": {"bid": 249, "stakeholder": "resident"}, "geometry": {"type": "Polygon", "coordinates": [[[121.45852655377678, 31.206688884175424], [121.45834088964797, 31.206658140617147], [121.45836999069843, 31.20651982928695], [121.45824721422103, 31.20649736134191], [121.45821711027916, 31.20663965096451], [121.45828099144954, 31.20665393168173], [121.45831391372496, 31.20667658138126], [121.45831985896963, 31.20671867147712], [121.45830984335191, 31.206748447440358], [121.45850548810405, 31.20678238914968], [121.45852655377678, 31.206688884175424]]]}}, {"type": "Feature", "properties": {"bid": 250, "stakeholder": "unknown"}, "geometry": {"type": "Polygon", "coordinates": [[[121.4587862165099, 31.206605232951517], [121.45873331888959, 31.206591163583827], [121.45868926064348, 31.20671317771064], [121.45874415507681, 31.206727286918813], [121.4587862165099, 31.206605232951517]]]}}, {"type": "Feature", "properties": {"bid": 251, "stakeholder": "resident"}, "geometry": {"type": "Polygon", "coordinates": [[[121.45831391372496, 31.20667658138126], [121.45828099144954, 31.20665393168173], [121.45821711027916, 31.20663965096451], [121.45819904459982, 31.206728222588147], [121.45830984335191, 31.206748447440358], [121.45831985896963, 31.20671867147712], [121.45831391372496, 31.20667658138126]]]}}, {"type": "Feature", "properties": {"bid": 252, "stakeholder": "resident"}, "geometry": {"type": "Polygon", "coordinates": [[[121.4578905162706, 31.206750996793577], [121.4580003241475, 31.206766191401815], [121.45802041026981, 31.20665567470934], [121.45791160200395, 31.20663949996441], [121.4578905162706, 31.206750996793577]]]}}, {"type": "Feature", "properties": {"bid": 253, "stakeholder": "unknown"}, "geometry": {"type": "Polygon", "coordinates": [[[121.458143020936, 31.206842926945562], [121.45783880507328, 31.20680174449207], [121.45782853782873, 31.206857775808317], [121.45813275388537, 31.206898958247937], [121.458143020936, 31.206842926945562]]]}}, {"type": "Feature", "properties": {"bid": 254, "stakeholder": "state"}, "geometry": {"type": "Polygon", "coordinates": [[[121.4580510503249, 31.206946082906363], [121.45814090149234, 31.206949890427772], [121.4581419360884, 31.206915935632708], [121.457745585711, 31.20690198522941], [121.45774046701366, 31.20702079767743], [121.45804596689402, 31.2070319190712], [121.4580510503249, 31.206946082906363]]]}}, {"type": "Feature", "properties": {"bid": 255, "stakeholder": "state"}, "geometry": {"type": "Polygon", "coordinates": [[[121.45987692491371, 31.206104072914343], [121.45990603877897, 31.205952787341463], [121.45995208680368, 31.20583582985739], [121.45975248954382, 31.205777722974734], [121.459739476212, 31.20581042935526], [121.45969356920261, 31.205796487204736], [121.45968055584513, 31.20582919383628], [121.45976937931016, 31.20585301928043], [121.45975536233574, 31.20589070118336], [121.45950187068765, 31.20581750337715], [121.45951388693959, 31.20578377609644], [121.45943803924081, 31.20576122519344], [121.45945505567691, 31.205719606624083], [121.45930934618741, 31.205677630921517], [121.45929032327854, 31.205728202548748], [121.45935719004594, 31.20574756669759], [121.45933917200273, 31.205792163045036], [121.45927130578356, 31.205773778023676], [121.45919322954103, 31.205965033547667], [121.45925410791948, 31.205983272981765], [121.45927213025345, 31.205934679042798], [121.45987692491371, 31.206104072914343]]]}}, {"type": "Feature", "properties": {"bid": 256, "stakeholder": "resident"}, "geometry": {"type": "Polygon", "coordinates": [[[121.45893376262303, 31.205871777021063], [121.45888485235628, 31.20586378198066], [121.45886979655894, 31.20593842029843], [121.45891770854782, 31.20594639465633], [121.45893376262303, 31.205871777021063]]]}}, {"type": "Feature", "properties": {"bid": 257, "stakeholder": "developer"}, "geometry": {"type": "Polygon", "coordinates": [[[121.46004488769856, 31.206203166269557], [121.46001374721858, 31.206273900421518], [121.46027091776715, 31.206357543914834], [121.46031373563555, 31.206260284418406], [121.46014914662734, 31.20620675267944], [121.46013746898386, 31.206233277989366], [121.46004488769856, 31.206203166269557]]]}}, {"type": "Feature", "properties": {"bid": 258, "stakeholder": "state"}, "geometry": {"type": "Polygon", "coordinates": [[[121.45970661708327, 31.206659137363992], [121.45985576526027, 31.20628550249785], [121.4598946862385, 31.206297303304602], [121.46000079067369, 31.206032702327892], [121.45995089104419, 31.206018673274972], [121.45996891173048, 31.205971082727853], [121.45990603877897, 31.205952787341463], [121.45987692491371, 31.206104072914343], [121.45966170709666, 31.20664621558268], [121.45970661708327, 31.206659137363992]]]}}, {"type": "Feature", "properties": {"bid": 259, "stakeholder": "state"}, "geometry": {"type": "Polygon", "coordinates": [[[121.45927213025345, 31.205934679042798], [121.45904688897669, 31.206507637639618], [121.45965069170903, 31.206677964536546], [121.45966170709666, 31.20664621558268], [121.45987692491371, 31.206104072914343], [121.45927213025345, 31.205934679042798]]]}}, {"type": "Feature", "properties": {"bid": 260, "stakeholder": "unknown"}, "geometry": {"type": "Polygon", "coordinates": [[[121.45886024378684, 31.20646584548034], [121.4587953707494, 31.206447533146328], [121.45874331719824, 31.20657737743665], [121.45880719104902, 31.206596667414253], [121.45886024378684, 31.20646584548034]]]}}, {"type": "Feature", "properties": {"bid": 261, "stakeholder": "developer"}, "geometry": {"type": "Polygon", "coordinates": [[[121.45991907745064, 31.20682543159398], [121.46017156930327, 31.20689664414323], [121.46025868432321, 31.206649641800432], [121.46000120325493, 31.206577319432775], [121.45999519862788, 31.206591184392785], [121.45994130687757, 31.2065760730722], [121.4599062206255, 31.206712245265237], [121.45989224797155, 31.2067089569802], [121.459869213851, 31.2067774288796], [121.45992709782762, 31.206793621289705], [121.45991907745064, 31.20682543159398]]]}}, {"type": "Feature", "properties": {"bid": 262, "stakeholder": "state"}, "geometry": {"type": "Polygon", "coordinates": [[[121.45888676220024, 31.206874094746414], [121.45875899870181, 31.206850501405086], [121.45873994402575, 31.206931054886464], [121.45886770874438, 31.20695364807494], [121.45888676220024, 31.206874094746414]]]}}, {"type": "Feature", "properties": {"bid": 263, "stakeholder": "developer"}, "geometry": {"type": "Polygon", "coordinates": [[[121.46037367298572, 31.207411502974715], [121.46038169189693, 31.20738069295124], [121.46022499687501, 31.207347437889386], [121.46021498243806, 31.207377207318647], [121.46037367298572, 31.207411502974715]]]}}, {"type": "Feature", "properties": {"bid": 264, "stakeholder": "state"}, "geometry": {"type": "Polygon", "coordinates": [[[121.45988385487432, 31.20803383588901], [121.45990486274765, 31.207992302395898], [121.45993407782545, 31.20774108920006], [121.45997438926952, 31.207382184536023], [121.45996447333665, 31.207319023186805], [121.459924538138, 31.207322189659237], [121.45990854028607, 31.20734583989815], [121.45983800445664, 31.20796593102114], [121.45985293452567, 31.20800821124186], [121.45988385487432, 31.20803383588901]]]}}, {"type": "Feature", "properties": {"bid": 265, "stakeholder": "developer"}, "geometry": {"type": "Polygon", "coordinates": [[[121.46049336803355, 31.206567616346433], [121.46047041569534, 31.20656014024633], [121.46048242797167, 31.206529414261524], [121.46045049455095, 31.20651875219761], [121.46043047799526, 31.20656629842357], [121.46038756582867, 31.20655340842001], [121.46040759314577, 31.20649586934786], [121.46039262572958, 31.20648956026394], [121.46042667054337, 31.206393342808962], [121.46039174445389, 31.20638062004725], [121.4603196285485, 31.20660394957121], [121.46034757230645, 31.206611529097703], [121.46033456496116, 31.206639236896432], [121.46039942924507, 31.206661579351593], [121.46033726798193, 31.206912097864056], [121.46049196568788, 31.206945316130202], [121.46054110539501, 31.206735497770918], [121.46043734264266, 31.206681359769618], [121.46049336803355, 31.206567616346433]]]}}, {"type": "Feature", "properties": {"bid": 266, "stakeholder": "developer"}, "geometry": {"type": "Polygon", "coordinates": [[[121.46098234780813, 31.20672779349849], [121.46081571545051, 31.206655330869168], [121.46076670841444, 31.20674123702423], [121.46093134461172, 31.206813655415203], [121.46098234780813, 31.20672779349849]]]}}, {"type": "Feature", "properties": {"bid": 267, "stakeholder": "developer"}, "geometry": {"type": "Polygon", "coordinates": [[[121.46076145347594, 31.2069879496172], [121.46075948363955, 31.206962926059763], [121.46074252840322, 31.206948579388325], [121.46071856837354, 31.20695007404106], [121.46070357548511, 31.2069677459175], [121.46072150341183, 31.207006095693657], [121.46074546237163, 31.20700560032224], [121.46076145347594, 31.2069879496172]]]}}, {"type": "Feature", "properties": {"bid": 268, "stakeholder": "developer"}, "geometry": {"type": "Polygon", "coordinates": [[[121.46070557730924, 31.20696279158222], [121.46073055159002, 31.206946328909222], [121.46075948363955, 31.206962926059763], [121.46075445616918, 31.206996795961796], [121.46072150341183, 31.207006095693657], [121.46069542122915, 31.207125461488026], [121.46073534149947, 31.207135294474753], [121.46076342332096, 31.207012973178568], [121.46077839272517, 31.20701728531178], [121.46079343140923, 31.206956645467127], [121.46065270859685, 31.206925706183483], [121.4606406784276, 31.20697341909909], [121.46070355416373, 31.20698773115924], [121.46070557730924, 31.20696279158222]]]}}, {"type": "Feature", "properties": {"bid": 269, "stakeholder": "developer"}, "geometry": {"type": "Polygon", "coordinates": [[[121.46163591398705, 31.206998452259302], [121.4614892006407, 31.206971353042206], [121.46146111178835, 31.20710066400328], [121.46160782526294, 31.207127762287772], [121.46163591398705, 31.206998452259302]]]}}, {"type": "Feature", "properties": {"bid": 270, "stakeholder": "developer"}, "geometry": {"type": "Polygon", "coordinates": [[[121.46058554795695, 31.207185109099147], [121.46071728376671, 31.20721885468294], [121.46073534149947, 31.207135294474753], [121.46069542122915, 31.207125461488026], [121.46072150341183, 31.207006095693657], [121.46070355416373, 31.20698773115924], [121.4606406784276, 31.20697341909909], [121.46058554795695, 31.207185109099147]]]}}, {"type": "Feature", "properties": {"bid": 271, "stakeholder": "developer"}, "geometry": {"type": "Polygon", "coordinates": [[[121.46047494739912, 31.206989927186385], [121.46032223757243, 31.206964745529483], [121.46024099347085, 31.207324788465545], [121.46039370278756, 31.207350965812626], [121.46047494739912, 31.206989927186385]]]}}, {"type": "Feature", "properties": {"bid": 272, "stakeholder": "developer"}, "geometry": {"type": "Polygon", "coordinates": [[[121.46125755731349, 31.20701740648525], [121.4610110275895, 31.206980218295474], [121.46100196672398, 31.207051975564912], [121.46114969495206, 31.20706508887236], [121.46107348375985, 31.20738824620008], [121.46076804671976, 31.2073588232114], [121.46075198789471, 31.207440426818476], [121.4611332740245, 31.207487439660675], [121.46125755731349, 31.20701740648525]]]}}, {"type": "Feature", "properties": {"bid": 273, "stakeholder": "developer"}, "geometry": {"type": "Polygon", "coordinates": [[[121.46107956334538, 31.207303435297263], [121.46097275942054, 31.20729418563507], [121.46098785942729, 31.20717558922751], [121.4608311473994, 31.207161293644504], [121.46081100302524, 31.207329748759776], [121.46107352087631, 31.207353271964678], [121.46107956334538, 31.207303435297263]]]}}, {"type": "Feature", "properties": {"bid": 274, "stakeholder": "developer"}, "geometry": {"type": "Polygon", "coordinates": [[[121.46065916581153, 31.207424485242257], [121.4605004768397, 31.207390176523518], [121.46049045721986, 31.207424941474983], [121.46064914731905, 31.20745825048903], [121.46065916581153, 31.207424485242257]]]}}, {"type": "Feature", "properties": {"bid": 275, "stakeholder": "state"}, "geometry": {"type": "Polygon", "coordinates": [[[121.45888866183486, 31.206965068401534], [121.45868102529607, 31.206945843031562], [121.45867899879408, 31.206973781717068], [121.45888563810196, 31.206991987267198], [121.45888866183486, 31.206965068401534]]]}}, {"type": "Feature", "properties": {"bid": 276, "stakeholder": "state"}, "geometry": {"type": "Polygon", "coordinates": [[[121.45858121068126, 31.206925825326202], [121.45853130849184, 31.20691082158913], [121.45847826305112, 31.207034655510704], [121.45852816541776, 31.207049658239725], [121.45858121068126, 31.206925825326202]]]}}, {"type": "Feature", "properties": {"bid": 277, "stakeholder": "state"}, "geometry": {"type": "Polygon", "coordinates": [[[121.45844442892144, 31.206931043163774], [121.45827471410291, 31.206922611989455], [121.45827167001573, 31.206968517537568], [121.45818581303833, 31.20696478582295], [121.45818075094849, 31.207030636468403], [121.45843532238086, 31.207044776945963], [121.45844442892144, 31.206931043163774]]]}}, {"type": "Feature", "properties": {"bid": 278, "stakeholder": "state"}, "geometry": {"type": "Polygon", "coordinates": [[[121.45866300092644, 31.206996439551116], [121.45862307062941, 31.206992629186963], [121.45860899916512, 31.207081279297885], [121.45864992677025, 31.207086109030907], [121.45866300092644, 31.206996439551116]]]}}, {"type": "Feature", "properties": {"bid": 279, "stakeholder": "state"}, "geometry": {"type": "Polygon", "coordinates": [[[121.45767949045762, 31.2070895297391], [121.45804390101183, 31.20709683099255], [121.45804596689402, 31.2070319190712], [121.45774046701366, 31.20702079767743], [121.45768355956285, 31.207018661794507], [121.45767949045762, 31.2070895297391]]]}}, {"type": "Feature", "properties": {"bid": 280, "stakeholder": "state"}, "geometry": {"type": "Polygon", "coordinates": [[[121.45861397916123, 31.20709237270126], [121.45851318174142, 31.207057348324373], [121.45845614205895, 31.207182100985953], [121.45855594258968, 31.20721610363108], [121.45861397916123, 31.20709237270126]]]}}, {"type": "Feature", "properties": {"bid": 281, "stakeholder": "state"}, "geometry": {"type": "Polygon", "coordinates": [[[121.45829338506032, 31.207202788888193], [121.45839021485972, 31.207214740752764], [121.45839925737107, 31.207160962505665], [121.45843020304811, 31.207164587326247], [121.45843823766255, 31.20711978236261], [121.45810681753939, 31.207080110035523], [121.45809978111356, 31.20712493614649], [121.45830242763111, 31.2071490103009], [121.45829338506032, 31.207202788888193]]]}}, {"type": "Feature", "properties": {"bid": 282, "stakeholder": "state"}, "geometry": {"type": "Polygon", "coordinates": [[[121.45856583476439, 31.20730224313496], [121.45849695329684, 31.207296847312872], [121.45848887221631, 31.20738561975242], [121.45855775372024, 31.20739101536452], [121.45856583476439, 31.20730224313496]]]}}, {"type": "Feature", "properties": {"bid": 283, "stakeholder": "state"}, "geometry": {"type": "Polygon", "coordinates": [[[121.45794252369205, 31.20760542908051], [121.45795651683225, 31.20759072066556], [121.45795554801556, 31.207562721196503], [121.45792261943427, 31.207545072501034], [121.45788466823775, 31.207556302871073], [121.45787963831141, 31.207592176356737], [121.45791256594237, 31.207610823734633], [121.45794252369205, 31.20760542908051]]]}}, {"type": "Feature", "properties": {"bid": 284, "stakeholder": "developer"}, "geometry": {"type": "Polygon", "coordinates": [[[121.46034631959218, 31.20778966039796], [121.46037327150258, 31.20779122370089], [121.46037428345687, 31.207778254137512], [121.46045214532047, 31.20778188331781], [121.46045112704861, 31.207800848455005], [121.46056393593439, 31.207797218261305], [121.46056698021881, 31.207750315611342], [121.46050509071381, 31.207747018747227], [121.46050712940348, 31.20770708998504], [121.46054905388212, 31.20770996793714], [121.46056308849813, 31.207654302323018], [121.46047724090452, 31.20765050326895], [121.46047927331938, 31.2076165701007], [121.46052918596583, 31.20761761669036], [121.46053226633957, 31.20753673904903], [121.46048534845853, 31.207535755194602], [121.46048433857176, 31.207546726180684], [121.46035557943026, 31.207529040128573], [121.46035150288971, 31.207607898502832], [121.4603864397941, 31.2076106282837], [121.46038641550082, 31.20763361138251], [121.4602945778172, 31.207629691473134], [121.46030748975295, 31.20769191727469], [121.46034342708322, 31.207692668961208], [121.46034139153939, 31.20772960001853], [121.46026652309762, 31.207727035213452], [121.46026548161603, 31.207767984248733], [121.46034633750412, 31.207772672876565], [121.46034631959218, 31.20778966039796]]]}}, {"type": "Feature", "properties": {"bid": 285, "stakeholder": "developer"}, "geometry": {"type": "Polygon", "coordinates": [[[121.46125989196673, 31.207639011875703], [121.4612197875764, 31.207804044878568], [121.46131659908589, 31.20782208313108], [121.46135870085504, 31.20765609410552], [121.46125989196673, 31.207639011875703]]]}}, {"type": "Feature", "properties": {"bid": 286, "stakeholder": "developer"}, "geometry": {"type": "Polygon", "coordinates": [[[121.46081164459737, 31.20766652191758], [121.46069686227952, 31.207649117793938], [121.46066274154533, 31.207819278874695], [121.46077552648194, 31.207837639199685], [121.46081164459737, 31.20766652191758]]]}}, {"type": "Feature", "properties": {"bid": 287, "stakeholder": "developer"}, "geometry": {"type": "Polygon", "coordinates": [[[121.46158206833468, 31.2078836752168], [121.46156703290683, 31.20794231384076], [121.4616428852387, 31.20795591726989], [121.46167295818657, 31.207836642067548], [121.46152724183821, 31.207810561942434], [121.46154027146518, 31.207760874213527], [121.46134165918626, 31.207723684536404], [121.46131659908589, 31.20782208313108], [121.46131458998671, 31.207834032033023], [121.46158206833468, 31.2078836752168]]]}}, {"type": "Feature", "properties": {"bid": 288, "stakeholder": "developer"}, "geometry": {"type": "Polygon", "coordinates": [[[121.46110092199069, 31.207873480276987], [121.46123167158873, 31.20789423232008], [121.46123869288817, 31.207862403678003], [121.46106602481507, 31.2078337708171], [121.46105298774535, 31.207890454932624], [121.4610949073259, 31.20789733612139], [121.46110092199069, 31.207873480276987]]]}}, {"type": "Feature", "properties": {"bid": 289, "stakeholder": "developer"}, "geometry": {"type": "Polygon", "coordinates": [[[121.46130640433036, 31.20802372353342], [121.46120060445583, 31.20800949250355], [121.4611845414271, 31.208096090908793], [121.46129034135981, 31.20811032152761], [121.46130640433036, 31.20802372353342]]]}}, {"type": "Feature", "properties": {"bid": 290, "stakeholder": "developer"}, "geometry": {"type": "Polygon", "coordinates": [[[121.46157887817344, 31.208069475221354], [121.46132438296138, 31.208014111482726], [121.46130233689793, 31.2080945869389], [121.46155483585312, 31.208149906972775], [121.46157887817344, 31.208069475221354]]]}}, {"type": "Feature", "properties": {"bid": 291, "stakeholder": "resident"}, "geometry": {"type": "Polygon", "coordinates": [[[121.46074117575347, 31.20822763859496], [121.46077411782585, 31.20822833167273], [121.46077512967317, 31.208215362193027], [121.46086596766668, 31.20821927348549], [121.46086494954488, 31.208238238550567], [121.46099772167042, 31.208235042412237], [121.4609997704822, 31.20818512113891], [121.46092789835438, 31.20818260575509], [121.46093093706963, 31.20814069964915], [121.46097984972211, 31.208142730609953], [121.46099688162133, 31.208084131901337], [121.46089506333442, 31.2080799860152], [121.4608970975877, 31.208044054469447], [121.46095499443733, 31.208046274477113], [121.46096007385131, 31.20796244132333], [121.46081532053209, 31.207967385081297], [121.46081633243682, 31.207954415630518], [121.46075244588155, 31.207952071755017], [121.46074736643095, 31.20803590518273], [121.46078829444889, 31.20803676639035], [121.46078726892097, 31.208062726329445], [121.46068045981225, 31.208057481974272], [121.46067843080108, 31.208088417302523], [121.46069739749068, 31.208088815984873], [121.46069536535266, 31.20812274911208], [121.46073828783017, 31.208125650269615], [121.46073525328063, 31.20816355945601], [121.46064840791382, 31.208159735280507], [121.46064536605297, 31.208204639425116], [121.46074219388127, 31.20820867349738], [121.46074117575347, 31.20822763859496]]]}}, {"type": "Feature", "properties": {"bid": 292, "stakeholder": "resident"}, "geometry": {"type": "Polygon", "coordinates": [[[121.46097711319469, 31.208337205228542], [121.46097944397137, 31.208242690445413], [121.46086947993247, 31.208240687069164], [121.46086714904254, 31.208335201874625], [121.46097711319469, 31.208337205228542]]]}}, {"type": "Feature", "properties": {"bid": 293, "stakeholder": "resident"}, "geometry": {"type": "Polygon", "coordinates": [[[121.46119023783878, 31.20837601269908], [121.46136688910838, 31.20841372902851], [121.46136288367721, 31.20842563562866], [121.46145070994055, 31.20844448595318], [121.4615007998076, 31.208274670169306], [121.46114650168147, 31.208197214090834], [121.46109540877374, 31.208371010105342], [121.46118623029598, 31.208389918007814], [121.46119023783878, 31.20837601269908]]]}}, {"type": "Feature", "properties": {"bid": 294, "stakeholder": "state"}, "geometry": {"type": "Polygon", "coordinates": [[[121.45784704502249, 31.207257761868107], [121.4577542033296, 31.207247909786137], [121.45768059546845, 31.20793294920793], [121.45779340444335, 31.207944197150752], [121.4578449147257, 31.20738362913601], [121.45782195924049, 31.20737617446946], [121.45784704502249, 31.207257761868107]]]}}, {"type": "Feature", "properties": {"bid": 295, "stakeholder": "state"}, "geometry": {"type": "Polygon", "coordinates": [[[121.4578798793757, 31.207364343995266], [121.45792779113117, 31.20737529766183], [121.45802957692582, 31.207423309151906], [121.45807146520643, 31.207465122430445], [121.4581044399897, 31.207438805485374], [121.45811540829538, 31.207452017088762], [121.4580894253063, 31.2074754767674], [121.45814629108123, 31.20751559431119], [121.45822502565467, 31.20764609029868], [121.45827574611315, 31.207832982052636], [121.45827070385305, 31.207880845991784], [121.4582427014517, 31.20792624764897], [121.45831150947356, 31.20800258462322], [121.45837045542089, 31.20796280636381], [121.45833554662933, 31.2079301227144], [121.45839450725691, 31.20787635529172], [121.45840261084254, 31.20776559848798], [121.45834470532883, 31.207765425516467], [121.45838369377589, 31.207716250300795], [121.45838373488415, 31.207677278935982], [121.45832582297669, 31.207683101989456], [121.45831687890131, 31.207643948917227], [121.45835781778487, 31.20763878138859], [121.45834192117343, 31.207565511796247], [121.45828799937055, 31.207574414304478], [121.45828402283585, 31.20755834535668], [121.45833196297541, 31.207541327469862], [121.45827714320217, 31.207455279859065], [121.45823519304646, 31.207472419712875], [121.45818535638706, 31.207394469037467], [121.45815038713499, 31.2074187461248], [121.45813243769875, 31.20739839870344], [121.45814842957168, 31.207381733100874], [121.45806960502262, 31.207336177150243], [121.45809060366615, 31.207305621934943], [121.45798282702879, 31.207258486858667], [121.45795483320818, 31.207294898269076], [121.45789497489751, 31.207251727389625], [121.45787701036146, 31.207245371557846], [121.45784704502249, 31.207257761868107], [121.45782195924049, 31.20737617446946], [121.4578449147257, 31.20738362913601], [121.45786787229396, 31.20738908549476], [121.4578798793757, 31.207364343995266]]]}}, {"type": "Feature", "properties": {"bid": 296, "stakeholder": "state"}, "geometry": {"type": "Polygon", "coordinates": [[[121.45780010515375, 31.20821913564037], [121.45782804538796, 31.208233684960533], [121.45784404569406, 31.208209023142], [121.45790297125609, 31.208190218309596], [121.45787307101455, 31.208140653711666], [121.4579639655608, 31.208102505515058], [121.45799486187481, 31.20815408982469], [121.45802582719897, 31.208139722835476], [121.45804778095157, 31.208150157197675], [121.45806776409006, 31.208135569875022], [121.45806378944383, 31.20811750269775], [121.45812573025931, 31.208078778180322], [121.4580828527818, 31.208027950335065], [121.45799793341975, 31.20808120344117], [121.45797301381559, 31.208042729885282], [121.4577882395314, 31.208108976421215], [121.45781015490445, 31.208156381537258], [121.45770030879295, 31.20817616989689], [121.4577132304455, 31.208231388870438], [121.45780010515375, 31.20821913564037]]]}}, {"type": "Feature", "properties": {"bid": 297, "stakeholder": "state"}, "geometry": {"type": "Polygon", "coordinates": [[[121.45800383156678, 31.20816925939766], [121.4579639655608, 31.208102505515058], [121.45787307101455, 31.208140653711666], [121.45790297125609, 31.208190218309596], [121.45791293625759, 31.208208405375505], [121.45800383156678, 31.20816925939766]]]}}, {"type": "Feature", "properties": {"bid": 298, "stakeholder": "state"}, "geometry": {"type": "Polygon", "coordinates": [[[121.45765725967863, 31.208288230386987], [121.45769909120372, 31.208385996430252], [121.45778488320673, 31.208454663541367], [121.45790668210816, 31.208461100329885], [121.45798158137553, 31.20844261781906], [121.45803554362658, 31.208395736385228], [121.45819358666427, 31.208111124062896], [121.45812573025931, 31.208078778180322], [121.45806378944383, 31.20811750269775], [121.45805976665157, 31.20814540185699], [121.45802582719897, 31.208139722835476], [121.45799486187481, 31.20815408982469], [121.45800383156678, 31.20816925939766], [121.45791293625759, 31.208208405375505], [121.45790297125609, 31.208190218309596], [121.45784404569406, 31.208209023142], [121.45784203115727, 31.208225970714356], [121.45782305240745, 31.208234584283613], [121.45780010515375, 31.20821913564037], [121.4577132304455, 31.208231388870438], [121.45770030879295, 31.20817616989689], [121.45766730317565, 31.208231471267084], [121.45765725967863, 31.208288230386987]]]}}, {"type": "Feature", "properties": {"bid": 299, "stakeholder": "state"}, "geometry": {"type": "Polygon", "coordinates": [[[121.45879586850381, 31.208294473935506], [121.45866398760546, 31.20829902700274], [121.45866575335147, 31.208336811145184], [121.45879763430237, 31.208332258064388], [121.45879586850381, 31.208294473935506]]]}}, {"type": "Feature", "properties": {"bid": 300, "stakeholder": "state"}, "geometry": {"type": "Polygon", "coordinates": [[[121.45901183895194, 31.20849749813072], [121.45846997002546, 31.20827060528188], [121.45828988974516, 31.208628702470037], [121.45901079798762, 31.208538447751486], [121.45901183895194, 31.20849749813072]]]}}, {"type": "Feature", "properties": {"bid": 301, "stakeholder": "resident"}, "geometry": {"type": "Polygon", "coordinates": [[[121.46026702235191, 31.208201707862365], [121.46029497260486, 31.208203291413277], [121.46029598342409, 31.208191321067144], [121.46037184795104, 31.2081959059642], [121.46037083190309, 31.208212872629243], [121.4604796480354, 31.208209156137467], [121.46048268990523, 31.208164251851315], [121.4604237949801, 31.208161019189333], [121.4604248319971, 31.208124067188916], [121.46046476009599, 31.20812690232265], [121.4604777940092, 31.20807321386558], [121.46039494092724, 31.208069479592435], [121.46039697101229, 31.20803754483859], [121.46044388693304, 31.208040526045338], [121.46044895905891, 31.20796368705664], [121.46033015809019, 31.207969194218315], [121.4603301706977, 31.20795720301544], [121.46027826328452, 31.207954119033097], [121.46027518869404, 31.208030000731586], [121.46030813023583, 31.208031688719817], [121.46030710889227, 31.208053651725777], [121.46021826572587, 31.208049796494823], [121.46023118127539, 31.208109024334707], [121.46026611939386, 31.20811075361894], [121.46026508446073, 31.20814570712821], [121.4601922133826, 31.2081421864213], [121.46019017496872, 31.208182115458612], [121.46026803735934, 31.208185740435734], [121.46026702235191, 31.208201707862365]]]}}, {"type": "Feature", "properties": {"bid": 302, "stakeholder": "state"}, "geometry": {"type": "Polygon", "coordinates": [[[121.45986769805688, 31.208209375127403], [121.45976288921419, 31.208197206427254], [121.45975383461678, 31.208263971056784], [121.4598586456002, 31.20827414092172], [121.45986769805688, 31.208209375127403]]]}}, {"type": "Feature", "properties": {"bid": 303, "stakeholder": "resident"}, "geometry": {"type": "Polygon", "coordinates": [[[121.46042732683134, 31.208602779778175], [121.4601817746741, 31.208578658595563], [121.46017372828761, 31.208636449586105], [121.46042128431463, 31.208653617117474], [121.46042732683134, 31.208602779778175]]]}}, {"type": "Feature", "properties": {"bid": 304, "stakeholder": "resident"}, "geometry": {"type": "Polygon", "coordinates": [[[121.460112841346, 31.208628184296636], [121.46007079062383, 31.208746223486287], [121.46012269431776, 31.208753301340323], [121.46013875577695, 31.20866769719379], [121.46017372828761, 31.208636449586105], [121.46017875805158, 31.208599580759643], [121.460112841346, 31.208628184296636]]]}}, {"type": "Feature", "properties": {"bid": 305, "stakeholder": "unknown"}, "geometry": {"type": "Polygon", "coordinates": [[[121.45985337959203, 31.208401055086235], [121.45977010702397, 31.20903039129174], [121.45994496382187, 31.209047483139802], [121.46002823515005, 31.208418147072045], [121.45985337959203, 31.208401055086235]]]}}, {"type": "Feature", "properties": {"bid": 306, "stakeholder": "state"}, "geometry": {"type": "Polygon", "coordinates": [[[121.4584485998372, 31.20865889610411], [121.45842263031977, 31.208670361231675], [121.45841961142366, 31.208693283775855], [121.4593477282508, 31.20902602992811], [121.45934777774721, 31.208978064834866], [121.45928690095866, 31.208957824561413], [121.45922106447792, 31.208906505501997], [121.45918120350825, 31.208836734991227], [121.45917525297445, 31.208798639602882], [121.45918830969765, 31.20872296162895], [121.45923430129449, 31.208656954485384], [121.45930423240247, 31.20861042744662], [121.45936115217182, 31.208595611271843], [121.45936423336524, 31.208512733568156], [121.4584485998372, 31.20865889610411]]]}}, {"type": "Feature", "properties": {"bid": 307, "stakeholder": "state"}, "geometry": {"type": "Polygon", "coordinates": [[[121.45947656425052, 31.2089747254833], [121.45946658234028, 31.208973520095867], [121.4595118771981, 31.208615709389502], [121.45948094257609, 31.208603078932807], [121.45939310188726, 31.20859227272797], [121.45930423240247, 31.20861042744662], [121.45923430129449, 31.208656954485384], [121.45918830969765, 31.20872296162895], [121.45917525297445, 31.208798639602882], [121.45919813751925, 31.208873057527107], [121.45925098472766, 31.208935101048557], [121.45934777774721, 31.208978064834866], [121.45941665414817, 31.20898548057187], [121.45947656425052, 31.2089747254833]]]}}, {"type": "Feature", "properties": {"bid": 308, "stakeholder": "state"}, "geometry": {"type": "Polygon", "coordinates": [[[121.4595118771981, 31.208615709389502], [121.45946658234028, 31.208973520095867], [121.45947656425052, 31.2089747254833], [121.45941665414817, 31.20898548057187], [121.45934777774721, 31.208978064834866], [121.4593477282508, 31.20902602992811], [121.45967099083214, 31.20921158205039], [121.459759640637, 31.208439966638476], [121.45936423336524, 31.208512733568156], [121.45936115217182, 31.208595611271843], [121.45943702591332, 31.20859417805668], [121.4595118771981, 31.208615709389502]]]}}, {"type": "Feature", "properties": {"bid": 309, "stakeholder": "resident"}, "geometry": {"type": "Polygon", "coordinates": [[[121.46023508516998, 31.209155364875137], [121.46031793772056, 31.209160094588974], [121.4603502815321, 31.208774044412277], [121.46021252882531, 31.20876416979985], [121.46020647089563, 31.208829996639842], [121.46026237254934, 31.208832163712778], [121.46023508516998, 31.209155364875137]]]}}, {"type": "Feature", "properties": {"bid": 310, "stakeholder": "resident"}, "geometry": {"type": "Polygon", "coordinates": [[[121.46008116341636, 31.2093360233727], [121.46007018246551, 31.209335794509], [121.4601336017114, 31.208824478649834], [121.46005174997072, 31.208816776532665], [121.45998830997145, 31.20934807945059], [121.4600791187322, 31.209382947675355], [121.46008116341636, 31.2093360233727]]]}}, {"type": "Feature", "properties": {"bid": 311, "stakeholder": "developer"}, "geometry": {"type": "Polygon", "coordinates": [[[121.4608847597259, 31.208386550991804], [121.46058130878077, 31.20836517932026], [121.46056516167334, 31.208532721365764], [121.46086861072682, 31.208556090265624], [121.4608847597259, 31.208386550991804]]]}}, {"type": "Feature", "properties": {"bid": 312, "stakeholder": "resident"}, "geometry": {"type": "Polygon", "coordinates": [[[121.46112004499936, 31.208678313294854], [121.46129770017524, 31.208711051424352], [121.4612946919957, 31.208723978522528], [121.46138152337164, 31.20873980847034], [121.46142462792285, 31.208566845574293], [121.46106532719624, 31.208499283230644], [121.46102022352407, 31.208674206284623], [121.46111603648932, 31.208693217968065], [121.46112004499936, 31.208678313294854]]]}}, {"type": "Feature", "properties": {"bid": 313, "stakeholder": "resident"}, "geometry": {"type": "Polygon", "coordinates": [[[121.46050613072269, 31.208660391715224], [121.46032046655104, 31.208645511228323], [121.46031543995592, 31.208679382040486], [121.4605021024188, 31.208694283192415], [121.46050613072269, 31.208660391715224]]]}}, {"type": "Feature", "properties": {"bid": 314, "stakeholder": "resident"}, "geometry": {"type": "Polygon", "coordinates": [[[121.46033936911624, 31.208707862769867], [121.4604152273222, 31.20871844427518], [121.46042423859672, 31.20869265140243], [121.46029946053706, 31.208686042933092], [121.46028447314474, 31.208698720394864], [121.46028143584125, 31.208739627902617], [121.46031836834733, 31.20874339801611], [121.46033936911624, 31.208707862769867]]]}}, {"type": "Feature", "properties": {"bid": 315, "stakeholder": "developer"}, "geometry": {"type": "Polygon", "coordinates": [[[121.46153537583326, 31.208622158412133], [121.4614932760003, 31.208789145800825], [121.46168490377134, 31.208823196271574], [121.46172700335207, 31.208656210682303], [121.46153537583326, 31.208622158412133]]]}}, {"type": "Feature", "properties": {"bid": 316, "stakeholder": "resident"}, "geometry": {"type": "Polygon", "coordinates": [[[121.46102617350026, 31.208712305010067], [121.46095131708478, 31.208699733247556], [121.46094329589755, 31.20873354003465], [121.46101715409941, 31.20874609057251], [121.46102617350026, 31.208712305010067]]]}}, {"type": "Feature", "properties": {"bid": 317, "stakeholder": "resident"}, "geometry": {"type": "Polygon", "coordinates": [[[121.4613595416131, 31.208759328392947], [121.4610471509942, 31.20869875781732], [121.46103712505531, 31.20874051642033], [121.46135051402257, 31.208801107386535], [121.4613595416131, 31.208759328392947]]]}}, {"type": "Feature", "properties": {"bid": 318, "stakeholder": "resident"}, "geometry": {"type": "Polygon", "coordinates": [[[121.46126943614354, 31.209013238886822], [121.46131534645771, 31.209022205516934], [121.4613424101956, 31.20891485513106], [121.4611737381747, 31.208883304255203], [121.46116070944606, 31.208932993433837], [121.46128247199364, 31.20895655512937], [121.46126943614354, 31.209013238886822]]]}}, {"type": "Feature", "properties": {"bid": 319, "stakeholder": "resident"}, "geometry": {"type": "Polygon", "coordinates": [[[121.46102805584029, 31.208919675369412], [121.46096041150406, 31.208994219076445], [121.46124661841452, 31.209186081663933], [121.46127367608885, 31.209156264128108], [121.46123898429181, 31.20913300811178], [121.46129986401918, 31.209065918663892], [121.46086621817828, 31.208775217521758], [121.460757987056, 31.208894487314335], [121.46089675358844, 31.208987512011888], [121.46098469128107, 31.20889060522195], [121.46102805584029, 31.208919675369412]]]}}, {"type": "Feature", "properties": {"bid": 320, "stakeholder": "resident"}, "geometry": {"type": "Polygon", "coordinates": [[[121.46152602393353, 31.208976708957834], [121.46148809861837, 31.208968908783103], [121.46147508347919, 31.209005606452585], [121.46150901384614, 31.20901532029046], [121.46152602393353, 31.208976708957834]]]}}, {"type": "Feature", "properties": {"bid": 321, "stakeholder": "developer"}, "geometry": {"type": "Polygon", "coordinates": [[[121.46187635403908, 31.20712648205887], [121.46190032936725, 31.207110005211636], [121.46190929522788, 31.20712718418877], [121.46197625564604, 31.20705366574571], [121.46188049181251, 31.206990667475676], [121.46179074708198, 31.206899819379156], [121.46169706074897, 31.20676092360548], [121.46159615904367, 31.206834723964896], [121.46178058891326, 31.207064485073385], [121.46187635403908, 31.20712648205887]]]}}, {"type": "Feature", "properties": {"bid": 322, "stakeholder": "unknown"}, "geometry": {"type": "Polygon", "coordinates": [[[121.46281649871084, 31.207282758392598], [121.46285000676684, 31.20731067213309], [121.46288248290469, 31.207281871448224], [121.46284897485442, 31.20725395771635], [121.46281649871084, 31.207282758392598]]]}}, {"type": "Feature", "properties": {"bid": 323, "stakeholder": "developer"}, "geometry": {"type": "Polygon", "coordinates": [[[121.46192505516568, 31.20732637805554], [121.46199691403092, 31.20733990217495], [121.46200593831874, 31.207302121856], [121.46237820930412, 31.207369037344957], [121.46236818688034, 31.20740679564244], [121.46243505640791, 31.207418220609156], [121.46244507881944, 31.207380462434124], [121.46255286746407, 31.207399760669656], [121.46257292187, 31.207315251406047], [121.46183536749437, 31.207181568753757], [121.46181331631931, 31.20726603835248], [121.46193507768726, 31.207288618889258], [121.46192505516568, 31.20732637805554]]]}}, {"type": "Feature", "properties": {"bid": 324, "stakeholder": "developer"}, "geometry": {"type": "Polygon", "coordinates": [[[121.46241706105072, 31.20744381658733], [121.46224239838466, 31.207417094731277], [121.462221332077, 31.207514574361717], [121.46239699196929, 31.207542316172688], [121.46241706105072, 31.20744381658733]]]}}, {"type": "Feature", "properties": {"bid": 325, "stakeholder": "unknown"}, "geometry": {"type": "Polygon", "coordinates": [[[121.4628693131397, 31.207386016154334], [121.46282618754041, 31.20737853625851], [121.46277397262487, 31.207600938687122], [121.46281709833394, 31.207608418579493], [121.4628693131397, 31.207386016154334]]]}}, {"type": "Feature", "properties": {"bid": 326, "stakeholder": "developer"}, "geometry": {"type": "Polygon", "coordinates": [[[121.46246273957036, 31.20767063410637], [121.46254957115298, 31.207684486845096], [121.46260274823463, 31.207428810556557], [121.46251092462684, 31.207415849280782], [121.4624928635858, 31.207503399389278], [121.4624609240377, 31.20749971705588], [121.46244788272304, 31.207560394148057], [121.46248381194344, 31.2075671597717], [121.46246273957036, 31.20767063410637]]]}}, {"type": "Feature", "properties": {"bid": 327, "stakeholder": "developer"}, "geometry": {"type": "Polygon", "coordinates": [[[121.46258044596209, 31.20775110200077], [121.46243174013205, 31.207721932920098], [121.46236359103023, 31.207977290639974], [121.46251329526946, 31.208006479310992], [121.46258044596209, 31.20775110200077]]]}}, {"type": "Feature", "properties": {"bid": 328, "stakeholder": "developer"}, "geometry": {"type": "Polygon", "coordinates": [[[121.46263820609147, 31.207881249401172], [121.46259928542315, 31.207871420734254], [121.46250422315643, 31.208090225166075], [121.46259207293508, 31.2080851139172], [121.46263820609147, 31.207881249401172]]]}}, {"type": "Feature", "properties": {"bid": 329, "stakeholder": "developer"}, "geometry": {"type": "Polygon", "coordinates": [[[121.46161757631911, 31.208292139963127], [121.46183220526086, 31.20828571470104], [121.46187928803077, 31.20812783073257], [121.4618044363225, 31.208112246038468], [121.46179542089145, 31.208142032753408], [121.46166068942136, 31.208112184973732], [121.4616767176275, 31.208058564183098], [121.46162681597183, 31.208048509570453], [121.46157272113852, 31.208229230815384], [121.46162761189488, 31.20824138945391], [121.46161757631911, 31.208292139963127]]]}}, {"type": "Feature", "properties": {"bid": 330, "stakeholder": "developer"}, "geometry": {"type": "Polygon", "coordinates": [[[121.461588582907, 31.208334493329794], [121.46154747941057, 31.20850250040558], [121.46173810755941, 31.20853753120109], [121.46178120620846, 31.20837056762445], [121.461588582907, 31.208334493329794]]]}}, {"type": "Feature", "properties": {"bid": 331, "stakeholder": "developer"}, "geometry": {"type": "Polygon", "coordinates": [[[121.46397416946287, 31.206631964951605], [121.46400523308887, 31.206521716893466], [121.46393636838116, 31.2065092343151], [121.46391431975316, 31.206590698430198], [121.4639063061875, 31.20661650640732], [121.46397416946287, 31.206631964951605]]]}}, {"type": "Feature", "properties": {"bid": 332, "stakeholder": "developer"}, "geometry": {"type": "Polygon", "coordinates": [[[121.4640838719373, 31.206728272596145], [121.46406692805067, 31.206703922883662], [121.46408490549936, 31.20669531861295], [121.46404304278929, 31.206636453720247], [121.46411895083689, 31.20659712684567], [121.46410100984622, 31.20657175621159], [121.46411898731776, 31.20656315200482], [121.46410204454969, 31.20653780299199], [121.46407108281596, 31.20655312104669], [121.46405911930675, 31.20653887203833], [121.46413103135025, 31.206502456594293], [121.46410810792247, 31.206468983779928], [121.46407714617226, 31.20648430181228], [121.46406419090965, 31.206464035629438], [121.46398928211988, 31.206502385240185], [121.46404211751803, 31.206568482419698], [121.46398417945011, 31.206606200241605], [121.46397416946287, 31.206631964951605], [121.4639621952274, 31.206627708657837], [121.46404492027796, 31.206747414860278], [121.4640838719373, 31.206728272596145]]]}}, {"type": "Feature", "properties": {"bid": 333, "stakeholder": "developer"}, "geometry": {"type": "Polygon", "coordinates": [[[121.4643295373644, 31.206635665409863], [121.46436242378216, 31.2066873417948], [121.46438547065475, 31.20660590021617], [121.4643295373644, 31.206635665409863]]]}}, {"type": "Feature", "properties": {"bid": 334, "stakeholder": "developer"}, "geometry": {"type": "Polygon", "coordinates": [[[121.46441243964262, 31.206590496441553], [121.46436758864023, 31.206525569862603], [121.4643366267977, 31.206540887175898], [121.46431868792548, 31.206513517676346], [121.46427673715903, 31.20653659121888], [121.46432458275844, 31.20660158237411], [121.46431159846124, 31.206608295910318], [121.46428767779878, 31.206573801811547], [121.46425272100078, 31.20659103133158], [121.4642656763234, 31.206611297752087], [121.46423771132798, 31.206624681711446], [121.46428555376087, 31.206692670510044], [121.46422263095008, 31.206724283308116], [121.46423359523045, 31.20673951014197], [121.46420862490994, 31.20675295907126], [121.46423154848515, 31.2067864321391], [121.46436838307125, 31.20671545093648], [121.46435540948926, 31.206712171822623], [121.46436242378216, 31.2066873417948], [121.4643295373644, 31.206635665409863], [121.46441243964262, 31.206590496441553]]]}}, {"type": "Feature", "properties": {"bid": 335, "stakeholder": "developer"}, "geometry": {"type": "Polygon", "coordinates": [[[121.46442327314423, 31.20672763320647], [121.46445433575605, 31.206618385624772], [121.46438547065475, 31.20660590021617], [121.46436242378216, 31.2066873417948], [121.46435540948926, 31.206712171822623], [121.46442327314423, 31.20672763320647]]]}}, {"type": "Feature", "properties": {"bid": 336, "stakeholder": "developer"}, "geometry": {"type": "Polygon", "coordinates": [[[121.46422136110651, 31.20697807401637], [121.46441198056482, 31.207019179390784], [121.46440296568132, 31.207047963185513], [121.4649409136515, 31.207146575521392], [121.46504976193728, 31.207109967678424], [121.4652548257086, 31.20671570872156], [121.46512609565796, 31.206673939437167], [121.46498503725195, 31.206958668964948], [121.46377844107894, 31.206701677677867], [121.46369056874232, 31.206727758038653], [121.46364647535597, 31.206887689936824], [121.46421134375055, 31.207010833371598], [121.46422136110651, 31.20697807401637]]]}}, {"type": "Feature", "properties": {"bid": 337, "stakeholder": "developer"}, "geometry": {"type": "Polygon", "coordinates": [[[121.46329832933236, 31.20760365817973], [121.46318464175988, 31.20749928043148], [121.46312170072133, 31.207548888236488], [121.46323638552565, 31.207654285762715], [121.46329832933236, 31.20760365817973]]]}}, {"type": "Feature", "properties": {"bid": 338, "stakeholder": "developer"}, "geometry": {"type": "Polygon", "coordinates": [[[121.4636932922302, 31.208156876392806], [121.46363966796838, 31.208146392715754], [121.46359819702845, 31.208303100220657], [121.46374834524586, 31.208332454449778], [121.46386787817413, 31.207880768171503], [121.46379280444874, 31.207866091078685], [121.46377328884267, 31.207939835766666], [121.46368749024057, 31.20792306188563], [121.46365821669512, 31.20803367892661], [121.46372256572698, 31.208046259342826], [121.4636932922302, 31.208156876392806]]]}}, {"type": "Feature", "properties": {"bid": 339, "stakeholder": "developer"}, "geometry": {"type": "Polygon", "coordinates": [[[121.46420068255568, 31.208756816673286], [121.4643945607627, 31.208671586038705], [121.46440809148883, 31.20863560470269], [121.46385340778184, 31.208481509836787], [121.46382972860758, 31.208544477143192], [121.4638925229746, 31.208561921991706], [121.46386207834938, 31.208642879966135], [121.46401906447925, 31.208686491939375], [121.46412985214725, 31.20863778890492], [121.46420068255568, 31.208756816673286]]]}}, {"type": "Feature", "properties": {"bid": 340, "stakeholder": "developer"}, "geometry": {"type": "Polygon", "coordinates": [[[121.46422264354446, 31.209153889652423], [121.46430972066045, 31.209210074794832], [121.46432839771606, 31.209188691192942], [121.46424132061648, 31.20913250606169], [121.46422264354446, 31.209153889652423]]]}}, {"type": "Feature", "properties": {"bid": 341, "stakeholder": "developer"}, "geometry": {"type": "Polygon", "coordinates": [[[121.46546387377407, 31.20820819064005], [121.4655039293573, 31.20808914656857], [121.46544404448626, 31.208078851183576], [121.46545409102896, 31.20801811290432], [121.46540427181742, 31.207929092534922], [121.46536336520558, 31.20790821761978], [121.4652934971988, 31.207898704788356], [121.46521361643295, 31.20791795391154], [121.46514262410538, 31.208028331718875], [121.46516253718404, 31.208077729581756], [121.46521339548724, 31.208127799902794], [121.46546387377407, 31.20820819064005]]]}}, {"type": "Feature", "properties": {"bid": 342, "stakeholder": "developer"}, "geometry": {"type": "Polygon", "coordinates": [[[121.46599800403406, 31.208154849527773], [121.4660309695994, 31.208133581899006], [121.4660810307987, 31.207993770501155], [121.46596726009602, 31.20796231747346], [121.4659592508872, 31.20798412769392], [121.46599317996879, 31.207995857583008], [121.46600112916938, 31.208031005546786], [121.4659162302179, 31.20807412764645], [121.46588130296074, 31.208062376044104], [121.46586336179018, 31.20803600442491], [121.4658124762917, 31.208010915090426], [121.4657804282026, 31.20810914795617], [121.46593311434277, 31.20815643652332], [121.46599800403406, 31.208154849527773]]]}}, {"type": "Feature", "properties": {"bid": 343, "stakeholder": "developer"}, "geometry": {"type": "Polygon", "coordinates": [[[121.4652752796078, 31.208135140470798], [121.46550978228775, 31.208219181516533], [121.46554982004001, 31.208117125017683], [121.46549593398062, 31.208097966368754], [121.46549301076983, 31.208029951125525], [121.46544817003621, 31.207953030393007], [121.46538332676484, 31.207911649360195], [121.46531644393666, 31.207911194966123], [121.46524553668428, 31.20794063192517], [121.4652264628968, 31.20804214494307], [121.4652752796078, 31.208135140470798]]]}}, {"type": "Feature", "properties": {"bid": 344, "stakeholder": "developer"}, "geometry": {"type": "Polygon", "coordinates": [[[121.46453801991903, 31.208181070524112], [121.46461439997994, 31.208172747829284], [121.46459641707456, 31.20805082790581], [121.4643563656533, 31.20807698469789], [121.46438679782602, 31.20828331088885], [121.46460502684857, 31.20825953184723], [121.46459672701664, 31.20820326111403], [121.46454216981228, 31.20820920589698], [121.46453801991903, 31.208181070524112]]]}}, {"type": "Feature", "properties": {"bid": 345, "stakeholder": "developer"}, "geometry": {"type": "Polygon", "coordinates": [[[121.46574939849985, 31.20818841650203], [121.46590108733722, 31.208234684097643], [121.46593311434277, 31.20815643652332], [121.4657804282026, 31.20810914795617], [121.46574939849985, 31.20818841650203]]]}}, {"type": "Feature", "properties": {"bid": 346, "stakeholder": "developer"}, "geometry": {"type": "Polygon", "coordinates": [[[121.46600275001062, 31.208388786723393], [121.46608585591719, 31.208151763172218], [121.4660309695994, 31.208133581899006], [121.46599800403406, 31.208154849527773], [121.46593311434277, 31.20815643652332], [121.46590108733722, 31.208234684097643], [121.46574939849985, 31.20818841650203], [121.46570635435592, 31.208301399754482], [121.46600275001062, 31.208388786723393]]]}}, {"type": "Feature", "properties": {"bid": 347, "stakeholder": "developer"}, "geometry": {"type": "Polygon", "coordinates": [[[121.46568332769755, 31.20836485373712], [121.46597972321344, 31.20845224070928], [121.46600275001062, 31.208388786723393], [121.46570635435592, 31.208301399754482], [121.46568332769755, 31.20836485373712]]]}}, {"type": "Feature", "properties": {"bid": 348, "stakeholder": "resident"}, "geometry": {"type": "Polygon", "coordinates": [[[121.46525280073227, 31.208629301126614], [121.46509612746739, 31.208578930064505], [121.46505008609222, 31.20869584635341], [121.46520576104798, 31.20874619546408], [121.46525280073227, 31.208629301126614]]]}}, {"type": "Feature", "properties": {"bid": 349, "stakeholder": "developer"}, "geometry": {"type": "Polygon", "coordinates": [[[121.46562595140108, 31.208820282879], [121.46568582840598, 31.20883857266898], [121.46566480613637, 31.208895075354846], [121.465760611835, 31.208922140698068], [121.46578463407447, 31.208860706781646], [121.46573074427933, 31.20884454569068], [121.46573875308889, 31.208822735361466], [121.46578765372567, 31.208836789389856], [121.46580967647164, 31.208778309910997], [121.46577474608615, 31.208769556091283], [121.46578775969705, 31.20873486378071], [121.46580771947242, 31.208740294221897], [121.46583174508521, 31.2086758625665], [121.46560919657496, 31.208613064981936], [121.46558517418656, 31.208674498863562], [121.46560313734416, 31.20867988585258], [121.46559312474426, 31.208708647665954], [121.46557216790474, 31.20870219630365], [121.4655461429294, 31.2087695824531], [121.46558206923011, 31.20878035641743], [121.46557506283965, 31.208798191377415], [121.46553015445579, 31.20878522356588], [121.46550712848922, 31.208848677786417], [121.46560293266714, 31.208876742172443], [121.46562595140108, 31.208820282879]]]}}, {"type": "Feature", "properties": {"bid": 350, "stakeholder": "resident"}, "geometry": {"type": "Polygon", "coordinates": [[[121.46499203932468, 31.20883848367099], [121.46514971168553, 31.20888787653803], [121.46520576104798, 31.20874619546408], [121.46505008609222, 31.20869584635341], [121.46499203932468, 31.20883848367099]]]}}, {"type": "Feature", "properties": {"bid": 351, "stakeholder": "developer"}, "geometry": {"type": "Polygon", "coordinates": [[[121.46191270843838, 31.208625190818626], [121.4619518086256, 31.20846313996486], [121.46176517310971, 31.20842918447948], [121.46173810755941, 31.20853753120109], [121.46172507449091, 31.20859121563188], [121.46191270843838, 31.208625190818626]]]}}, {"type": "Feature", "properties": {"bid": 352, "stakeholder": "developer"}, "geometry": {"type": "Polygon", "coordinates": [[[121.46190168543272, 31.208665926823983], [121.46191270843838, 31.208625190818626], [121.46180891143115, 31.20860599113007], [121.46179988483209, 31.20864676988999], [121.46190168543272, 31.208665926823983]]]}}, {"type": "Feature", "properties": {"bid": 353, "stakeholder": "developer"}, "geometry": {"type": "Polygon", "coordinates": [[[121.46199430490846, 31.20887475578292], [121.46204221304448, 31.2088817739696], [121.46205825594723, 31.208813165191934], [121.46208520360074, 31.208817737760054], [121.46210726181005, 31.208724275300078], [121.46229888757625, 31.20875835076356], [121.46225778064458, 31.208931348444818], [121.46204019591767, 31.20890171678927], [121.46202214843197, 31.208978277230806], [121.46223573007059, 31.20901781545205], [121.46222569840724, 31.209065567079787], [121.46234646348591, 31.20908613812776], [121.46249283066085, 31.208483701539137], [121.4620007921717, 31.208396233090465], [121.46188349249405, 31.208882385671412], [121.46198728945522, 31.20890158703724], [121.46199430490846, 31.20887475578292]]]}}, {"type": "Feature", "properties": {"bid": 354, "stakeholder": "developer"}, "geometry": {"type": "Polygon", "coordinates": [[[121.4618595042258, 31.20891185328611], [121.46189860460699, 31.208748802459567], [121.46171196773025, 31.208715848329458], [121.46168490377134, 31.208823196271574], [121.46167186994559, 31.208877880214793], [121.4618595042258, 31.20891185328611]]]}}, {"type": "Feature", "properties": {"bid": 355, "stakeholder": "resident"}, "geometry": {"type": "Polygon", "coordinates": [[[121.46185235660958, 31.20906659161863], [121.46156195173842, 31.208985466330656], [121.46152590321856, 31.20909362386157], [121.46181531022785, 31.20917472560592], [121.46185235660958, 31.20906659161863]]]}}, {"type": "Feature", "properties": {"bid": 356, "stakeholder": "resident"}, "geometry": {"type": "Polygon", "coordinates": [[[121.46237130853514, 31.209193594618057], [121.46192223287314, 31.2090670816588], [121.46187819077556, 31.20918306035782], [121.46232726697487, 31.209309569442084], [121.46237130853514, 31.209193594618057]]]}}, {"type": "Feature", "properties": {"bid": 357, "stakeholder": "resident"}, "geometry": {"type": "Polygon", "coordinates": [[[121.4626336825112, 31.20935011231586], [121.46264571850759, 31.20929441001141], [121.46252196320076, 31.20926977098071], [121.46250793074933, 31.20932543074389], [121.4626336825112, 31.20935011231586]]]}}, {"type": "Feature", "properties": {"bid": 358, "stakeholder": "unknown"}, "geometry": {"type": "Polygon", "coordinates": [[[121.4624410363167, 31.20933798733591], [121.46260371778432, 31.209367456732426], [121.46261072884305, 31.20934462332832], [121.46250793074933, 31.20932543074389], [121.46252196320076, 31.20926977098071], [121.46244805355775, 31.209309158085826], [121.4624410363167, 31.20933798733591]]]}}, {"type": "Feature", "properties": {"bid": 359, "stakeholder": "resident"}, "geometry": {"type": "Polygon", "coordinates": [[[121.46272755617326, 31.20931115631442], [121.46271352378382, 31.20936681558806], [121.46281731994837, 31.209386033270277], [121.46283234949179, 31.20933139496019], [121.46272755617326, 31.20931115631442]]]}}, {"type": "Feature", "properties": {"bid": 360, "stakeholder": "developer"}, "geometry": {"type": "Polygon", "coordinates": [[[121.46255279886987, 31.209376357549218], [121.46244300195896, 31.209368008341354], [121.46243998681973, 31.20938792967631], [121.46254378013056, 31.209410140243055], [121.46255279886987, 31.209376357549218]]]}}, {"type": "Feature", "properties": {"bid": 361, "stakeholder": "developer"}, "geometry": {"type": "Polygon", "coordinates": [[[121.4656448371062, 31.208898638378848], [121.46557497773883, 31.208880131600033], [121.46556296359165, 31.208913846405213], [121.46563182366481, 31.208933330742514], [121.4656448371062, 31.208898638378848]]]}}, {"type": "Feature", "properties": {"bid": 362, "stakeholder": "developer"}, "geometry": {"type": "Polygon", "coordinates": [[[121.4649279116593, 31.209069926417733], [121.46478321162567, 31.209025813348255], [121.46475218927321, 31.209100087005194], [121.46489589207998, 31.209143178887253], [121.4649279116593, 31.209069926417733]]]}}, {"type": "Feature", "properties": {"bid": 363, "stakeholder": "developer"}, "geometry": {"type": "Polygon", "coordinates": [[[121.46521930040535, 31.209167192550876], [121.46507559860665, 31.209122099832484], [121.465044576188, 31.209196373049053], [121.46518827896888, 31.209240466328485], [121.46521930040535, 31.209167192550876]]]}}, {"type": "Feature", "properties": {"bid": 364, "stakeholder": "developer"}, "geometry": {"type": "Polygon", "coordinates": [[[121.46508318647226, 31.20963234440983], [121.46529052359307, 31.209654820155485], [121.46531392076393, 31.209495373682593], [121.46500837187385, 31.209462251348896], [121.46500011385457, 31.209518526592213], [121.46509832606002, 31.20952917313668], [121.46508318647226, 31.20963234440983]]]}}, {"type": "Feature", "properties": {"bid": 365, "stakeholder": "developer"}, "geometry": {"type": "Polygon", "coordinates": [[[121.4659026572723, 31.209608747512334], [121.46610725266648, 31.209659163607114], [121.46614530419708, 31.20954507166158], [121.46594370236745, 31.209495720035868], [121.46593569379262, 31.20951753044591], [121.46572411405886, 31.209464963895286], [121.4656840582394, 31.209587006582005], [121.46589264407955, 31.209638508733747], [121.4659026572723, 31.209608747512334]]]}}, {"type": "Feature", "properties": {"bid": 366, "stakeholder": "developer"}, "geometry": {"type": "Polygon", "coordinates": [[[121.46554211579736, 31.209771788733743], [121.46561697170125, 31.20978540769516], [121.46570518534702, 31.2094275783644], [121.46563032932774, 31.209413959329588], [121.46559724891051, 31.209548145246746], [121.4655263840208, 31.20953661168363], [121.46547927461587, 31.209723455604266], [121.46555113564591, 31.209737009367352], [121.46554211579736, 31.209771788733743]]]}}, {"type": "Feature", "properties": {"bid": 367, "stakeholder": "resident"}, "geometry": {"type": "Polygon", "coordinates": [[[121.46447600393446, 31.209753630085803], [121.4646865953747, 31.209790176746484], [121.46469460252241, 31.209769365256477], [121.4647534883793, 31.209779637127497], [121.46476449733996, 31.209751895745843], [121.46451099044681, 31.209706422617145], [121.4645159958118, 31.20969254101374], [121.4643603006748, 31.20966318286401], [121.46432926527143, 31.209751447630026], [121.46446199529646, 31.20978630312362], [121.46447600393446, 31.209753630085803]]]}}, {"type": "Feature", "properties": {"bid": 368, "stakeholder": "state"}, "geometry": {"type": "Polygon", "coordinates": [[[121.46574976885483, 31.20975831594819], [121.46599228985838, 31.209816551833974], [121.46603034594705, 31.209697463429784], [121.46567903939956, 31.209613878504115], [121.46561294206471, 31.20982129485049], [121.46596324991697, 31.209904858063172], [121.4659692587603, 31.209886002021623], [121.46572773509547, 31.20982878710794], [121.46574976885483, 31.20975831594819]]]}}, {"type": "Feature", "properties": {"bid": 369, "stakeholder": "developer"}, "geometry": {"type": "Polygon", "coordinates": [[[121.46574976885483, 31.20975831594819], [121.46572773509547, 31.20982878710794], [121.4659692587603, 31.209886002021623], [121.46599228985838, 31.209816551833974], [121.46574976885483, 31.20975831594819]]]}}, {"type": "Feature", "properties": {"bid": 370, "stakeholder": "resident"}, "geometry": {"type": "Polygon", "coordinates": [[[121.46496695364318, 31.20993616581939], [121.46498397630491, 31.20988457197234], [121.46493108356549, 31.209870432288195], [121.464913062685, 31.20992200449837], [121.46496695364318, 31.20993616581939]]]}}, {"type": "Feature", "properties": {"bid": 371, "stakeholder": "resident"}, "geometry": {"type": "Polygon", "coordinates": [[[121.46316561418712, 31.209471472713176], [121.46318665645197, 31.209393980910644], [121.46283234949179, 31.20933139496019], [121.46281230635543, 31.209407910060058], [121.46316561418712, 31.209471472713176]]]}}, {"type": "Feature", "properties": {"bid": 372, "stakeholder": "resident"}, "geometry": {"type": "Polygon", "coordinates": [[[121.4622502785262, 31.209430835719846], [121.46180120256736, 31.20930333430772], [121.46175716094264, 31.209419314318545], [121.46220623850137, 31.209545812457808], [121.4622502785262, 31.209430835719846]]]}}, {"type": "Feature", "properties": {"bid": 373, "stakeholder": "resident"}, "geometry": {"type": "Polygon", "coordinates": [[[121.46246190952229, 31.20942537336839], [121.46244587366039, 31.209487985490625], [121.46248579591952, 31.209494836751677], [121.46250083253427, 31.209433202621543], [121.46246190952229, 31.20942537336839]]]}}, {"type": "Feature", "properties": {"bid": 374, "stakeholder": "resident"}, "geometry": {"type": "Polygon", "coordinates": [[[121.46277829355004, 31.209479128644716], [121.46266152369402, 31.20945663526794], [121.46263446466558, 31.209560980774373], [121.4627512335626, 31.20958447290473], [121.46277829355004, 31.209479128644716]]]}}, {"type": "Feature", "properties": {"bid": 375, "stakeholder": "resident"}, "geometry": {"type": "Polygon", "coordinates": [[[121.462549636331, 31.2095401744474], [121.46254061872821, 31.209572957904584], [121.46258752638336, 31.20958195828246], [121.46261257974436, 31.209486563185127], [121.46249281511233, 31.20946400898094], [121.46247777649148, 31.209527641695672], [121.462549636331, 31.2095401744474]]]}}, {"type": "Feature", "properties": {"bid": 376, "stakeholder": "resident"}, "geometry": {"type": "Polygon", "coordinates": [[[121.46296692809642, 31.209509165735362], [121.46282521032528, 31.209479137449197], [121.46280014879937, 31.209582525843587], [121.4629418676625, 31.209611554302853], [121.46296692809642, 31.209509165735362]]]}}, {"type": "Feature", "properties": {"bid": 377, "stakeholder": "resident"}, "geometry": {"type": "Polygon", "coordinates": [[[121.4625126811245, 31.209560367360886], [121.46243283966237, 31.20954366690637], [121.46241881364337, 31.209593331335217], [121.46249965436152, 31.209609053710775], [121.4625126811245, 31.209560367360886]]]}}, {"type": "Feature", "properties": {"bid": 378, "stakeholder": "resident"}, "geometry": {"type": "Polygon", "coordinates": [[[121.46315954412148, 31.209550286437032], [121.46299586688508, 31.209518782053564], [121.46296780368709, 31.209629100296695], [121.46313048278819, 31.209660582507976], [121.46315954412148, 31.209550286437032]]]}}, {"type": "Feature", "properties": {"bid": 379, "stakeholder": "resident"}, "geometry": {"type": "Polygon", "coordinates": [[[121.46198164435826, 31.209537018645047], [121.46184791700271, 31.209501190792192], [121.4617958646429, 31.20964198234571], [121.46193058940834, 31.209678829311382], [121.46198164435826, 31.209537018645047]]]}}, {"type": "Feature", "properties": {"bid": 380, "stakeholder": "resident"}, "geometry": {"type": "Polygon", "coordinates": [[[121.46219621857928, 31.209582572260505], [121.46209045287857, 31.20953634328396], [121.4620344527998, 31.209633078829544], [121.46214021969102, 31.209678307367646], [121.46219621857928, 31.209582572260505]]]}}, {"type": "Feature", "properties": {"bid": 381, "stakeholder": "resident"}, "geometry": {"type": "Polygon", "coordinates": [[[121.46344114068313, 31.209456428646547], [121.46321357829254, 31.20942354064437], [121.46318448292675, 31.209566812494003], [121.46341304257294, 31.209600720426856], [121.46344114068313, 31.209456428646547]]]}}, {"type": "Feature", "properties": {"bid": 382, "stakeholder": "resident"}, "geometry": {"type": "Polygon", "coordinates": [[[121.46359676169811, 31.20955672061347], [121.46361672073283, 31.209562148271058], [121.4636067120854, 31.209587913792348], [121.46367257845613, 31.20960432641544], [121.4636915679031, 31.209581752960847], [121.4636825574687, 31.20960753996821], [121.46371249655407, 31.209615182145235], [121.46375251892368, 31.20952411194622], [121.46351498955163, 31.2094760101341], [121.46348196788823, 31.20955424171887], [121.46358575484169, 31.209582464596906], [121.46359676169811, 31.20955672061347]]]}}, {"type": "Feature", "properties": {"bid": 383, "stakeholder": "resident"}, "geometry": {"type": "Polygon", "coordinates": [[[121.46317545105923, 31.2096135848942], [121.46340401175088, 31.209646493274025], [121.46341304257294, 31.209600720426856], [121.46318448292675, 31.209566812494003], [121.46317545105923, 31.2096135848942]]]}}, {"type": "Feature", "properties": {"bid": 384, "stakeholder": "resident"}, "geometry": {"type": "Polygon", "coordinates": [[[121.46422757602899, 31.209623332140595], [121.4638523438723, 31.209522273531086], [121.4638313007099, 31.209600762883046], [121.46420653293478, 31.209701820751377], [121.46422757602899, 31.209623332140595]]]}}, {"type": "Feature", "properties": {"bid": 385, "stakeholder": "resident"}, "geometry": {"type": "Polygon", "coordinates": [[[121.46372248271905, 31.209611400813742], [121.46351889643108, 31.209560035472563], [121.46349186210524, 31.209640394929124], [121.46369544946322, 31.209690760346177], [121.46372248271905, 31.209611400813742]]]}}, {"type": "Feature", "properties": {"bid": 386, "stakeholder": "resident"}, "geometry": {"type": "Polygon", "coordinates": [[[121.4634958620775, 31.20963348619614], [121.46351682033946, 31.20963793588101], [121.4635078130068, 31.209660725262435], [121.46356270113085, 31.209674901385483], [121.46357171050035, 31.209650113512218], [121.46359466314368, 31.20965660507448], [121.46358365838194, 31.20968035052436], [121.46363954779578, 31.209691550904886], [121.46364955230821, 31.209669782511583], [121.46367050956759, 31.20967523187221], [121.46366150224434, 31.20969802108806], [121.46369343877383, 31.209704707066923], [121.46372545896158, 31.209629452514495], [121.46349192951232, 31.209574442720967], [121.46345691466261, 31.209649633532763], [121.46348585653688, 31.209656254052003], [121.4634958620775, 31.20963348619614]]]}}, {"type": "Feature", "properties": {"bid": 387, "stakeholder": "resident"}, "geometry": {"type": "Polygon", "coordinates": [[[121.46335491019568, 31.209831303536763], [121.46357247862295, 31.20987597164082], [121.46360652035933, 31.209775777743232], [121.46363546226668, 31.209782398811516], [121.46365849029293, 31.209714944076776], [121.46341297928588, 31.209662675541665], [121.46338294238308, 31.20975096503185], [121.46317834979756, 31.20970758138248], [121.46314230952284, 31.209809732750387], [121.4633479014093, 31.209852137644194], [121.46335491019568, 31.209831303536763]]]}}, {"type": "Feature", "properties": {"bid": 388, "stakeholder": "resident"}, "geometry": {"type": "Polygon", "coordinates": [[[121.46419643571164, 31.209814522748843], [121.46383019534223, 31.209705665285867], [121.46380918914349, 31.20974818081367], [121.4641674326507, 31.209867856580384], [121.46419643571164, 31.209814522748843]]]}}, {"type": "Feature", "properties": {"bid": 389, "stakeholder": "resident"}, "geometry": {"type": "Polygon", "coordinates": [[[121.46426810534243, 31.20981302199831], [121.4644008862395, 31.209858619007488], [121.4644172096335, 31.209823503900353], [121.46428442878889, 31.20977790689942], [121.46426810534243, 31.20981302199831]]]}}, {"type": "Feature", "properties": {"bid": 390, "stakeholder": "resident"}, "geometry": {"type": "Polygon", "coordinates": [[[121.46442695095516, 31.20989046955748], [121.46430417664317, 31.209881811992716], [121.46428513545982, 31.20995534747016], [121.46440791076066, 31.209963005567197], [121.46442695095516, 31.20989046955748]]]}}, {"type": "Feature", "properties": {"bid": 391, "stakeholder": "resident"}, "geometry": {"type": "Polygon", "coordinates": [[[121.46259748702869, 31.209603157205997], [121.46252263666167, 31.20958656252816], [121.46250961706812, 31.209628253929445], [121.4625854656648, 31.20964486984979], [121.46259748702869, 31.209603157205997]]]}}, {"type": "Feature", "properties": {"bid": 392, "stakeholder": "resident"}, "geometry": {"type": "Polygon", "coordinates": [[[121.46250959972623, 31.20964524162498], [121.46241179351034, 31.209625158501858], [121.4623967663065, 31.20967779946245], [121.46249357434623, 31.209697860927626], [121.46250959972623, 31.20964524162498]]]}}, {"type": "Feature", "properties": {"bid": 393, "stakeholder": "resident"}, "geometry": {"type": "Polygon", "coordinates": [[[121.46193058940834, 31.209678829311382], [121.4617958646429, 31.20964198234571], [121.46177884600114, 31.20968958629031], [121.46191257262262, 31.209726411493993], [121.46193058940834, 31.209678829311382]]]}}, {"type": "Feature", "properties": {"bid": 394, "stakeholder": "resident"}, "geometry": {"type": "Polygon", "coordinates": [[[121.4624426595292, 31.20970276566259], [121.46238676789584, 31.209693574120642], [121.46236874715112, 31.20974515177926], [121.46242663522379, 31.2097543859029], [121.4624426595292, 31.20970276566259]]]}}, {"type": "Feature", "properties": {"bid": 395, "stakeholder": "resident"}, "geometry": {"type": "Polygon", "coordinates": [[[121.46189655739978, 31.2097690399292], [121.46191257262262, 31.209726411493993], [121.46177884600114, 31.20968958629031], [121.46176283071111, 31.20973221517687], [121.46189655739978, 31.2097690399292]]]}}, {"type": "Feature", "properties": {"bid": 396, "stakeholder": "resident"}, "geometry": {"type": "Polygon", "coordinates": [[[121.46273910515798, 31.209731109252115], [121.46246562141596, 31.209700259759707], [121.46245757872045, 31.209756048143962], [121.46273106250715, 31.209786897261495], [121.46273910515798, 31.209731109252115]]]}}, {"type": "Feature", "properties": {"bid": 397, "stakeholder": "unknown"}, "geometry": {"type": "Polygon", "coordinates": [[[121.46212413427577, 31.20978988515322], [121.46216903050936, 31.209813828354918], [121.46218807384686, 31.20973828867199], [121.46211423353384, 31.2097097297555], [121.4621022386741, 31.20972546232315], [121.46213416421837, 31.209743132389576], [121.46212413427577, 31.20978988515322]]]}}, {"type": "Feature", "properties": {"bid": 398, "stakeholder": "resident"}, "geometry": {"type": "Polygon", "coordinates": [[[121.46293284298156, 31.209651332113932], [121.46281307853258, 31.20962877137953], [121.46273793821604, 31.209896967845616], [121.46285770383336, 31.209918527873185], [121.46293284298156, 31.209651332113932]]]}}, {"type": "Feature", "properties": {"bid": 399, "stakeholder": "resident"}, "geometry": {"type": "Polygon", "coordinates": [[[121.46234571914249, 31.209812611109943], [121.46240360825618, 31.209820845711423], [121.46242663522379, 31.2097543859029], [121.46236475328989, 31.209746065568247], [121.46234571914249, 31.209812611109943]]]}}, {"type": "Feature", "properties": {"bid": 400, "stakeholder": "resident"}, "geometry": {"type": "Polygon", "coordinates": [[[121.4631154821602, 31.209687240488904], [121.46298373928845, 31.209664418585923], [121.46290160770344, 31.209936459893818], [121.46303434892228, 31.209959301655545], [121.4631154821602, 31.209687240488904]]]}}, {"type": "Feature", "properties": {"bid": 401, "stakeholder": "resident"}, "geometry": {"type": "Polygon", "coordinates": [[[121.4620063266449, 31.209805357207248], [121.46204823034998, 31.209827236855745], [121.46200924412187, 31.209881366207927], [121.46208806152174, 31.209924020070105], [121.46216203691996, 31.20981967468708], [121.46196349592425, 31.209713507243176], [121.4618865254223, 31.209817791746673], [121.46196634113595, 31.20986046487428], [121.4620063266449, 31.209805357207248]]]}}, {"type": "Feature", "properties": {"bid": 402, "stakeholder": "resident"}, "geometry": {"type": "Polygon", "coordinates": [[[121.46271606600249, 31.2098095591042], [121.46246156749032, 31.209760130808437], [121.4624405196886, 31.209843620959074], [121.46269501832035, 31.209893048335573], [121.46271606600249, 31.2098095591042]]]}}, {"type": "Feature", "properties": {"bid": 403, "stakeholder": "resident"}, "geometry": {"type": "Polygon", "coordinates": [[[121.46206588538632, 31.210136397512642], [121.46209896490144, 31.210000199731436], [121.4620081546832, 31.209971279937918], [121.46201716191821, 31.20994848825699], [121.46188941454125, 31.20992178046441], [121.4619014245817, 31.20989105817978], [121.46170782999275, 31.20982797669467], [121.46167279385259, 31.209924163484224], [121.46168373680406, 31.20996137031636], [121.46206588538632, 31.210136397512642]]]}}, {"type": "Feature", "properties": {"bid": 404, "stakeholder": "resident"}, "geometry": {"type": "Polygon", "coordinates": [[[121.46239749417407, 31.209943628609217], [121.46232763258604, 31.20992914200957], [121.46228655511219, 31.210077158728613], [121.46235941241605, 31.210090709631963], [121.46239749417407, 31.209943628609217]]]}}, {"type": "Feature", "properties": {"bid": 405, "stakeholder": "resident"}, "geometry": {"type": "Polygon", "coordinates": [[[121.46294357628646, 31.210058053260926], [121.46286787948173, 31.21004596050478], [121.46286385956147, 31.210064549256487], [121.46293955638228, 31.210076642011877], [121.46294357628646, 31.210058053260926]]]}}, {"type": "Feature", "properties": {"bid": 406, "stakeholder": "resident"}, "geometry": {"type": "Polygon", "coordinates": [[[121.46301921293481, 31.21011986326402], [121.46241141037717, 31.21000188606109], [121.4623893597492, 31.210090351556282], [121.46299616438661, 31.21020830507058], [121.46301921293481, 31.21011986326402]]]}}, {"type": "Feature", "properties": {"bid": 407, "stakeholder": "resident"}, "geometry": {"type": "Polygon", "coordinates": [[[121.46206474110556, 31.210281271796084], [121.46209878410377, 31.210179070704896], [121.46187725181743, 31.210103393886136], [121.46188526179446, 31.210079581383404], [121.46179943826803, 31.210054769045993], [121.46180944269612, 31.210032997492867], [121.46165675749432, 31.209987777659702], [121.4616137116535, 31.210107777917756], [121.46198984782143, 31.210306654466255], [121.46206474110556, 31.210281271796084]]]}}, {"type": "Feature", "properties": {"bid": 408, "stakeholder": "state"}, "geometry": {"type": "Polygon", "coordinates": [[[121.4623274111076, 31.21014798406941], [121.46224157902189, 31.210132157504635], [121.46222954802636, 31.210183863880722], [121.46231538114739, 31.210198690972444], [121.4623274111076, 31.21014798406941]]]}}, {"type": "Feature", "properties": {"bid": 409, "stakeholder": "resident"}, "geometry": {"type": "Polygon", "coordinates": [[[121.46281651234995, 31.2101794592906], [121.46278850207476, 31.210238815517748], [121.46290924486948, 31.210281382937755], [121.46293625686963, 31.21022200577022], [121.46281651234995, 31.2101794592906]]]}}, {"type": "Feature", "properties": {"bid": 410, "stakeholder": "resident"}, "geometry": {"type": "Polygon", "coordinates": [[[121.46304402893647, 31.210258300989267], [121.46293625686963, 31.21022200577022], [121.46290924486948, 31.210281382937755], [121.46301601878407, 31.21031765623536], [121.46304402893647, 31.210258300989267]]]}}, {"type": "Feature", "properties": {"bid": 411, "stakeholder": "resident"}, "geometry": {"type": "Polygon", "coordinates": [[[121.46414438342096, 31.209956294965192], [121.46374122142936, 31.209834649489093], [121.46371818341254, 31.209912096827797], [121.46411036113147, 31.210037500687694], [121.46414438342096, 31.209956294965192]]]}}, {"type": "Feature", "properties": {"bid": 412, "stakeholder": "resident"}, "geometry": {"type": "Polygon", "coordinates": [[[121.46318011950108, 31.209930463226833], [121.46318712926357, 31.20990862966613], [121.46311727308716, 31.209889137454184], [121.46308622931475, 31.209986400338664], [121.46319800412141, 31.210012791194398], [121.46322403043804, 31.209941402458576], [121.46318011950108, 31.209930463226833]]]}}, {"type": "Feature", "properties": {"bid": 413, "stakeholder": "resident"}, "geometry": {"type": "Polygon", "coordinates": [[[121.46328286279653, 31.210003627967982], [121.46324593827764, 31.20999383825489], [121.46325094349163, 31.20997995594258], [121.46328886621437, 31.20998976720312], [121.46330688359205, 31.209941189999697], [121.46326896189248, 31.20993037936893], [121.46327696884792, 31.20990956669539], [121.46324004333212, 31.209900776296763], [121.46319800412141, 31.210012791194398], [121.46327285441056, 31.210029393999545], [121.46328286279653, 31.210003627967982]]]}}, {"type": "Feature", "properties": {"bid": 414, "stakeholder": "resident"}, "geometry": {"type": "Polygon", "coordinates": [[[121.46330474000634, 31.209976845144368], [121.46338050340673, 31.210015306991668], [121.463391690799, 31.20999902751253], [121.46331592741126, 31.209960565670197], [121.46330474000634, 31.209976845144368]]]}}, {"type": "Feature", "properties": {"bid": 415, "stakeholder": "resident"}, "geometry": {"type": "Polygon", "coordinates": [[[121.46437085423692, 31.210083117447144], [121.46438682061684, 31.21008846012256], [121.46441283899355, 31.21002506904211], [121.46427313560127, 31.20997607269862], [121.46422010981053, 31.210093840377738], [121.4643478568761, 31.210120592303213], [121.46437085423692, 31.210083117447144]]]}}, {"type": "Feature", "properties": {"bid": 416, "stakeholder": "resident"}, "geometry": {"type": "Polygon", "coordinates": [[[121.46322521155003, 31.2100381491571], [121.46310463401056, 31.21002957700522], [121.4631010072464, 31.210067262529684], [121.46322158483659, 31.210075834674488], [121.46322521155003, 31.2100381491571]]]}}, {"type": "Feature", "properties": {"bid": 417, "stakeholder": "resident"}, "geometry": {"type": "Polygon", "coordinates": [[[121.46370801090723, 31.2100997453984], [121.46386268066762, 31.21015505358701], [121.46385568008098, 31.21016789306674], [121.46395546670283, 31.21020402838933], [121.46396047086624, 31.210191145772974], [121.46399539610854, 31.210203893329957], [121.4640284157947, 31.21012666264107], [121.46371009636219, 31.210011852023683], [121.46368808012164, 31.210066337695302], [121.4637170180331, 31.210076956173168], [121.46370801090723, 31.2100997453984]]]}}, {"type": "Feature", "properties": {"bid": 418, "stakeholder": "resident"}, "geometry": {"type": "Polygon", "coordinates": [[[121.46339205491991, 31.210101626925503], [121.46336026438071, 31.210140197117802], [121.46339616496938, 31.210162056013097], [121.46342795549579, 31.210123485813256], [121.46339205491991, 31.210101626925503]]]}}, {"type": "Feature", "properties": {"bid": 419, "stakeholder": "resident"}, "geometry": {"type": "Polygon", "coordinates": [[[121.46363911740083, 31.210115244668714], [121.46356626140995, 31.21010067990192], [121.46355323320029, 31.210151362883998], [121.463622090316, 31.21017183695085], [121.46363911740083, 31.210115244668714]]]}}, {"type": "Feature", "properties": {"bid": 420, "stakeholder": "resident"}, "geometry": {"type": "Polygon", "coordinates": [[[121.46332371134453, 31.210081454933285], [121.46343647936577, 31.210112867477847], [121.46344649377532, 31.210081105980407], [121.46353531497164, 31.21010201018891], [121.4635543274187, 31.210056452930864], [121.46334873226624, 31.210017040042256], [121.46327577015141, 31.210107402312815], [121.46310094785053, 31.210238541109337], [121.4632706086827, 31.210276172977103], [121.46332371134453, 31.210081454933285]]]}}, {"type": "Feature", "properties": {"bid": 421, "stakeholder": "developer"}, "geometry": {"type": "Polygon", "coordinates": [[[121.46762124945997, 31.207222787270158], [121.46784084180922, 31.207266514235467], [121.46786892014678, 31.20715020546845], [121.46765930655205, 31.207110692411618], [121.46764827475396, 31.207157419861066], [121.46720809920384, 31.20706993268834], [121.46718001858005, 31.20718923762638], [121.46760821471355, 31.20727546702494], [121.46762124945997, 31.207222787270158]]]}}, {"type": "Feature", "properties": {"bid": 422, "stakeholder": "resident"}, "geometry": {"type": "Polygon", "coordinates": [[[121.4682680611545, 31.207347698554994], [121.46827407265401, 31.207327842640264], [121.46818922856814, 31.207310021651097], [121.46816015902084, 31.207419315085126], [121.46821805346849, 31.207430558623848], [121.46824110842272, 31.20734411866397], [121.4682680611545, 31.207347698554994]]]}}, {"type": "Feature", "properties": {"bid": 423, "stakeholder": "resident"}, "geometry": {"type": "Polygon", "coordinates": [[[121.46835393917205, 31.20733256457862], [121.4683239954337, 31.207324923277724], [121.46829393897849, 31.207423203748583], [121.46846761915538, 31.207461926485042], [121.46849767377536, 31.207365643839246], [121.46846972544938, 31.207359045433456], [121.46848375176582, 31.20731338076712], [121.46836896164156, 31.207288920202693], [121.46835393917205, 31.20733256457862]]]}}, {"type": "Feature", "properties": {"bid": 424, "stakeholder": "resident"}, "geometry": {"type": "Polygon", "coordinates": [[[121.46850366194893, 31.207367771528872], [121.46851768935664, 31.207321107533005], [121.46848375176582, 31.20731338076712], [121.46846972544938, 31.207359045433456], [121.46849767377536, 31.207365643839246], [121.46846761915538, 31.207461926485042], [121.46829393897849, 31.207423203748583], [121.4683239954337, 31.207324923277724], [121.46835393917205, 31.20733256457862], [121.46836896164156, 31.207288920202693], [121.46833202926884, 31.207281128116787], [121.46832601347296, 31.207304981122203], [121.468283093114, 31.207295060974836], [121.4682680611545, 31.207347698554994], [121.46824110842272, 31.20734411866397], [121.46821805346849, 31.207430558623848], [121.46851850269854, 31.20749500086049], [121.46853859691304, 31.20737651898832], [121.46850366194893, 31.207367771528872]]]}}, {"type": "Feature", "properties": {"bid": 425, "stakeholder": "developer"}, "geometry": {"type": "Polygon", "coordinates": [[[121.46755808138403, 31.207478235180073], [121.46777168517987, 31.207519835298278], [121.46779976083735, 31.207405525114723], [121.46759913183767, 31.20736720455414], [121.46758610359791, 31.20741388873864], [121.46714592815569, 31.207327398588347], [121.46711785019706, 31.207444705026827], [121.46754504794728, 31.207529915662175], [121.46755808138403, 31.207478235180073]]]}}, {"type": "Feature", "properties": {"bid": 426, "stakeholder": "resident"}, "geometry": {"type": "Polygon", "coordinates": [[[121.46865636334631, 31.207420027396434], [121.46864139063099, 31.207416707011014], [121.4686464006776, 31.207399827071807], [121.46857253569942, 31.20738324623483], [121.46856652622239, 31.207401103865436], [121.46854756111543, 31.207396697943402], [121.46851850269854, 31.20749500086049], [121.46863129725206, 31.20751941607006], [121.46865636334631, 31.207420027396434]]]}}, {"type": "Feature", "properties": {"bid": 427, "stakeholder": "developer"}, "geometry": {"type": "Polygon", "coordinates": [[[121.46805697493075, 31.207749847622317], [121.46807400836839, 31.20769225715571], [121.4681997773938, 31.207717958503057], [121.4681827427854, 31.2077765484923], [121.4682066992849, 31.20778106315094], [121.46818665484659, 31.207853578186185], [121.46824754138879, 31.20786788403354], [121.46826457386886, 31.207811292413457], [121.46827954517039, 31.20781561283087], [121.4682905684724, 31.20777687860135], [121.46826960800831, 31.207771429597976], [121.46828564223097, 31.207714816403502], [121.46825070674765, 31.207707067034335], [121.46825571446813, 31.207692185861955], [121.46820780348652, 31.207681158234774], [121.46820279366102, 31.207698037906468], [121.4681249479164, 31.20767137380716], [121.46812193801031, 31.207685298785798], [121.46808500829466, 31.207675507039706], [121.46808801819577, 31.207661582074547], [121.46803511595054, 31.20765044557095], [121.46803110770351, 31.207664348931694], [121.46799816948351, 31.207656641691695], [121.4679821397374, 31.207709257271688], [121.46796617036976, 31.20770491474087], [121.46795408439063, 31.20780458211448], [121.46801297545505, 31.207816847897853], [121.46803401701005, 31.207745354129255], [121.46805697493075, 31.207749847622317]]]}}, {"type": "Feature", "properties": {"bid": 428, "stakeholder": "developer"}, "geometry": {"type": "Polygon", "coordinates": [[[121.4682066992849, 31.20778106315094], [121.4681827427854, 31.2077765484923], [121.4681997773938, 31.207717958503057], [121.46807400836839, 31.20769225715571], [121.46805697493075, 31.207749847622317], [121.46803401701005, 31.207745354129255], [121.46801297545505, 31.207816847897853], [121.46818665484659, 31.207853578186185], [121.4682066992849, 31.20778106315094]]]}}, {"type": "Feature", "properties": {"bid": 429, "stakeholder": "developer"}, "geometry": {"type": "Polygon", "coordinates": [[[121.46750466139281, 31.20783443767871], [121.46761462175525, 31.207832375230897], [121.46761414183244, 31.207813472824455], [121.46750418149217, 31.207815535266988], [121.46750466139281, 31.20783443767871]]]}}, {"type": "Feature", "properties": {"bid": 430, "stakeholder": "developer"}, "geometry": {"type": "Polygon", "coordinates": [[[121.46773277323881, 31.207817809028896], [121.46770138667006, 31.20788846150979], [121.46804046575937, 31.20799974138841], [121.4680718520574, 31.20792908886995], [121.46773277323881, 31.207817809028896]]]}}, {"type": "Feature", "properties": {"bid": 431, "stakeholder": "state"}, "geometry": {"type": "Polygon", "coordinates": [[[121.46875746097605, 31.20717696592253], [121.46895221293865, 31.20720753980873], [121.46897987915243, 31.207077345709532], [121.46878512747949, 31.20704677180913], [121.46875746097605, 31.20717696592253]]]}}, {"type": "Feature", "properties": {"bid": 432, "stakeholder": "developer"}, "geometry": {"type": "Polygon", "coordinates": [[[121.46934828522616, 31.20731250045098], [121.46938334998269, 31.20718362998345], [121.46919057807277, 31.207144880058078], [121.46915551303117, 31.207273750526383], [121.46934828522616, 31.20731250045098]]]}}, {"type": "Feature", "properties": {"bid": 433, "stakeholder": "resident"}, "geometry": {"type": "Polygon", "coordinates": [[[121.46873624254873, 31.207414752508726], [121.46870618643936, 31.207512035456087], [121.4688798715308, 31.20755074805919], [121.46890992689657, 31.207454463561813], [121.46888297617465, 31.207447888319958], [121.46889700177599, 31.207403222052108], [121.46878021262842, 31.207377726079475], [121.46876718553062, 31.20742241357926], [121.46873624254873, 31.207414752508726]]]}}, {"type": "Feature", "properties": {"bid": 434, "stakeholder": "resident"}, "geometry": {"type": "Polygon", "coordinates": [[[121.46891691365681, 31.207456612352477], [121.46892994406437, 31.20740892675462], [121.46889700177599, 31.207403222052108], [121.46888297617465, 31.207447888319958], [121.46890992689657, 31.207454463561813], [121.4688798715308, 31.20755074805919], [121.46870618643936, 31.207512035456087], [121.46873624254873, 31.207414752508726], [121.46876718553062, 31.20742241357926], [121.46878021262842, 31.207377726079475], [121.4687442776202, 31.207369957611153], [121.46873726328452, 31.207393789475084], [121.46869533799986, 31.20738589178029], [121.46868030675252, 31.207437530957854], [121.46865335327836, 31.207433952566245], [121.46863129725206, 31.20751941607006], [121.46892975603362, 31.207585796413397], [121.46894483841857, 31.207486191971043], [121.46895184963832, 31.20746535766221], [121.46891691365681, 31.207456612352477]]]}}, {"type": "Feature", "properties": {"bid": 435, "stakeholder": "unknown"}, "geometry": {"type": "Polygon", "coordinates": [[[121.46939011532992, 31.207517730814914], [121.46936708097043, 31.207583190328815], [121.46940401292444, 31.20759397423523], [121.46945107393891, 31.20746907176573], [121.46935724416846, 31.2074440787843], [121.46933421616939, 31.207503542555852], [121.46939011532992, 31.207517730814914]]]}}, {"type": "Feature", "properties": {"bid": 436, "stakeholder": "resident"}, "geometry": {"type": "Polygon", "coordinates": [[[121.46899674545102, 31.207497300374484], [121.46894483841857, 31.207486191971043], [121.46892975603362, 31.207585796413397], [121.46896868784927, 31.20759262895824], [121.46899674545102, 31.207497300374484]]]}}, {"type": "Feature", "properties": {"bid": 437, "stakeholder": "unknown"}, "geometry": {"type": "Polygon", "coordinates": [[[121.46910920687718, 31.20783947339952], [121.46914414445585, 31.207847218348377], [121.46918019161933, 31.207750061679864], [121.46930196913308, 31.207782651820423], [121.46926792172894, 31.20787685428707], [121.46930285973178, 31.20788459827116], [121.46940401292444, 31.20759397423523], [121.46936708097043, 31.207583190328815], [121.46939011532992, 31.207517730814914], [121.46933421616939, 31.207503542555852], [121.46935724416846, 31.2074440787843], [121.46925443233886, 31.2074158937375], [121.46910920687718, 31.20783947339952]]]}}, {"type": "Feature", "properties": {"bid": 438, "stakeholder": "unknown"}, "geometry": {"type": "Polygon", "coordinates": [[[121.46918019161933, 31.207750061679864], [121.46913812429248, 31.207875069205606], [121.46925390345757, 31.20791452666515], [121.46926792172894, 31.20787685428707], [121.46930196913308, 31.207782651820423], [121.46918019161933, 31.207750061679864]]]}}, {"type": "Feature", "properties": {"bid": 439, "stakeholder": "developer"}, "geometry": {"type": "Polygon", "coordinates": [[[121.46908415855103, 31.207921876525806], [121.46901128957713, 31.207905322099517], [121.46899927160007, 31.207940038981516], [121.46907214051771, 31.20795659355485], [121.46908415855103, 31.207921876525806]]]}}, {"type": "Feature", "properties": {"bid": 440, "stakeholder": "developer"}, "geometry": {"type": "Polygon", "coordinates": [[[121.46925390345757, 31.20791452666515], [121.46913812429248, 31.207875069205606], [121.46914414445585, 31.207847218348377], [121.46910920687718, 31.20783947339952], [121.4690991940787, 31.207866239213093], [121.46902732240073, 31.207850705685516], [121.46901128957713, 31.207905322099517], [121.46908415855103, 31.207921876525806], [121.46907214051771, 31.20795659355485], [121.4687237699519, 31.207878153233768], [121.46868167794867, 31.20802813944567], [121.4690200686948, 31.20810137129877], [121.4691049409805, 31.208097198262465], [121.46920183608098, 31.20805430965175], [121.46926380130299, 31.2079966805448], [121.46930285973178, 31.20788459827116], [121.46926792172894, 31.20787685428707], [121.46925390345757, 31.20791452666515]]]}}, {"type": "Feature", "properties": {"bid": 441, "stakeholder": "developer"}, "geometry": {"type": "Polygon", "coordinates": [[[121.4665811073686, 31.207116274425925], [121.46642342151075, 31.207073875318205], [121.4663634452603, 31.207147518056562], [121.4662265878735, 31.207233479397352], [121.46646512726805, 31.20728263318165], [121.4665811073686, 31.207116274425925]]]}}, {"type": "Feature", "properties": {"bid": 442, "stakeholder": "developer"}, "geometry": {"type": "Polygon", "coordinates": [[[121.46682843464826, 31.207353481973772], [121.46684345899415, 31.207306841842527], [121.466790557134, 31.20729869780046], [121.46675756685238, 31.2073419497657], [121.46682843464826, 31.207353481973772]]]}}, {"type": "Feature", "properties": {"bid": 443, "stakeholder": "developer"}, "geometry": {"type": "Polygon", "coordinates": [[[121.46706382090032, 31.20755745103673], [121.46700093973175, 31.207545093830273], [121.46697688838651, 31.207631509644674], [121.4670387690785, 31.207645843802364], [121.46706382090032, 31.20755745103673]]]}}, {"type": "Feature", "properties": {"bid": 444, "stakeholder": "developer"}, "geometry": {"type": "Polygon", "coordinates": [[[121.46749692916228, 31.207716738831042], [121.46770454340879, 31.20775721120122], [121.46773262065312, 31.20764090253931], [121.46752600446918, 31.207600452349993], [121.46750996135451, 31.207666057619807], [121.46708276529068, 31.20757984655859], [121.4670617109125, 31.207664328983412], [121.46748890766798, 31.207749541465102], [121.46749692916228, 31.207716738831042]]]}}, {"type": "Feature", "properties": {"bid": 445, "stakeholder": "state"}, "geometry": {"type": "Polygon", "coordinates": [[[121.46740678359517, 31.20799558467844], [121.46741479859645, 31.207968777653207], [121.46733395395916, 31.207949037378], [121.46732593687649, 31.207977842882826], [121.46740678359517, 31.20799558467844]]]}}, {"type": "Feature", "properties": {"bid": 446, "stakeholder": "developer"}, "geometry": {"type": "Polygon", "coordinates": [[[121.466189677128, 31.208152021792213], [121.46616874093901, 31.20812558508675], [121.46619171253178, 31.20811509231566], [121.46616677700138, 31.208094564404917], [121.46612373097993, 31.208208546887185], [121.466189677128, 31.208152021792213]]]}}, {"type": "Feature", "properties": {"bid": 447, "stakeholder": "developer"}, "geometry": {"type": "Polygon", "coordinates": [[[121.46616874093901, 31.20812558508675], [121.466189677128, 31.208152021792213], [121.46616769750437, 31.208168531871372], [121.46624744629626, 31.20827718969457], [121.46635531051095, 31.208230569255132], [121.46632243378826, 31.20816689931098], [121.46620974857046, 31.208051529885495], [121.46616677700138, 31.208094564404917], [121.46619171253178, 31.20811509231566], [121.46616874093901, 31.20812558508675]]]}}, {"type": "Feature", "properties": {"bid": 448, "stakeholder": "developer"}, "geometry": {"type": "Polygon", "coordinates": [[[121.46616769750437, 31.208168531871372], [121.46612373097993, 31.208208546887185], [121.46617454267358, 31.208304584189186], [121.46624744629626, 31.20827718969457], [121.46616769750437, 31.208168531871372]]]}}, {"type": "Feature", "properties": {"bid": 449, "stakeholder": "developer"}, "geometry": {"type": "Polygon", "coordinates": [[[121.46609770176076, 31.208278930594584], [121.46617454267358, 31.208304584189186], [121.46612373097993, 31.208208546887185], [121.46609770176076, 31.208278930594584]]]}}, {"type": "Feature", "properties": {"bid": 450, "stakeholder": "unknown"}, "geometry": {"type": "Polygon", "coordinates": [[[121.46704800836233, 31.208351542516937], [121.46722475427838, 31.208311409405724], [121.46718792601315, 31.208206684143818], [121.46715497352318, 31.208213963415908], [121.46701317798433, 31.20824586088992], [121.46704800836233, 31.208351542516937]]]}}, {"type": "Feature", "properties": {"bid": 451, "stakeholder": "state"}, "geometry": {"type": "Polygon", "coordinates": [[[121.46712417956076, 31.208067398826305], [121.46714412880318, 31.208083820394954], [121.46718007305482, 31.20807960393881], [121.46719207799038, 31.20805588147977], [121.46717413163697, 31.20803350770335], [121.46730488277423, 31.208062325821906], [121.46729686996673, 31.208087134259525], [121.46736773448093, 31.208103660495336], [121.46737474794348, 31.208079829631522], [121.4677999346493, 31.20818497357481], [121.46783599902437, 31.208067837987358], [121.46741479859645, 31.207968777653207], [121.46740678359517, 31.20799558467844], [121.46732593687649, 31.207977842882826], [121.46733395395916, 31.207949037378], [121.46719721177635, 31.20792108884621], [121.46713132783759, 31.207915662016717], [121.46708339876498, 31.20792461466793], [121.466997455433, 31.208007688587607], [121.46697842883565, 31.208063235704003], [121.46701317798433, 31.20824586088992], [121.46715497352318, 31.208213963415908], [121.46712417956076, 31.208067398826305]]]}}, {"type": "Feature", "properties": {"bid": 452, "stakeholder": "state"}, "geometry": {"type": "Polygon", "coordinates": [[[121.46776097212842, 31.2082101116506], [121.46738269239675, 31.208119973483292], [121.46736566846164, 31.20816956881736], [121.46774394790566, 31.208259707569315], [121.46776097212842, 31.2082101116506]]]}}, {"type": "Feature", "properties": {"bid": 453, "stakeholder": "developer"}, "geometry": {"type": "Polygon", "coordinates": [[[121.46848661900786, 31.208378683781973], [121.46854551112791, 31.208391944972735], [121.46855553062437, 31.20835818506032], [121.46860543749574, 31.20837125207606], [121.46861444817023, 31.208347463250952], [121.468497663069, 31.208319963784223], [121.46849265227775, 31.208337842966095], [121.4684048105554, 31.208320958945528], [121.46838877992276, 31.20837457475796], [121.46843968776341, 31.208384666646], [121.46848161033371, 31.208394564425475], [121.46848661900786, 31.208378683781973]]]}}, {"type": "Feature", "properties": {"bid": 454, "stakeholder": "developer"}, "geometry": {"type": "Polygon", "coordinates": [[[121.46870223980693, 31.208413308833606], [121.46857847154183, 31.208379664600624], [121.46855744883669, 31.208433173212715], [121.46868221534794, 31.208466839329724], [121.46870223980693, 31.208413308833606]]]}}, {"type": "Feature", "properties": {"bid": 455, "stakeholder": "developer"}, "geometry": {"type": "Polygon", "coordinates": [[[121.46845257980976, 31.208467885868057], [121.46853243162343, 31.208487594957877], [121.46857847154183, 31.208379664600624], [121.46870223980693, 31.208413308833606], [121.46866618872843, 31.208516458723693], [121.46874304338405, 31.2085390987188], [121.46876206213722, 31.20849254141217], [121.468786016472, 31.208500051997365], [121.46880202545229, 31.208467419887032], [121.46873216976873, 31.208434938354166], [121.46874318148652, 31.208407195266716], [121.46855553062437, 31.20835818506032], [121.46854551112791, 31.208391944972735], [121.46848661900786, 31.208378683781973], [121.46848161033371, 31.208394564425475], [121.46843968776341, 31.208384666646], [121.46843167244982, 31.208411474600613], [121.46846461061557, 31.20842017937582], [121.46845257980976, 31.208467885868057]]]}}, {"type": "Feature", "properties": {"bid": 456, "stakeholder": "developer"}, "geometry": {"type": "Polygon", "coordinates": [[[121.46836465358435, 31.208531942135387], [121.46853243162343, 31.208487594957877], [121.46845257980976, 31.208467885868057], [121.46846461061557, 31.20842017937582], [121.46843167244982, 31.208411474600613], [121.46832680742455, 31.208443187678427], [121.46836465358435, 31.208531942135387]]]}}, {"type": "Feature", "properties": {"bid": 457, "stakeholder": "state"}, "geometry": {"type": "Polygon", "coordinates": [[[121.46779568332977, 31.208430707013743], [121.46764096546565, 31.208404373037524], [121.46758682268263, 31.208626042108907], [121.46774153911679, 31.208653376171007], [121.46779568332977, 31.208430707013743]]]}}, {"type": "Feature", "properties": {"bid": 458, "stakeholder": "state"}, "geometry": {"type": "Polygon", "coordinates": [[[121.46814224062462, 31.208314290265143], [121.46810131314385, 31.2083084093424], [121.4680993615418, 31.20826539767757], [121.4680844092759, 31.20824309011255], [121.46803950533241, 31.20822113430171], [121.46804853569802, 31.20817836006931], [121.46797666588441, 31.2081658138182], [121.46782018312558, 31.208870925901067], [121.46796191282976, 31.208907968415698], [121.46814224062462, 31.208314290265143]]]}}, {"type": "Feature", "properties": {"bid": 459, "stakeholder": "state"}, "geometry": {"type": "Polygon", "coordinates": [[[121.4675569427908, 31.208558442113763], [121.46747508650652, 31.20855067231349], [121.46746903083113, 31.208613496440368], [121.46754489818466, 31.208620137212908], [121.4675569427908, 31.208558442113763]]]}}, {"type": "Feature", "properties": {"bid": 460, "stakeholder": "state"}, "geometry": {"type": "Polygon", "coordinates": [[[121.46750494435946, 31.208639257178614], [121.46746502607446, 31.208624401843164], [121.4674410121835, 31.208675844467898], [121.46748093042957, 31.208690699886684], [121.46750494435946, 31.208639257178614]]]}}, {"type": "Feature", "properties": {"bid": 461, "stakeholder": "developer"}, "geometry": {"type": "Polygon", "coordinates": [[[121.46635217735992, 31.208362407521626], [121.46636819889125, 31.208315789109754], [121.46635531051095, 31.208230569255132], [121.46617454267358, 31.208304584189186], [121.46635217735992, 31.208362407521626]]]}}, {"type": "Feature", "properties": {"bid": 462, "stakeholder": "developer"}, "geometry": {"type": "Polygon", "coordinates": [[[121.46626833024129, 31.20835358979837], [121.4660797100446, 31.208300523817623], [121.46601964612319, 31.208460103774314], [121.46620926534207, 31.208512192371245], [121.46626833024129, 31.20835358979837]]]}}, {"type": "Feature", "properties": {"bid": 463, "stakeholder": "unknown"}, "geometry": {"type": "Polygon", "coordinates": [[[121.46716168822275, 31.20847492402908], [121.4670967838539, 31.20848750554302], [121.46710971268419, 31.208534752856792], [121.46717361877688, 31.20852214962207], [121.46716168822275, 31.20847492402908]]]}}, {"type": "Feature", "properties": {"bid": 464, "stakeholder": "state"}, "geometry": {"type": "Polygon", "coordinates": [[[121.467318284935, 31.208610227836687], [121.46746903083113, 31.208613496440368], [121.46747508650652, 31.20855067231349], [121.4675569427908, 31.208558442113763], [121.4675730110995, 31.208467854755558], [121.46738036012107, 31.20843969585542], [121.46729349841611, 31.208445806383853], [121.46716168822275, 31.20847492402908], [121.46717361877688, 31.20852214962207], [121.46710971268419, 31.208534752856792], [121.46714553476669, 31.208647450989076], [121.467318284935, 31.208610227836687]]]}}, {"type": "Feature", "properties": {"bid": 465, "stakeholder": "developer"}, "geometry": {"type": "Polygon", "coordinates": [[[121.46660461309568, 31.20848980740339], [121.46643494070851, 31.208453143402153], [121.46638985460085, 31.208609052248498], [121.46655852848245, 31.20864569482245], [121.46660461309568, 31.20848980740339]]]}}, {"type": "Feature", "properties": {"bid": 466, "stakeholder": "developer"}, "geometry": {"type": "Polygon", "coordinates": [[[121.4661102508427, 31.20868891301933], [121.46594258851441, 31.208642298075578], [121.46590855215527, 31.20873349296295], [121.4660762143525, 31.208780107958543], [121.4661102508427, 31.20868891301933]]]}}, {"type": "Feature", "properties": {"bid": 467, "stakeholder": "state"}, "geometry": {"type": "Polygon", "coordinates": [[[121.467293133437, 31.208795550731672], [121.46736600306734, 31.208804126173174], [121.46739896518807, 31.20878785293462], [121.46742998380364, 31.208720573542728], [121.46739709763007, 31.208663900145783], [121.46734420981397, 31.208640768856355], [121.46730028506568, 31.208638816902738], [121.46727031591661, 31.20865715338829], [121.46723431843282, 31.2087123328514], [121.46725821126768, 31.208776805926508], [121.467293133437, 31.208795550731672]]]}}, {"type": "Feature", "properties": {"bid": 468, "stakeholder": "developer"}, "geometry": {"type": "Polygon", "coordinates": [[[121.46653638744817, 31.20881709204103], [121.46664917529394, 31.20883653088566], [121.46660737747482, 31.208710711046706], [121.46631893373592, 31.20864948090911], [121.46627684320696, 31.208805454909736], [121.46636966548304, 31.208823461364947], [121.46645649847005, 31.208841337430158], [121.46653638744817, 31.20881709204103]]]}}, {"type": "Feature", "properties": {"bid": 469, "stakeholder": "developer"}, "geometry": {"type": "Polygon", "coordinates": [[[121.46644546869106, 31.20888806450181], [121.46645649847005, 31.208841337430158], [121.46636966548304, 31.208823461364947], [121.4663586357292, 31.208870188406877], [121.46644546869106, 31.20888806450181]]]}}, {"type": "Feature", "properties": {"bid": 470, "stakeholder": "developer"}, "geometry": {"type": "Polygon", "coordinates": [[[121.4662826595785, 31.20897246340747], [121.4659303548184, 31.20888685890048], [121.46588429020015, 31.209025758509487], [121.46623559630918, 31.209111341526746], [121.4662826595785, 31.20897246340747]]]}}, {"type": "Feature", "properties": {"bid": 471, "stakeholder": "state"}, "geometry": {"type": "Polygon", "coordinates": [[[121.46772248843888, 31.208731907774617], [121.46751089365205, 31.208678358521233], [121.46748486125237, 31.208750742649105], [121.46769745309086, 31.208805313306925], [121.46772248843888, 31.208731907774617]]]}}, {"type": "Feature", "properties": {"bid": 472, "stakeholder": "developer"}, "geometry": {"type": "Polygon", "coordinates": [[[121.46835138907363, 31.208805461933643], [121.46840928133896, 31.208819701951196], [121.46841930152016, 31.20878494287274], [121.46846920802601, 31.208798010850504], [121.46847821739118, 31.208775221409102], [121.46836243153905, 31.208747741264354], [121.46835841930567, 31.208765641944744], [121.4682685825476, 31.208747713965636], [121.46825454920896, 31.208801372745658], [121.46830345889168, 31.20881242169924], [121.46834538219504, 31.20882132097801], [121.46835138907363, 31.208805461933643]]]}}, {"type": "Feature", "properties": {"bid": 473, "stakeholder": "developer"}, "geometry": {"type": "Polygon", "coordinates": [[[121.46859693694171, 31.20886272050949], [121.46871270598398, 31.208908183766134], [121.46872973173664, 31.20885758637689], [121.46864588827647, 31.208834795654862], [121.46865289782772, 31.208814960786754], [121.46853711268331, 31.208785484879694], [121.46852909647168, 31.208813292270577], [121.46860794833744, 31.2088349775716], [121.46859693694171, 31.20886272050949]]]}}, {"type": "Feature", "properties": {"bid": 474, "stakeholder": "developer"}, "geometry": {"type": "Polygon", "coordinates": [[[121.46844224239032, 31.20880642288995], [121.46842221867621, 31.208859952777118], [121.46854598589778, 31.20889359980009], [121.46856700813487, 31.208840091083005], [121.46844224239032, 31.20880642288995]]]}}, {"type": "Feature", "properties": {"bid": 475, "stakeholder": "developer"}, "geometry": {"type": "Polygon", "coordinates": [[[121.46832838283264, 31.20884693568535], [121.46831635251046, 31.20889464207818], [121.46839620374455, 31.208914352655132], [121.46844224239032, 31.20880642288995], [121.46856700813487, 31.208840091083005], [121.46852995982215, 31.208943219004144], [121.46860781023851, 31.208967880610935], [121.4686268305154, 31.208919325024336], [121.46865178307293, 31.208926857609917], [121.46866479542017, 31.2088951604992], [121.46859693694171, 31.20886272050949], [121.46860794833744, 31.2088349775716], [121.46841930152016, 31.20878494287274], [121.46840928133896, 31.208819701951196], [121.46835138907363, 31.208805461933643], [121.46834538219504, 31.20882132097801], [121.46830345889168, 31.20881242169924], [121.46829544489935, 31.20883823030601], [121.46832838283264, 31.20884693568535]]]}}, {"type": "Feature", "properties": {"bid": 476, "stakeholder": "developer"}, "geometry": {"type": "Polygon", "coordinates": [[[121.46832838283264, 31.20884693568535], [121.46829544489935, 31.20883823030601], [121.46819157943024, 31.20886996322099], [121.46822842551389, 31.208960695510598], [121.46839620374455, 31.208914352655132], [121.46831635251046, 31.20889464207818], [121.46832838283264, 31.20884693568535]]]}}, {"type": "Feature", "properties": {"bid": 477, "stakeholder": "resident"}, "geometry": {"type": "Polygon", "coordinates": [[[121.46813137434359, 31.208922107201428], [121.4680441096912, 31.208912415509186], [121.4680286051906, 31.209015545996518], [121.46811586994481, 31.209025237678862], [121.46813137434359, 31.208922107201428]]]}}, {"type": "Feature", "properties": {"bid": 478, "stakeholder": "developer"}, "geometry": {"type": "Polygon", "coordinates": [[[121.46870064946972, 31.208980872592115], [121.46865178307293, 31.208926857609917], [121.4686268305154, 31.208919325024336], [121.46860781023851, 31.208967880610935], [121.46852995982215, 31.208943219004144], [121.46862171309512, 31.209040129317664], [121.46870064946972, 31.208980872592115]]]}}, {"type": "Feature", "properties": {"bid": 479, "stakeholder": "state"}, "geometry": {"type": "Polygon", "coordinates": [[[121.46747564063686, 31.208977382389826], [121.46740175670072, 31.208983774995765], [121.467396784803, 31.208964680606584], [121.46733786344782, 31.208983388779362], [121.46738263761041, 31.209129257427545], [121.46752244069557, 31.209095314178057], [121.46751849602039, 31.209048261845563], [121.46762229716501, 31.20907449406496], [121.46760526456922, 31.209133083456436], [121.46766015826324, 31.209148262704726], [121.46768421336571, 31.209056848595537], [121.46765432345309, 31.208998242148937], [121.46749663442392, 31.208949857205365], [121.46747564063686, 31.208977382389826]]]}}, {"type": "Feature", "properties": {"bid": 480, "stakeholder": "state"}, "geometry": {"type": "Polygon", "coordinates": [[[121.4677370950951, 31.20908697328172], [121.46770322622139, 31.20901429069329], [121.46765432345309, 31.208998242148937], [121.46768421336571, 31.209056848595537], [121.46766015826324, 31.209148262704726], [121.46763021556944, 31.20914061904938], [121.4676171908095, 31.20918530516752], [121.46770302256517, 31.20921114733859], [121.4677370950951, 31.20908697328172]]]}}, {"type": "Feature", "properties": {"bid": 481, "stakeholder": "developer"}, "geometry": {"type": "Polygon", "coordinates": [[[121.46661508648617, 31.208977689912047], [121.46664294519279, 31.20906823173549], [121.466543090438, 31.209092043576], [121.46656199572477, 31.209152412109805], [121.46670778289912, 31.209118605879773], [121.46665803016526, 31.208961634997983], [121.46649734988195, 31.208917172310983], [121.46644243135655, 31.208928969533023], [121.46644939750013, 31.208950106114006], [121.46635852998519, 31.208972114087253], [121.46639534595124, 31.20908883250298], [121.46653214558285, 31.20905683040991], [121.46651423352898, 31.20900147994456], [121.46661508648617, 31.208977689912047]]]}}, {"type": "Feature", "properties": {"bid": 482, "stakeholder": "developer"}, "geometry": {"type": "Polygon", "coordinates": [[[121.46664294519279, 31.20906823173549], [121.46661508648617, 31.208977689912047], [121.46651423352898, 31.20900147994456], [121.46653214558285, 31.20905683040991], [121.466543090438, 31.209092043576], [121.46664294519279, 31.20906823173549]]]}}, {"type": "Feature", "properties": {"bid": 483, "stakeholder": "resident"}, "geometry": {"type": "Polygon", "coordinates": [[[121.46618454251917, 31.209248134365513], [121.46590010315663, 31.209179993750066], [121.46585604103483, 31.209313940642577], [121.46614147837386, 31.209382103084867], [121.46618454251917, 31.209248134365513]]]}}, {"type": "Feature", "properties": {"bid": 484, "stakeholder": "developer"}, "geometry": {"type": "Polygon", "coordinates": [[[121.46670244034158, 31.209459249699982], [121.46668452258702, 31.209408895589032], [121.46664857416603, 31.209418107506675], [121.46663662664595, 31.209386869720785], [121.46661665590409, 31.209391432268497], [121.4665907366249, 31.20935589368594], [121.46653583753482, 31.20934870490339], [121.46653585090633, 31.209335714343457], [121.46649091720053, 31.209345730075704], [121.46647997631054, 31.20930651974386], [121.46641207628115, 31.209322031990443], [121.46642102986515, 31.209352205486656], [121.46638608215994, 31.209359440237222], [121.46638309866069, 31.209348383127686], [121.46631420167364, 31.20936287423382], [121.46634808216425, 31.209422569212006], [121.46632212103327, 31.209428000658598], [121.46634898092462, 31.20951952055157], [121.466374942072, 31.209514089085314], [121.46639782546798, 31.20958953379125], [121.46646872018313, 31.209574086632806], [121.46647866914532, 31.209607279683098], [121.46652859926417, 31.209592376047052], [121.46653556673175, 31.209612513416907], [121.46671430902416, 31.209567431637712], [121.46667847539334, 31.209464724820798], [121.46670244034158, 31.209459249699982]]]}}, {"type": "Feature", "properties": {"bid": 485, "stakeholder": "developer"}, "geometry": {"type": "Polygon", "coordinates": [[[121.46673013636075, 31.20970967577187], [121.46671511208467, 31.209758314998], [121.46684885297101, 31.209790199742653], [121.46690780929202, 31.209735519376977], [121.46684212662524, 31.209534233379486], [121.46653556673175, 31.209612513416907], [121.46652859926417, 31.209592376047052], [121.46647866914532, 31.209607279683098], [121.46650454453902, 31.209685787278374], [121.466575440557, 31.209669340601977], [121.4665953448482, 31.209729731016242], [121.4666113663294, 31.20968211283752], [121.46673013636075, 31.20970967577187]]]}}, {"type": "Feature", "properties": {"bid": 486, "stakeholder": "resident"}, "geometry": {"type": "Polygon", "coordinates": [[[121.46625701958828, 31.20963543857624], [121.46616120677515, 31.209613369635466], [121.46612814770573, 31.209726570878328], [121.46622395942552, 31.20974963915734], [121.46625701958828, 31.20963543857624]]]}}, {"type": "Feature", "properties": {"bid": 487, "stakeholder": "developer"}, "geometry": {"type": "Polygon", "coordinates": [[[121.4666113663294, 31.20968211283752], [121.4665953448482, 31.209729731016242], [121.46671511208467, 31.209758314998], [121.46673013636075, 31.20970967577187], [121.4666113663294, 31.20968211283752]]]}}, {"type": "Feature", "properties": {"bid": 488, "stakeholder": "resident"}, "geometry": {"type": "Polygon", "coordinates": [[[121.46613517329752, 31.209689749585657], [121.46605333445325, 31.209669982901175], [121.46602228949835, 31.209766239859327], [121.46610313002691, 31.209785984873637], [121.46613517329752, 31.209689749585657]]]}}, {"type": "Feature", "properties": {"bid": 489, "stakeholder": "developer"}, "geometry": {"type": "Polygon", "coordinates": [[[121.46624583563198, 31.209834055839515], [121.46608714667525, 31.20979662965506], [121.46607412755874, 31.209837317853104], [121.46600725859868, 31.209821873786826], [121.46598622502268, 31.209890368110106], [121.46621078350724, 31.209944216043876], [121.46624583563198, 31.209834055839515]]]}}, {"type": "Feature", "properties": {"bid": 490, "stakeholder": "developer"}, "geometry": {"type": "Polygon", "coordinates": [[[121.46640256466708, 31.209836463487818], [121.46634667378896, 31.20982325701953], [121.46633565618562, 31.20985899229151], [121.46626878758195, 31.209842549191144], [121.46623974433156, 31.209933853352204], [121.46636250370932, 31.209963503031357], [121.46640256466708, 31.209836463487818]]]}}, {"type": "Feature", "properties": {"bid": 491, "stakeholder": "developer"}, "geometry": {"type": "Polygon", "coordinates": [[[121.46841790088128, 31.209172638654707], [121.46809752204366, 31.20907178678363], [121.46806849214433, 31.20914610639278], [121.46838787214845, 31.209246937910514], [121.46841790088128, 31.209172638654707]]]}}, {"type": "Feature", "properties": {"bid": 492, "stakeholder": "state"}, "geometry": {"type": "Polygon", "coordinates": [[[121.46751328440212, 31.209260998723607], [121.46755524290894, 31.209233927737273], [121.46756127413414, 31.209194086616485], [121.46753136257485, 31.209156464514084], [121.4674904385446, 31.20914858249745], [121.46745347793524, 31.209169765812646], [121.46744046158528, 31.20920645755825], [121.46746337860101, 31.209249924057637], [121.46751328440212, 31.209260998723607]]]}}, {"type": "Feature", "properties": {"bid": 493, "stakeholder": "developer"}, "geometry": {"type": "Polygon", "coordinates": [[[121.46854187202796, 31.209201978243936], [121.46838639265249, 31.209290746246225], [121.46842942558486, 31.20934642713354], [121.46858490498109, 31.209257659066036], [121.46854187202796, 31.209201978243936]]]}}, {"type": "Feature", "properties": {"bid": 494, "stakeholder": "state"}, "geometry": {"type": "Polygon", "coordinates": [[[121.46756998214995, 31.20946308590618], [121.4676089066644, 31.2094739222183], [121.46770302256517, 31.20921114733859], [121.4676171908095, 31.20918530516752], [121.46754910567745, 31.20937669404418], [121.46759695444702, 31.209446682264687], [121.46756998214995, 31.20946308590618]]]}}, {"type": "Feature", "properties": {"bid": 495, "stakeholder": "unknown"}, "geometry": {"type": "Polygon", "coordinates": [[[121.46793954379586, 31.20929920805287], [121.46786949397597, 31.209458579196493], [121.4679193907009, 31.209479644701215], [121.46798046683966, 31.20930908684057], [121.46793954379586, 31.20929920805287]]]}}, {"type": "Feature", "properties": {"bid": 496, "stakeholder": "developer"}, "geometry": {"type": "Polygon", "coordinates": [[[121.46754910567745, 31.20937669404418], [121.46747020420459, 31.209407960773607], [121.46746017373778, 31.20945371098258], [121.4674910837233, 31.2094913549704], [121.46754099888118, 31.209493436061276], [121.46756998214995, 31.20946308590618], [121.46759695444702, 31.209446682264687], [121.46754910567745, 31.20937669404418]]]}}, {"type": "Feature", "properties": {"bid": 497, "stakeholder": "developer"}, "geometry": {"type": "Polygon", "coordinates": [[[121.46813196707944, 31.209555191017277], [121.46815198762329, 31.209503660184165], [121.46829571736669, 31.20954074056595], [121.46833677175448, 31.20942370978565], [121.4683108202547, 31.209417153832366], [121.46830581400866, 31.20943103590798], [121.46827287603413, 31.20942233040943], [121.46826786980229, 31.20943621246151], [121.46823493087891, 31.209428506080595], [121.46825094999008, 31.20938488299339], [121.46814315345718, 31.209356572736684], [121.46814516561894, 31.209341626776848], [121.4681212039552, 31.209342108280577], [121.46808124391295, 31.20936622702351], [121.46807722579695, 31.20939012327557], [121.46806624799592, 31.209385888790443], [121.46805720420046, 31.209442653173543], [121.46808515200144, 31.20944925308504], [121.46807313475394, 31.209484968002474], [121.4680292194688, 31.209472027048204], [121.4680332262334, 31.209459122823148], [121.46800727419657, 31.20945356519768], [121.46799722292884, 31.209519301428024], [121.46813196707944, 31.209555191017277]]]}}, {"type": "Feature", "properties": {"bid": 498, "stakeholder": "developer"}, "geometry": {"type": "Polygon", "coordinates": [[[121.46833677175448, 31.20942370978565], [121.46829571736669, 31.20954074056595], [121.46815198762329, 31.209503660184165], [121.46813196707944, 31.209555191017277], [121.46799722292884, 31.209519301428024], [121.46800727419657, 31.20945356519768], [121.46798431828029, 31.209447072995545], [121.46786322124048, 31.20973424953245], [121.46786913578205, 31.209808325597578], [121.4679509359613, 31.20987305111851], [121.46810863405165, 31.209917431989254], [121.46805975325788, 31.209878402071475], [121.46803284150043, 31.209834850408587], [121.46803191965328, 31.2097598830909], [121.46807790731282, 31.209698920785275], [121.46812885014833, 31.209674040052963], [121.46818576389852, 31.209668274661738], [121.46824066066428, 31.209682451271362], [121.46828755226831, 31.20971444203889], [121.46831446536294, 31.20975699356757], [121.46832436949614, 31.209835152634014], [121.46846852463295, 31.209458529849318], [121.46833677175448, 31.20942370978565]]]}}, {"type": "Feature", "properties": {"bid": 499, "stakeholder": "developer"}, "geometry": {"type": "Polygon", "coordinates": [[[121.46830350677443, 31.20973377314397], [121.46826560553177, 31.20969698011169], [121.46821371399642, 31.2096728756054], [121.46815680935151, 31.20966964770673], [121.46810188321696, 31.20968444953882], [121.46805792180339, 31.20971647612538], [121.46803191965328, 31.2097598830909], [121.46802587851607, 31.209809717394485], [121.46804280261951, 31.2098570503436], [121.46808070243854, 31.209894843704035], [121.4681325946658, 31.209917949792832], [121.46819049657893, 31.209922198702483], [121.46824442559023, 31.20990637542343], [121.46828938474097, 31.20987536864567], [121.46831538721062, 31.209831960846877], [121.46832043007043, 31.209782104779553], [121.46830350677443, 31.20973377314397]]]}}, {"type": "Feature", "properties": {"bid": 500, "stakeholder": "developer"}, "geometry": {"type": "Polygon", "coordinates": [[[121.46832436949614, 31.209835152634014], [121.46831538721062, 31.209831960846877], [121.46826939801258, 31.20989392378943], [121.46821845688157, 31.209916806863536], [121.46810863405165, 31.209917431989254], [121.4682693257763, 31.209964872473346], [121.46832436949614, 31.209835152634014]]]}}, {"type": "Feature", "properties": {"bid": 501, "stakeholder": "developer"}, "geometry": {"type": "Polygon", "coordinates": [[[121.46695742482201, 31.210030390703245], [121.46648135593955, 31.20990912624614], [121.46644131127493, 31.210020177483674], [121.46691738059077, 31.2101404435412], [121.46695742482201, 31.210030390703245]]]}}, {"type": "Feature", "properties": {"bid": 502, "stakeholder": "resident"}, "geometry": {"type": "Polygon", "coordinates": [[[121.46570451351238, 31.210086101589475], [121.46571452229968, 31.21006033738485], [121.46576142672427, 31.210074348093364], [121.46575041968242, 31.210100090591826], [121.4658542061834, 31.2101333254987], [121.46586821103425, 31.210104650279167], [121.46590812996565, 31.210116510536295], [121.46589912445255, 31.21013730004916], [121.4659500222001, 31.210151397619185], [121.46596803224669, 31.210110817870262], [121.46604587595505, 31.210132496398735], [121.4660328581698, 31.210172185402655], [121.46612967912517, 31.21018428347986], [121.46622148285132, 31.210222254200293], [121.46625446294503, 31.21018599702841], [121.46632130334399, 31.21023042000428], [121.46629632143733, 31.21025485948001], [121.46634819301961, 31.210293960523654], [121.46633120633271, 31.21030958010533], [121.4663601319354, 31.21033419211909], [121.46633414372752, 31.210366604176667], [121.46632017401988, 31.210360304692518], [121.46629419291526, 31.210385721768986], [121.46635705058657, 31.21042006513982], [121.46641295370478, 31.210421280270054], [121.46647992954045, 31.210331799455773], [121.46647104492125, 31.21023267548918], [121.46562274259928, 31.210000382548174], [121.4655576847655, 31.2101688492803], [121.4656075847313, 31.210181925728705], [121.46563764328006, 31.21007265612729], [121.46570451351238, 31.210086101589475]]]}}, {"type": "Feature", "properties": {"bid": 503, "stakeholder": "resident"}, "geometry": {"type": "Polygon", "coordinates": [[[121.46567850348981, 31.210140497631983], [121.4657593391762, 31.21016423977982], [121.46575033070121, 31.210188027143374], [121.46591798819884, 31.210239638925035], [121.46593400365772, 31.210197017184775], [121.46601284657596, 31.210217718161168], [121.46599583283559, 31.210260318206103], [121.46617048773022, 31.21030408758464], [121.46620346668169, 31.210268829699082], [121.4662633221951, 31.210310103013278], [121.46623134247137, 31.21034438336233], [121.46629419291526, 31.210385721768986], [121.46632017401988, 31.210360304692518], [121.46633414372752, 31.210366604176667], [121.4663601319354, 31.21033419211909], [121.46633120633271, 31.21030958010533], [121.46634819301961, 31.210293960523654], [121.46629632143733, 31.21025485948001], [121.46632130334399, 31.21023042000428], [121.46625446294503, 31.21018599702841], [121.46622148285132, 31.210222254200293], [121.46612967912517, 31.21018428347986], [121.4660328581698, 31.210172185402655], [121.46604587595505, 31.210132496398735], [121.46596803224669, 31.210110817870262], [121.4659500222001, 31.210151397619185], [121.46589912445255, 31.21013730004916], [121.46590812996565, 31.210116510536295], [121.46586821103425, 31.210104650279167], [121.4658542061834, 31.2101333254987], [121.46575041968242, 31.210100090591826], [121.46576142672427, 31.210074348093364], [121.46571452229968, 31.21006033738485], [121.46570451351238, 31.210086101589475], [121.46563764328006, 31.21007265612729], [121.4656075847313, 31.210181925728705], [121.46565548222827, 31.21020095448789], [121.46567850348981, 31.210140497631983]]]}}, {"type": "Feature", "properties": {"bid": 504, "stakeholder": "resident"}, "geometry": {"type": "Polygon", "coordinates": [[[121.46598682433694, 31.21028410557994], [121.46601284657596, 31.210217718161168], [121.46593400365772, 31.210197017184775], [121.46591798819884, 31.210239638925035], [121.46590997897532, 31.210262448719448], [121.46598682433694, 31.21028410557994]]]}}, {"type": "Feature", "properties": {"bid": 505, "stakeholder": "resident"}, "geometry": {"type": "Polygon", "coordinates": [[[121.46622034848178, 31.21035713528311], [121.4662633221951, 31.210310103013278], [121.46620346668169, 31.210268829699082], [121.46617048773022, 31.21030408758464], [121.46616049403066, 31.210314862634615], [121.46622034848178, 31.21035713528311]]]}}, {"type": "Feature", "properties": {"bid": 506, "stakeholder": "resident"}, "geometry": {"type": "Polygon", "coordinates": [[[121.46701504486236, 31.210309447351275], [121.46699200444277, 31.210387892005766], [121.46709081291296, 31.210413020857857], [121.46706977220492, 31.21048851116626], [121.46716059566609, 31.210512466969814], [121.467205676302, 31.210357553953035], [121.46701504486236, 31.210309447351275]]]}}, {"type": "Feature", "properties": {"bid": 507, "stakeholder": "resident"}, "geometry": {"type": "Polygon", "coordinates": [[[121.46690726023883, 31.210276128737977], [121.46681544980095, 31.21024215716841], [121.46655056796875, 31.21057116866273], [121.46672419169626, 31.21065188754324], [121.46690726023883, 31.210276128737977]]]}}, {"type": "Feature", "properties": {"bid": 508, "stakeholder": "resident"}, "geometry": {"type": "Polygon", "coordinates": [[[121.46720665782287, 31.21050333436294], [121.46723390387767, 31.21042153935273], [121.467212755587, 31.210416335439447], [121.46718550951236, 31.210498130448723], [121.46720665782287, 31.21050333436294]]]}}, {"type": "Feature", "properties": {"bid": 509, "stakeholder": "resident"}, "geometry": {"type": "Polygon", "coordinates": [[[121.46739428482499, 31.210433594626515], [121.46731843400619, 31.21041096439723], [121.46728938947604, 31.21050326957549], [121.46736424090453, 31.21052687761795], [121.46739428482499, 31.210433594626515]]]}}, {"type": "Feature", "properties": {"bid": 510, "stakeholder": "resident"}, "geometry": {"type": "Polygon", "coordinates": [[[121.46706580110175, 31.210466440307354], [121.4669510330707, 31.210427973842457], [121.46693301352467, 31.210477547710347], [121.46704678219383, 31.210516991917867], [121.46706580110175, 31.210466440307354]]]}}, {"type": "Feature", "properties": {"bid": 511, "stakeholder": "resident"}, "geometry": {"type": "Polygon", "coordinates": [[[121.46705975507246, 31.210522270034527], [121.46715057850533, 31.210546225900938], [121.46716059566609, 31.210512466969814], [121.46706977220492, 31.21048851116626], [121.46705975507246, 31.210522270034527]]]}}, {"type": "Feature", "properties": {"bid": 512, "stakeholder": "resident"}, "geometry": {"type": "Polygon", "coordinates": [[[121.4659896046437, 31.210485737410103], [121.46636414759435, 31.21064517189814], [121.46640320006767, 31.210577400479185], [121.46602865739236, 31.21041796606388], [121.4659896046437, 31.210485737410103]]]}}, {"type": "Feature", "properties": {"bid": 513, "stakeholder": "resident"}, "geometry": {"type": "Polygon", "coordinates": [[[121.46728934231248, 31.210550235797708], [121.46725839367684, 31.21055056376434], [121.46722536531446, 31.21063378873276], [121.46725231264942, 31.210641368468373], [121.46728934231248, 31.210550235797708]]]}}, {"type": "Feature", "properties": {"bid": 514, "stakeholder": "resident"}, "geometry": {"type": "Polygon", "coordinates": [[[121.46737212118582, 31.21063297466145], [121.4672832953146, 31.210607064926826], [121.46724825241051, 31.21070823375748], [121.46733707817646, 31.210734143739902], [121.46737212118582, 31.21063297466145]]]}}, {"type": "Feature", "properties": {"bid": 515, "stakeholder": "resident"}, "geometry": {"type": "Polygon", "coordinates": [[[121.46641359255216, 31.210780044193818], [121.46650640104474, 31.210813039767736], [121.4665404231904, 31.210732835454674], [121.46644961117046, 31.21069988338752], [121.46641359255216, 31.210780044193818]]]}}, {"type": "Feature", "properties": {"bid": 516, "stakeholder": "developer"}, "geometry": {"type": "Polygon", "coordinates": [[[121.46709599032602, 31.21072682095216], [121.46709170321591, 31.21080235888047], [121.46713564703866, 31.21080420121908], [121.46713993411218, 31.210728663297036], [121.46709599032602, 31.21072682095216]]]}}, {"type": "Feature", "properties": {"bid": 517, "stakeholder": "resident"}, "geometry": {"type": "Polygon", "coordinates": [[[121.46694647846391, 31.210989483978267], [121.46697043059999, 31.210996999182562], [121.4670905641417, 31.210660842651016], [121.46703068314731, 31.21064255468093], [121.46703769325778, 31.210620722173186], [121.46688000769906, 31.210572329769498], [121.46684196456148, 31.21067942836635], [121.46694675525214, 31.21071168313284], [121.46689469940213, 31.210855451956032], [121.4667749385444, 31.210818874480374], [121.46673189188743, 31.210938855335648], [121.46694147409403, 31.21100236629712], [121.46694647846391, 31.210989483978267]]]}}, {"type": "Feature", "properties": {"bid": 518, "stakeholder": "resident"}, "geometry": {"type": "Polygon", "coordinates": [[[121.4665404231904, 31.210732835454674], [121.46650640104474, 31.210813039767736], [121.466596215084, 31.210845969997877], [121.46663223485871, 31.210764809658773], [121.4665404231904, 31.210732835454674]]]}}, {"type": "Feature", "properties": {"bid": 519, "stakeholder": "resident"}, "geometry": {"type": "Polygon", "coordinates": [[[121.46731904067781, 31.21080170525914], [121.46721524233067, 31.210773471698424], [121.46717419917343, 31.210885502630497], [121.46727899468785, 31.210914757452887], [121.46731904067781, 31.21080170525914]]]}}, {"type": "Feature", "properties": {"bid": 520, "stakeholder": "resident"}, "geometry": {"type": "Polygon", "coordinates": [[[121.46646338172081, 31.210906039514665], [121.46659311386408, 31.210952828310436], [121.466633140476, 31.210857764704944], [121.466596215084, 31.210845969997877], [121.46650640104474, 31.210813039767736], [121.46646338172081, 31.210906039514665]]]}}, {"type": "Feature", "properties": {"bid": 521, "stakeholder": "resident"}, "geometry": {"type": "Polygon", "coordinates": [[[121.46033565804909, 31.20940229483233], [121.46036864972054, 31.209355018957016], [121.46031776109919, 31.209331969734748], [121.46028676791445, 31.209377289284646], [121.46033565804909, 31.20940229483233]]]}}, {"type": "Feature", "properties": {"bid": 522, "stakeholder": "resident"}, "geometry": {"type": "Polygon", "coordinates": [[[121.46115839763523, 31.20923872876671], [121.46051683493363, 31.208927427458775], [121.46039685256767, 31.209110781948983], [121.46103841769047, 31.20942306205632], [121.46115839763523, 31.20923872876671]]]}}, {"type": "Feature", "properties": {"bid": 523, "stakeholder": "resident"}, "geometry": {"type": "Polygon", "coordinates": [[[121.46174931055317, 31.20928724010087], [121.4613970260367, 31.209193816712908], [121.46135197634953, 31.209318773035882], [121.46170525860772, 31.209413213351354], [121.46174931055317, 31.20928724010087]]]}}, {"type": "Feature", "properties": {"bid": 524, "stakeholder": "resident"}, "geometry": {"type": "Polygon", "coordinates": [[[121.46017815434139, 31.209183155624025], [121.46014499512866, 31.209393315066215], [121.46040942578975, 31.20950476783327], [121.46065188564148, 31.209622774377184], [121.46071287664007, 31.209528123785276], [121.46036864972054, 31.209355018957016], [121.46033565804909, 31.20940229483233], [121.46028676791445, 31.209377289284646], [121.46031776109919, 31.209331969734748], [121.46033586422391, 31.209201440669855], [121.46017815434139, 31.209183155624025]]]}}, {"type": "Feature", "properties": {"bid": 525, "stakeholder": "resident"}, "geometry": {"type": "Polygon", "coordinates": [[[121.46147657955919, 31.209492295243695], [121.46113435276902, 31.20932316057423], [121.46102437690719, 31.20948672062451], [121.46136660415937, 31.209656845483103], [121.46147657955919, 31.209492295243695]]]}}, {"type": "Feature", "properties": {"bid": 526, "stakeholder": "resident"}, "geometry": {"type": "Polygon", "coordinates": [[[121.46105308302914, 31.209725159596022], [121.46085552242268, 31.20963205508173], [121.46084652296315, 31.20964685497797], [121.4607367702281, 31.209591582022874], [121.46070177862295, 31.209642809662395], [121.46101608423622, 31.209787334250446], [121.46105308302914, 31.209725159596022]]]}}, {"type": "Feature", "properties": {"bid": 527, "stakeholder": "resident"}, "geometry": {"type": "Polygon", "coordinates": [[[121.46171889173115, 31.209748268133517], [121.46152430962307, 31.20967418131665], [121.46148130147435, 31.209756210105063], [121.46167788437948, 31.209826340404682], [121.46171889173115, 31.209748268133517]]]}}, {"type": "Feature", "properties": {"bid": 528, "stakeholder": "resident"}, "geometry": {"type": "Polygon", "coordinates": [[[121.46154212001282, 31.20982945081863], [121.46158203474216, 31.209844288872606], [121.46157303043515, 31.209864083557427], [121.4616508674477, 31.209889721040156], [121.46167788133289, 31.209829338237224], [121.46150025249948, 31.20977160182814], [121.46148724305296, 31.209803303253288], [121.46146429199644, 31.209794821798074], [121.46145028331534, 31.20982750143662], [121.46153111416947, 31.209854199578267], [121.46154212001282, 31.20982945081863]]]}}, {"type": "Feature", "properties": {"bid": 529, "stakeholder": "resident"}, "geometry": {"type": "Polygon", "coordinates": [[[121.46162784955696, 31.20994719107052], [121.46140631669472, 31.20987053804328], [121.46141533422451, 31.20983775239745], [121.46143230103087, 31.209841110153658], [121.46144037625244, 31.209753343143635], [121.46107009170841, 31.209687545483124], [121.46104798311626, 31.209831976868948], [121.46128645327349, 31.20994294548507], [121.46130545813595, 31.209905374597376], [121.4615718954293, 31.20999896491116], [121.46160183099265, 31.210010593273637], [121.46162784955696, 31.20994719107052]]]}}, {"type": "Feature", "properties": {"bid": 530, "stakeholder": "resident"}, "geometry": {"type": "Polygon", "coordinates": [[[121.46158282330474, 31.21005116069557], [121.46160183099265, 31.210010593273637], [121.4615718954293, 31.20999896491116], [121.46155288670934, 31.21004053173919], [121.46158282330474, 31.21005116069557]]]}}, {"type": "Feature", "properties": {"bid": 531, "stakeholder": "resident"}, "geometry": {"type": "Polygon", "coordinates": [[[121.46496695364318, 31.20993616581939], [121.464913062685, 31.20992200449837], [121.46489402944712, 31.209987544958388], [121.46499981598343, 31.210014825010703], [121.46504488440519, 31.2098699062285], [121.46493909783952, 31.20984262596192], [121.46493108356549, 31.209870432288195], [121.46498397630491, 31.20988457197234], [121.46496695364318, 31.20993616581939]]]}}, {"type": "Feature", "properties": {"bid": 532, "stakeholder": "resident"}, "geometry": {"type": "Polygon", "coordinates": [[[121.46479619344132, 31.209995413620003], [121.46488301654415, 31.210019283412514], [121.46493108356549, 31.209870432288195], [121.46484226298206, 31.209847518213337], [121.46479619344132, 31.209995413620003]]]}}, {"type": "Feature", "properties": {"bid": 533, "stakeholder": "resident"}, "geometry": {"type": "Polygon", "coordinates": [[[121.46467647591578, 31.20992486253379], [121.4645896603115, 31.2098939989309], [121.46456864493437, 31.20994550655803], [121.46460257319166, 31.209957234995436], [121.46457755588939, 31.210017649498187], [121.46453265230843, 31.210000686521767], [121.4645186458589, 31.210031360995], [121.46462042864857, 31.2100685447686], [121.46467647591578, 31.20992486253379]]]}}, {"type": "Feature", "properties": {"bid": 534, "stakeholder": "resident"}, "geometry": {"type": "Polygon", "coordinates": [[[121.46538819993168, 31.209952314017876], [121.4651776285448, 31.2098927762579], [121.46513856157857, 31.210025833591597], [121.46535013215636, 31.210084393535166], [121.46538819993168, 31.209952314017876]]]}}, {"type": "Feature", "properties": {"bid": 535, "stakeholder": "resident"}, "geometry": {"type": "Polygon", "coordinates": [[[121.46461144468016, 31.21006834982535], [121.46451065911026, 31.210032187048398], [121.46455969751958, 31.209909337648075], [121.46450880265571, 31.209894243378933], [121.46447768556153, 31.210063449458808], [121.46459443146603, 31.21011095060298], [121.46461144468016, 31.21006834982535]]]}}, {"type": "Feature", "properties": {"bid": 536, "stakeholder": "resident"}, "geometry": {"type": "Polygon", "coordinates": [[[121.4657593391762, 31.21016423977982], [121.46567850348981, 31.210140497631983], [121.46565548222827, 31.21020095448789], [121.46573731613171, 31.210224718328732], [121.4657593391762, 31.21016423977982]]]}}, {"type": "Feature", "properties": {"bid": 537, "stakeholder": "resident"}, "geometry": {"type": "Polygon", "coordinates": [[[121.4649308543643, 31.210096269131835], [121.46476320348403, 31.21004266383972], [121.46469010202907, 31.210269917045313], [121.46485775190523, 31.21032452097876], [121.4649308543643, 31.210096269131835]]]}}, {"type": "Feature", "properties": {"bid": 538, "stakeholder": "resident"}, "geometry": {"type": "Polygon", "coordinates": [[[121.46530308978936, 31.21020728443847], [121.46507754311165, 31.210149420479688], [121.46503448712214, 31.210279393627847], [121.46526103194378, 31.210337278944852], [121.46530308978936, 31.21020728443847]]]}}, {"type": "Feature", "properties": {"bid": 539, "stakeholder": "resident"}, "geometry": {"type": "Polygon", "coordinates": [[[121.4646700762072, 31.210330439843283], [121.46483872430976, 31.210385065267978], [121.46485775190523, 31.21032452097876], [121.46469010202907, 31.210269917045313], [121.4646700762072, 31.210330439843283]]]}}, {"type": "Feature", "properties": {"bid": 540, "stakeholder": "resident"}, "geometry": {"type": "Polygon", "coordinates": [[[121.46497144996762, 31.210425921113305], [121.46490458395658, 31.210409479356187], [121.46487854782994, 31.21049085680232], [121.464945414833, 31.21050629919505], [121.46497144996762, 31.210425921113305]]]}}, {"type": "Feature", "properties": {"bid": 541, "stakeholder": "resident"}, "geometry": {"type": "Polygon", "coordinates": [[[121.46366906362586, 31.21011589176196], [121.46358024035237, 31.21009698462478], [121.46355719776851, 31.21017942893963], [121.46364502184609, 31.21019931354806], [121.46366906362586, 31.21011589176196]]]}}, {"type": "Feature", "properties": {"bid": 542, "stakeholder": "resident"}, "geometry": {"type": "Polygon", "coordinates": [[[121.46348529459887, 31.210209854043114], [121.46351323733144, 31.210217452419272], [121.46350122861736, 31.21024717219683], [121.46355112989555, 31.210257243419793], [121.46358316326189, 31.210167998133958], [121.46346540614537, 31.21013447712806], [121.46343037307304, 31.210228654649306], [121.46347428308036, 31.210240594689758], [121.46348529459887, 31.210209854043114]]]}}, {"type": "Feature", "properties": {"bid": 543, "stakeholder": "resident"}, "geometry": {"type": "Polygon", "coordinates": [[[121.46384569193663, 31.210173672820645], [121.46371895481785, 31.21013595679176], [121.4636879074692, 31.210237214464765], [121.46381364643015, 31.210274908482113], [121.46384569193663, 31.210173672820645]]]}}, {"type": "Feature", "properties": {"bid": 544, "stakeholder": "resident"}, "geometry": {"type": "Polygon", "coordinates": [[[121.46429679961761, 31.210266382861168], [121.46451535338043, 31.21032608346081], [121.4645443943524, 31.21023477766733], [121.46421011150665, 31.210109612555122], [121.46418107346325, 31.21019792123439], [121.46430680291712, 31.210245614343933], [121.46429679961761, 31.210266382861168]]]}}, {"type": "Feature", "properties": {"bid": 545, "stakeholder": "resident"}, "geometry": {"type": "Polygon", "coordinates": [[[121.46354410922119, 31.210290068768636], [121.46339740505609, 31.210254924404758], [121.46339040049223, 31.2102717614091], [121.46329758341064, 31.210253770624604], [121.46327353892546, 31.210340191487038], [121.46351206406051, 31.210391305655943], [121.46354410922119, 31.210290068768636]]]}}, {"type": "Feature", "properties": {"bid": 546, "stakeholder": "resident"}, "geometry": {"type": "Polygon", "coordinates": [[[121.46396939526493, 31.210250297719256], [121.46388856347755, 31.210225564627585], [121.46382748461065, 31.21041111289071], [121.4639083164509, 31.21043584548483], [121.46396939526493, 31.210250297719256]]]}}, {"type": "Feature", "properties": {"bid": 547, "stakeholder": "resident"}, "geometry": {"type": "Polygon", "coordinates": [[[121.46372065324785, 31.210431786894727], [121.46370268952103, 31.21042740139087], [121.46374071986645, 31.210330291821425], [121.46369381415549, 31.210319284885596], [121.46368279767375, 31.210355021674275], [121.4636418802121, 31.210345143745947], [121.46365489411959, 31.210308450765012], [121.46360998485079, 31.210297487437845], [121.46357092715131, 31.210423555173286], [121.4637096418694, 31.210462527268756], [121.46372065324785, 31.210431786894727]]]}}, {"type": "Feature", "properties": {"bid": 548, "stakeholder": "resident"}, "geometry": {"type": "Polygon", "coordinates": [[[121.46413804856229, 31.210297918695577], [121.46408416226664, 31.210279763509227], [121.46402107003121, 31.21048225516198], [121.4640689721125, 31.210495283942745], [121.46413804856229, 31.210297918695577]]]}}, {"type": "Feature", "properties": {"bid": 549, "stakeholder": "resident"}, "geometry": {"type": "Polygon", "coordinates": [[[121.46450299510738, 31.210405968112486], [121.46444079614712, 31.210365836159834], [121.46439410317737, 31.210419295326584], [121.46445630216694, 31.210459427299213], [121.46450299510738, 31.210405968112486]]]}}, {"type": "Feature", "properties": {"bid": 550, "stakeholder": "resident"}, "geometry": {"type": "Polygon", "coordinates": [[[121.46313865361276, 31.210464196219952], [121.46308776714523, 31.21044111566186], [121.46312975803995, 31.210376065966948], [121.46318064447225, 31.21039914682972], [121.46321263929804, 31.210347872527734], [121.46312583456154, 31.2103070296003], [121.46300685731127, 31.210494335662197], [121.46309465943625, 31.21053619788291], [121.46313865361276, 31.210464196219952]]]}}, {"type": "Feature", "properties": {"bid": 551, "stakeholder": "resident"}, "geometry": {"type": "Polygon", "coordinates": [[[121.46275860018524, 31.210194203882455], [121.46271070133785, 31.210178185688967], [121.46263566059929, 31.210350453426773], [121.46268555494021, 31.210367513165302], [121.46275860018524, 31.210194203882455]]]}}, {"type": "Feature", "properties": {"bid": 552, "stakeholder": "state"}, "geometry": {"type": "Polygon", "coordinates": [[[121.46223933501905, 31.21037793775269], [121.4622844406198, 31.210194031711914], [121.46222954802636, 31.210183863880722], [121.46218244593275, 31.210367727717088], [121.46223933501905, 31.21037793775269]]]}}, {"type": "Feature", "properties": {"bid": 553, "stakeholder": "resident"}, "geometry": {"type": "Polygon", "coordinates": [[[121.46309493947695, 31.21025739846037], [121.46305103249415, 31.210242462920124], [121.46301601878407, 31.21031765623536], [121.463058927587, 31.2103325700607], [121.46309493947695, 31.21025739846037]]]}}, {"type": "Feature", "properties": {"bid": 554, "stakeholder": "resident"}, "geometry": {"type": "Polygon", "coordinates": [[[121.46246007132743, 31.210251754482663], [121.46228541263542, 31.21022003434643], [121.46225533753717, 31.21034730163114], [121.46242899815367, 31.210378999422737], [121.46246007132743, 31.210251754482663]]]}}, {"type": "Feature", "properties": {"bid": 555, "stakeholder": "resident"}, "geometry": {"type": "Polygon", "coordinates": [[[121.46260974938798, 31.210307926761065], [121.46247502032168, 31.21027605806973], [121.46245699523446, 31.210332632034056], [121.46259172335408, 31.21036549958382], [121.46260974938798, 31.210307926761065]]]}}, {"type": "Feature", "properties": {"bid": 556, "stakeholder": "resident"}, "geometry": {"type": "Polygon", "coordinates": [[[121.46303793912477, 31.210358100119493], [121.46291421779485, 31.21029947731688], [121.46288122268483, 31.210352730152806], [121.46300594230286, 31.210411373818374], [121.46303793912477, 31.210358100119493]]]}}, {"type": "Feature", "properties": {"bid": 557, "stakeholder": "resident"}, "geometry": {"type": "Polygon", "coordinates": [[[121.46263861104842, 31.210394486052678], [121.46245996977281, 31.21035268181742], [121.46244995855763, 31.210381447081723], [121.46262859786714, 31.21042524956885], [121.46263861104842, 31.210394486052678]]]}}, {"type": "Feature", "properties": {"bid": 558, "stakeholder": "resident"}, "geometry": {"type": "Polygon", "coordinates": [[[121.46271240324906, 31.210471017788116], [121.46283612891409, 31.210525639510365], [121.4628211297993, 31.210551299048518], [121.46287201736597, 31.210573378231796], [121.46296200917482, 31.21042242017119], [121.46289016838851, 31.210390895989182], [121.46285617317778, 31.210446126090737], [121.46277734890111, 31.210410455887374], [121.46280934875801, 31.210354183181252], [121.46273750796433, 31.210322660794755], [121.46264551729895, 31.210475577799002], [121.46269540667562, 31.210497634045964], [121.46271240324906, 31.210471017788116]]]}}, {"type": "Feature", "properties": {"bid": 559, "stakeholder": "resident"}, "geometry": {"type": "Polygon", "coordinates": [[[121.46263057423289, 31.210445278036275], [121.46246791228589, 31.21039582202189], [121.46242689546877, 31.210484880486653], [121.4625885583588, 31.21053531320513], [121.46263057423289, 31.210445278036275]]]}}, {"type": "Feature", "properties": {"bid": 560, "stakeholder": "resident"}, "geometry": {"type": "Polygon", "coordinates": [[[121.46350700179086, 31.210462146862824], [121.46322062092851, 31.21035204175007], [121.46316761262018, 31.210453827717615], [121.46345499290976, 31.210562953095117], [121.46350700179086, 31.210462146862824]]]}}, {"type": "Feature", "properties": {"bid": 561, "stakeholder": "resident"}, "geometry": {"type": "Polygon", "coordinates": [[[121.46445531973906, 31.210464683723842], [121.46424177413839, 31.210388104518472], [121.46421673450756, 31.210471503386877], [121.46443627847418, 31.210539218532006], [121.46445531973906, 31.210464683723842]]]}}, {"type": "Feature", "properties": {"bid": 562, "stakeholder": "resident"}, "geometry": {"type": "Polygon", "coordinates": [[[121.46371459682882, 31.21049860928803], [121.46367567674815, 31.210487775059107], [121.46366766804749, 31.210510585962645], [121.46359381973798, 31.210490003652012], [121.46360282765488, 31.21046621496225], [121.46356390860683, 31.210454381978753], [121.46355189103473, 31.210493095261814], [121.46356785833937, 31.210497437321514], [121.46356185006893, 31.210516294321398], [121.46354488455597, 31.210511930716624], [121.46353487245644, 31.21054169361548], [121.46368057069957, 31.210584813271055], [121.46371459682882, 31.21049860928803]]]}}, {"type": "Feature", "properties": {"bid": 563, "stakeholder": "resident"}, "geometry": {"type": "Polygon", "coordinates": [[[121.46368465660863, 31.210491966341817], [121.46360581024862, 31.210478271031832], [121.4635887646275, 31.210553849880046], [121.46366861020853, 31.210566567323895], [121.46368465660863, 31.210491966341817]]]}}, {"type": "Feature", "properties": {"bid": 564, "stakeholder": "resident"}, "geometry": {"type": "Polygon", "coordinates": [[[121.463918217347, 31.21051700327678], [121.46373656842333, 31.2104880919112], [121.46372152221717, 31.210560715807105], [121.46390317315992, 31.21058762831825], [121.463918217347, 31.21051700327678]]]}}, {"type": "Feature", "properties": {"bid": 565, "stakeholder": "resident"}, "geometry": {"type": "Polygon", "coordinates": [[[121.46386123538491, 31.210599711967006], [121.46384526804263, 31.210595369355925], [121.46385327270958, 31.21057655573042], [121.4638682418424, 31.210580876760734], [121.4638842532039, 31.210541250998862], [121.46384433485865, 31.210530394427742], [121.4638353279604, 31.210553183592587], [121.4637644751815, 31.210531665297708], [121.46377348208556, 31.21050887606481], [121.46373356378024, 31.210498019989707], [121.4637195508176, 31.210535690601212], [121.46373352172431, 31.210539989825975], [121.46372651525724, 31.21055882513315], [121.46371154614157, 31.210554504342497], [121.463700536852, 31.21058324618963], [121.46385022711024, 31.210627454354025], [121.46386123538491, 31.210599711967006]]]}}, {"type": "Feature", "properties": {"bid": 566, "stakeholder": "resident"}, "geometry": {"type": "Polygon", "coordinates": [[[121.46444224374329, 31.2105633311831], [121.46416082760403, 31.210477287288768], [121.46411380851634, 31.210579197107844], [121.46439422545268, 31.210666217551708], [121.46444224374329, 31.2105633311831]]]}}, {"type": "Feature", "properties": {"bid": 567, "stakeholder": "resident"}, "geometry": {"type": "Polygon", "coordinates": [[[121.46393009083056, 31.210622187103404], [121.46391611889658, 31.210618886854437], [121.46392412755733, 31.210596076157678], [121.46393809749169, 31.210601374982495], [121.46395610226377, 31.21056479038724], [121.46388924024575, 31.210545356107787], [121.4638582087854, 31.210631624225975], [121.46391708414775, 31.210651884779388], [121.46393009083056, 31.210622187103404]]]}}, {"type": "Feature", "properties": {"bid": 568, "stakeholder": "resident"}, "geometry": {"type": "Polygon", "coordinates": [[[121.46341701907727, 31.210604104337914], [121.46314161517104, 31.210497237018274], [121.46308960741682, 31.210597046628497], [121.46336501055532, 31.210704911284147], [121.46341701907727, 31.210604104337914]]]}}, {"type": "Feature", "properties": {"bid": 569, "stakeholder": "resident"}, "geometry": {"type": "Polygon", "coordinates": [[[121.46428939299564, 31.210683931052927], [121.46436623751926, 31.210703584303356], [121.46440729419395, 31.21057456494708], [121.46410989576009, 31.210499168079995], [121.46407087643911, 31.21058726110925], [121.46429839987422, 31.21066114226874], [121.46428939299564, 31.210683931052927]]]}}, {"type": "Feature", "properties": {"bid": 570, "stakeholder": "resident"}, "geometry": {"type": "Polygon", "coordinates": [[[121.46286502292128, 31.210580222991197], [121.46269240204141, 31.210507562572733], [121.4626714056551, 31.210541088161445], [121.46284702023252, 31.210614811642813], [121.46286502292128, 31.210580222991197]]]}}, {"type": "Feature", "properties": {"bid": 571, "stakeholder": "resident"}, "geometry": {"type": "Polygon", "coordinates": [[[121.46259751424031, 31.210563485825446], [121.4628210229356, 31.210658222281275], [121.46284702023252, 31.210614811642813], [121.4626714056551, 31.210541088161445], [121.46262151524822, 31.21052003139642], [121.46259751424031, 31.210563485825446]]]}}, {"type": "Feature", "properties": {"bid": 572, "stakeholder": "resident"}, "geometry": {"type": "Polygon", "coordinates": [[[121.4630496462057, 31.21062916331773], [121.46297082085016, 31.2105944899273], [121.46298581693361, 31.210571828586577], [121.46304668154632, 31.210599120377477], [121.46307368209796, 31.210550735759906], [121.46297789330153, 31.210509701277775], [121.462876902586, 31.210679409499498], [121.46299065032167, 31.21072982266805], [121.4630496462057, 31.21062916331773]]]}}, {"type": "Feature", "properties": {"bid": 573, "stakeholder": "resident"}, "geometry": {"type": "Polygon", "coordinates": [[[121.46522694032377, 31.210487432791183], [121.4650463079264, 31.21043654088715], [121.46501325211568, 31.210549743390683], [121.46519288525872, 31.21060161267218], [121.46522694032377, 31.210487432791183]]]}}, {"type": "Feature", "properties": {"bid": 574, "stakeholder": "resident"}, "geometry": {"type": "Polygon", "coordinates": [[[121.46488744669568, 31.2105759908415], [121.46460405710855, 31.21046491235928], [121.46455500821186, 31.21059975344616], [121.46483640041879, 31.210711787084392], [121.46488744669568, 31.2105759908415]]]}}, {"type": "Feature", "properties": {"bid": 575, "stakeholder": "resident"}, "geometry": {"type": "Polygon", "coordinates": [[[121.46559806333573, 31.21071634577572], [121.4656340779858, 31.210639183021897], [121.46559815524586, 31.210624411779346], [121.46557715617757, 31.210659930201864], [121.46551728572537, 31.21063464534535], [121.46552328716417, 31.210622784162528], [121.46548836278612, 31.2106080346951], [121.46542738930634, 31.210687652910053], [121.46549922154054, 31.210730185871913], [121.46552322320622, 31.210686738240838], [121.46559806333573, 31.21071634577572]]]}}, {"type": "Feature", "properties": {"bid": 576, "stakeholder": "resident"}, "geometry": {"type": "Polygon", "coordinates": [[[121.46485732122721, 31.210754212147314], [121.46446715013214, 31.210612837225767], [121.46442316870277, 31.210671841671513], [121.46485225643187, 31.21082805075184], [121.46485732122721, 31.210754212147314]]]}}, {"type": "Feature", "properties": {"bid": 577, "stakeholder": "resident"}, "geometry": {"type": "Polygon", "coordinates": [[[121.46501902172189, 31.210769715661844], [121.46510983456164, 31.210797670443302], [121.46509383602711, 31.21082430410104], [121.46522457334036, 31.210858123268626], [121.46525658742702, 31.210787868300716], [121.46497717100385, 31.210693858753935], [121.46492916944703, 31.210779755720417], [121.4650050176666, 31.210798391313745], [121.46501902172189, 31.210769715661844]]]}}, {"type": "Feature", "properties": {"bid": 578, "stakeholder": "resident"}, "geometry": {"type": "Polygon", "coordinates": [[[121.46568682525968, 31.210800218552713], [121.46569582440804, 31.2107854246334], [121.46586047257905, 31.210851960703568], [121.46584447869283, 31.210873597673466], [121.46592131223646, 31.210907246029414], [121.46592434377396, 31.210870337634095], [121.46599421956067, 31.210873855531013], [121.46599018876852, 31.210911741507008], [121.4660131526174, 31.210908243574927], [121.46601114021064, 31.21092418871348], [121.46606005279898, 31.210927250794892], [121.46606307141555, 31.210903333086375], [121.46607804528378, 31.210903658647617], [121.46608309425552, 31.210845808700014], [121.46600324465125, 31.210833080236977], [121.46600625236056, 31.2108201546638], [121.46593536833689, 31.210826607901026], [121.46585854079616, 31.210786963862226], [121.46581461880294, 31.210785009574632], [121.46579865579155, 31.210775668752827], [121.46581964693361, 31.210748144618943], [121.46576975945493, 31.210722077322544], [121.46576076624787, 31.210730875530775], [121.46574280378844, 31.210724489158792], [121.46574980349214, 31.210712649692823], [121.46572385906495, 31.210702092560776], [121.46570686892336, 31.210721709253225], [121.46566096962317, 31.21070072523815], [121.46564197305055, 31.21073029136693], [121.46561303198267, 31.21072166772541], [121.46558803403833, 31.210763095057697], [121.46568682525968, 31.210800218552713]]]}}, {"type": "Feature", "properties": {"bid": 579, "stakeholder": "resident"}, "geometry": {"type": "Polygon", "coordinates": [[[121.46567482839885, 31.21081794521536], [121.46574468071175, 31.210844446567762], [121.46576567774412, 31.210810926711368], [121.46569582440804, 31.2107854246334], [121.46567482839885, 31.21081794521536]]]}}, {"type": "Feature", "properties": {"bid": 580, "stakeholder": "resident"}, "geometry": {"type": "Polygon", "coordinates": [[[121.46477037038098, 31.210858250666945], [121.46447898900989, 31.210752996623057], [121.46441597507487, 31.210878541831622], [121.4647083536522, 31.210984815632564], [121.46477037038098, 31.210858250666945]]]}}, {"type": "Feature", "properties": {"bid": 581, "stakeholder": "resident"}, "geometry": {"type": "Polygon", "coordinates": [[[121.46561303198267, 31.21072166772541], [121.46557410852552, 31.21071282707856], [121.46554101813446, 31.210861004153454], [121.46557988792507, 31.21092380613044], [121.46568662852042, 31.210998076815823], [121.46580437804732, 31.211044606434026], [121.46584336525937, 31.21098949295458], [121.46568869147804, 31.210931168153245], [121.46574468071175, 31.210844446567762], [121.46567482839885, 31.21081794521536], [121.46568682525968, 31.210800218552713], [121.46558803403833, 31.210763095057697], [121.46561303198267, 31.21072166772541]]]}}, {"type": "Feature", "properties": {"bid": 582, "stakeholder": "resident"}, "geometry": {"type": "Polygon", "coordinates": [[[121.46599421956067, 31.210873855531013], [121.46592434377396, 31.210870337634095], [121.46592131223646, 31.210907246029414], [121.46599018876852, 31.210911741507008], [121.46599421956067, 31.210873855531013]]]}}, {"type": "Feature", "properties": {"bid": 583, "stakeholder": "resident"}, "geometry": {"type": "Polygon", "coordinates": [[[121.46401089290885, 31.210676899092505], [121.46359873369522, 31.210567056172692], [121.46355068894356, 31.21069692730781], [121.46396185110599, 31.210805747196613], [121.46401089290885, 31.210676899092505]]]}}, {"type": "Feature", "properties": {"bid": 584, "stakeholder": "resident"}, "geometry": {"type": "Polygon", "coordinates": [[[121.4643462622605, 31.210714143600967], [121.46430534745367, 31.210701265036224], [121.46429534138566, 31.21072503146899], [121.46412170528424, 31.210668306205378], [121.46413171036124, 31.210645538907833], [121.46409179389468, 31.21063268275503], [121.4640357534812, 31.210772371255988], [121.46428724119562, 31.210839775995055], [121.4643462622605, 31.210714143600967]]]}}, {"type": "Feature", "properties": {"bid": 585, "stakeholder": "resident"}, "geometry": {"type": "Polygon", "coordinates": [[[121.46333203288464, 31.21074117424872], [121.46305363204374, 31.210636244249432], [121.46300162262708, 31.21073805321213], [121.46327902550979, 31.210842959656013], [121.46333203288464, 31.21074117424872]]]}}, {"type": "Feature", "properties": {"bid": 586, "stakeholder": "resident"}, "geometry": {"type": "Polygon", "coordinates": [[[121.46432129195284, 31.210728591874613], [121.46408876032194, 31.210671589928552], [121.46405071369885, 31.21078568612842], [121.46428324535964, 31.21084268730783], [121.46432129195284, 31.210728591874613]]]}}, {"type": "Feature", "properties": {"bid": 587, "stakeholder": "resident"}, "geometry": {"type": "Polygon", "coordinates": [[[121.46401569579723, 31.210865871725222], [121.46369835288829, 31.21077106822702], [121.46367033345906, 31.210840414037534], [121.46398667724112, 31.210936194282617], [121.46401569579723, 31.210865871725222]]]}}, {"type": "Feature", "properties": {"bid": 588, "stakeholder": "resident"}, "geometry": {"type": "Polygon", "coordinates": [[[121.46393868689574, 31.211012102220305], [121.4636143881644, 31.210885173278655], [121.46362939006758, 31.21085651752429], [121.46345676489068, 31.210787834846936], [121.46339476581488, 31.210897419831955], [121.46389168900022, 31.211094027752665], [121.46393868689574, 31.211012102220305]]]}}, {"type": "Feature", "properties": {"bid": 589, "stakeholder": "resident"}, "geometry": {"type": "Polygon", "coordinates": [[[121.46425820165439, 31.210931082771033], [121.46410851846885, 31.210878873976583], [121.46408048027297, 31.210967205016512], [121.46422916628877, 31.211018392539522], [121.46425820165439, 31.210931082771033]]]}}, {"type": "Feature", "properties": {"bid": 590, "stakeholder": "resident"}, "geometry": {"type": "Polygon", "coordinates": [[[121.46421816022519, 31.2110441360345], [121.46407146963008, 31.2109939911706], [121.46405444858874, 31.211045586560765], [121.4642011411894, 31.21109373263585], [121.46421816022519, 31.2110441360345]]]}}, {"type": "Feature", "properties": {"bid": 591, "stakeholder": "resident"}, "geometry": {"type": "Polygon", "coordinates": [[[121.46398560077147, 31.211015116188783], [121.46394656089139, 31.211125194315677], [121.46398846892521, 31.211143089580332], [121.46403250576327, 31.211027123949798], [121.46398560077147, 31.211015116188783]]]}}, {"type": "Feature", "properties": {"bid": 592, "stakeholder": "resident"}, "geometry": {"type": "Polygon", "coordinates": [[[121.46586047257905, 31.210851960703568], [121.46576567774412, 31.210810926711368], [121.46568869147804, 31.210931168153245], [121.46599803793173, 31.21104981643038], [121.46612101516372, 31.21085962413275], [121.46608309425552, 31.210845808700014], [121.46607804528378, 31.210903658647617], [121.46606307141555, 31.210903333086375], [121.46606005279898, 31.210927250794892], [121.46601114021064, 31.21092418871348], [121.4660131526174, 31.210908243574927], [121.46592131223646, 31.210907246029414], [121.46584447869283, 31.210873597673466], [121.46586047257905, 31.210851960703568]]]}}, {"type": "Feature", "properties": {"bid": 593, "stakeholder": "resident"}, "geometry": {"type": "Polygon", "coordinates": [[[121.46517357912423, 31.210941956166725], [121.46493608934895, 31.210847858766666], [121.46487707694884, 31.210964495308474], [121.46511456566397, 31.211059591410837], [121.46517357912423, 31.210941956166725]]]}}, {"type": "Feature", "properties": {"bid": 594, "stakeholder": "resident"}, "geometry": {"type": "Polygon", "coordinates": [[[121.46485491234823, 31.211076727699115], [121.46488325470044, 31.211005130069825], [121.46482077721444, 31.210986860275703], [121.46479243481123, 31.211058457900034], [121.46485491234823, 31.211076727699115]]]}}, {"type": "Feature", "properties": {"bid": 595, "stakeholder": "resident"}, "geometry": {"type": "Polygon", "coordinates": [[[121.46525333853731, 31.211043620012273], [121.46518049833038, 31.211011058651028], [121.46514249432596, 31.211082182972905], [121.46521633373686, 31.21111376665203], [121.46525333853731, 31.211043620012273]]]}}, {"type": "Feature", "properties": {"bid": 596, "stakeholder": "resident"}, "geometry": {"type": "Polygon", "coordinates": [[[121.46511249803666, 31.21113149660147], [121.46488699281008, 31.211031664170594], [121.46482298989247, 31.21114819265739], [121.4650484960564, 31.211247025160954], [121.46511249803666, 31.21113149660147]]]}}, {"type": "Feature", "properties": {"bid": 597, "stakeholder": "resident"}, "geometry": {"type": "Polygon", "coordinates": [[[121.4647914539454, 31.211227831838883], [121.46479632262029, 31.2111807498305], [121.4647524988749, 31.211177402201134], [121.4647476301769, 31.211224484212604], [121.4647914539454, 31.211227831838883]]]}}, {"type": "Feature", "properties": {"bid": 598, "stakeholder": "resident"}, "geometry": {"type": "Polygon", "coordinates": [[[121.46576336283827, 31.21113165367796], [121.4657203632155, 31.211206666145987], [121.46589997608635, 31.211283520871064], [121.46594497332262, 31.211207552517173], [121.46576336283827, 31.21113165367796]]]}}, {"type": "Feature", "properties": {"bid": 599, "stakeholder": "resident"}, "geometry": {"type": "Polygon", "coordinates": [[[121.46524819917657, 31.211193404414583], [121.46512148407326, 31.211129693223207], [121.46505947852893, 31.21124526512711], [121.46519219578352, 31.211296115468997], [121.46524819917657, 31.211193404414583]]]}}, {"type": "Feature", "properties": {"bid": 600, "stakeholder": "resident"}, "geometry": {"type": "Polygon", "coordinates": [[[121.46443355939857, 31.21126665427818], [121.46446149763585, 31.21127925187045], [121.46444049382183, 31.211320767318057], [121.46458018820965, 31.21138075811279], [121.46465120029428, 31.211241396493335], [121.46435086034025, 31.21110996844976], [121.46427984815851, 31.211249331574894], [121.46441355477909, 31.21130719212625], [121.46443355939857, 31.21126665427818]]]}}, {"type": "Feature", "properties": {"bid": 601, "stakeholder": "resident"}, "geometry": {"type": "Polygon", "coordinates": [[[121.4654888499548, 31.211121688346456], [121.46542184962118, 31.211240148836737], [121.46582697211693, 31.211415840935334], [121.46589997608635, 31.211283520871064], [121.4654888499548, 31.211121688346456]]]}}, {"type": "Feature", "properties": {"bid": 602, "stakeholder": "resident"}, "geometry": {"type": "Polygon", "coordinates": [[[121.47002416675342, 31.205138898327746], [121.47008576068447, 31.20513135743248], [121.470081374065, 31.205104886368723], [121.47001978014994, 31.20511242725806], [121.47002416675342, 31.205138898327746]]]}}, {"type": "Feature", "properties": {"bid": 603, "stakeholder": "resident"}, "geometry": {"type": "Polygon", "coordinates": [[[121.46999056887616, 31.20515034284507], [121.4699751475011, 31.205205492659527], [121.47008208491627, 31.205227584615006], [121.47009750622365, 31.20517243480033], [121.46999056887616, 31.20515034284507]]]}}, {"type": "Feature", "properties": {"bid": 604, "stakeholder": "resident"}, "geometry": {"type": "Polygon", "coordinates": [[[121.47118688673606, 31.205308480390045], [121.471065067096, 31.205296926408774], [121.47105298482676, 31.20538760651521], [121.47117380354335, 31.205401138431277], [121.47118688673606, 31.205308480390045]]]}}, {"type": "Feature", "properties": {"bid": 605, "stakeholder": "resident"}, "geometry": {"type": "Polygon", "coordinates": [[[121.47090200010906, 31.20556629559297], [121.47092596279799, 31.205569798460132], [121.47090787206777, 31.205676340022197], [121.47100771975796, 31.205688436009556], [121.471022805095, 31.20559082421977], [121.4709309448408, 31.205579896226876], [121.4709420031967, 31.205512178288018], [121.47100989951753, 31.205520603084203], [121.47103704979497, 31.205348299392707], [121.47087329923966, 31.205328861569967], [121.4708642543253, 31.205381632563032], [121.47093115154281, 31.205390037707907], [121.47090200010906, 31.20556629559297]]]}}, {"type": "Feature", "properties": {"bid": 606, "stakeholder": "resident"}, "geometry": {"type": "Polygon", "coordinates": [[[121.46885938979086, 31.205246962185306], [121.46907000441844, 31.2052984548759], [121.46905898691637, 31.205330195171072], [121.46916179984942, 31.205355385780035], [121.46914577272912, 31.205403007194544], [121.46925457697216, 31.20542832473955], [121.46927761941174, 31.20535687073903], [121.4693115587802, 31.20536459320823], [121.4693325935856, 31.205303088747147], [121.46937851119003, 31.205314065305515], [121.46941361597965, 31.205168922564432], [121.46971508938167, 31.2052323284729], [121.46978827933891, 31.2049580903456], [121.46877510497507, 31.204714532395258], [121.4686388500063, 31.20514428553104], [121.46887541445949, 31.20520134005238], [121.46885938979086, 31.205246962185306]]]}}, {"type": "Feature", "properties": {"bid": 607, "stakeholder": "resident"}, "geometry": {"type": "Polygon", "coordinates": [[[121.46894420141064, 31.20529775049181], [121.46891414994423, 31.205388038777468], [121.46932541838838, 31.205473811606858], [121.46937851119003, 31.205314065305515], [121.4693325935856, 31.205303088747147], [121.4693115587802, 31.20536459320823], [121.46927761941174, 31.20535687073903], [121.46925457697216, 31.20542832473955], [121.46914577272912, 31.205403007194544], [121.46916179984942, 31.205355385780035], [121.46905898691637, 31.205330195171072], [121.46907000441844, 31.2052984548759], [121.46885938979086, 31.205246962185306], [121.46887541445949, 31.20520134005238], [121.4686388500063, 31.20514428553104], [121.46861380954509, 31.20521769261933], [121.46894420141064, 31.20529775049181]]]}}, {"type": "Feature", "properties": {"bid": 608, "stakeholder": "resident"}, "geometry": {"type": "Polygon", "coordinates": [[[121.4699867424443, 31.205380740785916], [121.46989887403817, 31.205376825268477], [121.46989773517865, 31.205395706711194], [121.46998560360312, 31.205399622225556], [121.4699867424443, 31.205380740785916]]]}}, {"type": "Feature", "properties": {"bid": 609, "stakeholder": "resident"}, "geometry": {"type": "Polygon", "coordinates": [[[121.46945814026594, 31.205542606654717], [121.46946215581943, 31.205522707030923], [121.46954200520713, 31.205549397566017], [121.46960715659667, 31.20531995737276], [121.46942749293032, 31.205262152558127], [121.4693443007701, 31.20555515781785], [121.46939720214584, 31.20557128025439], [121.46941022980333, 31.20552759097853], [121.46945814026594, 31.205542606654717]]]}}, {"type": "Feature", "properties": {"bid": 610, "stakeholder": "resident"}, "geometry": {"type": "Polygon", "coordinates": [[[121.47128133613613, 31.205695184864847], [121.47174666615786, 31.205738889237235], [121.47182479825392, 31.205523672999163], [121.47124376942735, 31.205344649297736], [121.47123164779987, 31.20547130319238], [121.47108786494836, 31.205453293250237], [121.47106969881021, 31.205628784188608], [121.47129037149101, 31.205651406106824], [121.47128133613613, 31.205695184864847]]]}}, {"type": "Feature", "properties": {"bid": 611, "stakeholder": "unknown"}, "geometry": {"type": "Polygon", "coordinates": [[[121.47229625666007, 31.205522524998955], [121.47225128327229, 31.20558752593624], [121.47229854812561, 31.20561168594512], [121.47232103481058, 31.205579185470484], [121.47243447050752, 31.20563716938253], [121.47245695714123, 31.20560466889249], [121.47229625666007, 31.205522524998955]]]}}, {"type": "Feature", "properties": {"bid": 612, "stakeholder": "resident"}, "geometry": {"type": "Polygon", "coordinates": [[[121.47222218245258, 31.205620854838447], [121.4722321870313, 31.20560507333118], [121.47208444634602, 31.205539059468332], [121.47206343772461, 31.2055716000304], [121.47202949720509, 31.205556906079494], [121.47199447874323, 31.205615136687015], [121.47208831286594, 31.20565705445171], [121.47207430495835, 31.205680746713597], [121.47217013627369, 31.20572370268888], [121.47218714480745, 31.205696074981795], [121.47222607735921, 31.205712869016278], [121.4722320816194, 31.205702001146612], [121.47225304605446, 31.2057104289139], [121.4722880676468, 31.205650196845852], [121.47222218245258, 31.205620854838447]]]}}, {"type": "Feature", "properties": {"bid": 613, "stakeholder": "unknown"}, "geometry": {"type": "Polygon", "coordinates": [[[121.47279871511547, 31.205830168907596], [121.47286435179876, 31.20574840904139], [121.47283405135045, 31.205728929446597], [121.4726543434233, 31.205637164423646], [121.47260838943842, 31.20561783403912], [121.47255430215328, 31.20568520720052], [121.47279871511547, 31.205830168907596]]]}}, {"type": "Feature", "properties": {"bid": 614, "stakeholder": "resident"}, "geometry": {"type": "Polygon", "coordinates": [[[121.47235083660235, 31.20579039299195], [121.4723648438345, 31.205767698708875], [121.47242673734239, 31.205794956713987], [121.4724077276403, 31.205825542354653], [121.47249156896216, 31.205876234985165], [121.47250657515131, 31.205853560593766], [121.47251855365504, 31.20585980288473], [121.47256958238235, 31.205775914237904], [121.47249470954411, 31.20574339559915], [121.47250871593326, 31.205721699895204], [121.47237195119486, 31.20566092259486], [121.47235894483289, 31.20568163900532], [121.4722880676468, 31.205650196845852], [121.47224502044901, 31.205743239155197], [121.47235083660235, 31.20579039299195]]]}}, {"type": "Feature", "properties": {"bid": 615, "stakeholder": "resident"}, "geometry": {"type": "Polygon", "coordinates": [[[121.47141002189085, 31.205823790864663], [121.47134512087655, 31.205813437826222], [121.47130292953703, 31.20604238767077], [121.47136783029327, 31.206052741491465], [121.47141002189085, 31.205823790864663]]]}}, {"type": "Feature", "properties": {"bid": 616, "stakeholder": "resident"}, "geometry": {"type": "Polygon", "coordinates": [[[121.4717924389089, 31.20589273241688], [121.47142599565576, 31.205828122408136], [121.471382856246, 31.206010087223248], [121.47174929795199, 31.206074701934025], [121.4717924389089, 31.20589273241688]]]}}, {"type": "Feature", "properties": {"bid": 617, "stakeholder": "resident"}, "geometry": {"type": "Polygon", "coordinates": [[[121.47262921098422, 31.206050942538695], [121.47263421455354, 31.20604205183133], [121.47265917505717, 31.20605055879464], [121.47268319750947, 31.2060030866379], [121.47270017013273, 31.206009430688706], [121.47273920688885, 31.20593228778636], [121.4726333729101, 31.205897139059736], [121.47261136107613, 31.205932660756616], [121.47256132558162, 31.206021567019427], [121.47262921098422, 31.206050942538695]]]}}, {"type": "Feature", "properties": {"bid": 618, "stakeholder": "resident"}, "geometry": {"type": "Polygon", "coordinates": [[[121.47281710539335, 31.205939879985003], [121.47282711603316, 31.205919100136775], [121.47279816424269, 31.20590651578277], [121.47279015879076, 31.20592034166208], [121.47273924158355, 31.205900311571956], [121.4727292342968, 31.20591809333643], [121.47274720470159, 31.205925456848206], [121.47268115664623, 31.2060430159138], [121.47270112342132, 31.206051419984874], [121.47269411685555, 31.206065266097195], [121.4727340505184, 31.206082073917567], [121.47274405777885, 31.206064292124495], [121.47277800114752, 31.20607897791058], [121.47281602858756, 31.206011806026307], [121.47284705495974, 31.205953483846017], [121.47281710539335, 31.205939879985003]]]}}, {"type": "Feature", "properties": {"bid": 619, "stakeholder": "resident"}, "geometry": {"type": "Polygon", "coordinates": [[[121.47203294079611, 31.206064611213034], [121.47196206065564, 31.206038157792253], [121.47189099281775, 31.206185573581877], [121.47196187244901, 31.206212028601552], [121.47203294079611, 31.206064611213034]]]}}, {"type": "Feature", "properties": {"bid": 620, "stakeholder": "resident"}, "geometry": {"type": "Polygon", "coordinates": [[[121.47138060486147, 31.206244870919758], [121.4713886122488, 31.206228050868273], [121.47141157424869, 31.20623452740044], [121.47142658289192, 31.206207861040184], [121.47135370569652, 31.20618534981508], [121.47134267760852, 31.206225089931024], [121.47133767692922, 31.20623198008968], [121.47138060486147, 31.206244870919758]]]}}, {"type": "Feature", "properties": {"bid": 621, "stakeholder": "developer"}, "geometry": {"type": "Polygon", "coordinates": [[[121.4742926687261, 31.206691162469603], [121.47406401241494, 31.206588672415645], [121.47398093477966, 31.206740899230113], [121.47421159095096, 31.206839440126263], [121.4742926687261, 31.206691162469603]]]}}, {"type": "Feature", "properties": {"bid": 622, "stakeholder": "developer"}, "geometry": {"type": "Polygon", "coordinates": [[[121.4740986154726, 31.206924123236888], [121.47421644092333, 31.20697443983187], [121.47427250225475, 31.20686463609564], [121.47421159095096, 31.206839440126263], [121.47415467598205, 31.2068143223201], [121.4740986154726, 31.206924123236888]]]}}, {"type": "Feature", "properties": {"bid": 623, "stakeholder": "developer"}, "geometry": {"type": "Polygon", "coordinates": [[[121.47477187698566, 31.206994435003995], [121.47453720150338, 31.206900867301965], [121.47450016317931, 31.206970083779133], [121.47473283838394, 31.20706461527147], [121.47477187698566, 31.206994435003995]]]}}, {"type": "Feature", "properties": {"bid": 624, "stakeholder": "developer"}, "geometry": {"type": "Polygon", "coordinates": [[[121.47478470388944, 31.20714457976885], [121.4747946868431, 31.207151771162668], [121.47483571095576, 31.207093620183002], [121.47481474055621, 31.20708421438576], [121.47489080685443, 31.206956801446047], [121.47483088933473, 31.20693164174253], [121.47461670621307, 31.207291160045315], [121.4746666338972, 31.207314129948998], [121.47478470388944, 31.20714457976885]]]}}, {"type": "Feature", "properties": {"bid": 625, "stakeholder": "developer"}, "geometry": {"type": "Polygon", "coordinates": [[[121.47481666265823, 31.20715520122832], [121.47482664672783, 31.20716139321604], [121.47486767101965, 31.20710324163861], [121.47484669945288, 31.207094835407695], [121.47492276500782, 31.20696842061511], [121.4748628493569, 31.206941263264646], [121.47464766522172, 31.20730176420216], [121.47469759419323, 31.207323734153874], [121.47481666265823, 31.20715520122832]]]}}, {"type": "Feature", "properties": {"bid": 626, "stakeholder": "developer"}, "geometry": {"type": "Polygon", "coordinates": [[[121.47450081762805, 31.207291865732774], [121.47459069223964, 31.20732761951598], [121.47473283838394, 31.20706461527147], [121.47450016317931, 31.206970083779133], [121.47437804376874, 31.207193499736142], [121.47452283953862, 31.207251331154048], [121.47450081762805, 31.207291865732774]]]}}, {"type": "Feature", "properties": {"bid": 627, "stakeholder": "developer"}, "geometry": {"type": "Polygon", "coordinates": [[[121.47503238552531, 31.207229382032043], [121.47512925626131, 31.207269247680983], [121.47514026766407, 31.20724947691514], [121.47527409103634, 31.20730504589443], [121.47534015687076, 31.207190412981102], [121.47495966398117, 31.20703109951665], [121.47489360155544, 31.207145720605972], [121.4750433989225, 31.20720761324316], [121.47503238552531, 31.207229382032043]]]}}, {"type": "Feature", "properties": {"bid": 628, "stakeholder": "developer"}, "geometry": {"type": "Polygon", "coordinates": [[[121.47450081762805, 31.207291865732774], [121.47452283953862, 31.207251331154048], [121.47437804376874, 31.207193499736142], [121.47435602333474, 31.207233033654333], [121.47450081762805, 31.207291865732774]]]}}, {"type": "Feature", "properties": {"bid": 629, "stakeholder": "developer"}, "geometry": {"type": "Polygon", "coordinates": [[[121.47458263503302, 31.207388416545257], [121.47433200395994, 31.207273526916946], [121.47423892119446, 31.20743855505674], [121.47449154733046, 31.207553494478248], [121.47458263503302, 31.207388416545257]]]}}, {"type": "Feature", "properties": {"bid": 630, "stakeholder": "developer"}, "geometry": {"type": "Polygon", "coordinates": [[[121.47415467598205, 31.2068143223201], [121.47404783351853, 31.20677021803561], [121.47399277375746, 31.206879037171003], [121.4740986154726, 31.206924123236888], [121.47415467598205, 31.2068143223201]]]}}, {"type": "Feature", "properties": {"bid": 631, "stakeholder": "resident"}, "geometry": {"type": "Polygon", "coordinates": [[[121.47319540132732, 31.207108766068988], [121.4729957121556, 31.207034746944597], [121.47295167053484, 31.207121784378046], [121.47315135764664, 31.20719680604287], [121.47319540132732, 31.207108766068988]]]}}, {"type": "Feature", "properties": {"bid": 632, "stakeholder": "developer"}, "geometry": {"type": "Polygon", "coordinates": [[[121.4740831072743, 31.207413462007658], [121.47405808462601, 31.20745892886497], [121.47410302018456, 31.207475815500686], [121.47430520473095, 31.207111110192105], [121.4742422962106, 31.207084876002334], [121.47422027933557, 31.2071214108351], [121.4742552282296, 31.207136096953544], [121.47423721255869, 31.207167715208023], [121.47376191711169, 31.2069733325768], [121.4735787624861, 31.207303401602587], [121.47397815997226, 31.20746632294197], [121.47402119946764, 31.207387241869068], [121.4740831072743, 31.207413462007658]]]}}, {"type": "Feature", "properties": {"bid": 633, "stakeholder": "resident"}, "geometry": {"type": "Polygon", "coordinates": [[[121.47339702270234, 31.207248761961015], [121.47319533181724, 31.207173718070074], [121.47314328479273, 31.207273586535738], [121.47334597225597, 31.207349653963487], [121.47339702270234, 31.207248761961015]]]}}, {"type": "Feature", "properties": {"bid": 634, "stakeholder": "resident"}, "geometry": {"type": "Polygon", "coordinates": [[[121.47312132665775, 31.20725815011258], [121.47292064034787, 31.20718410506549], [121.47287759703818, 31.20727216105717], [121.4730752869989, 31.207345148948427], [121.47312132665775, 31.20725815011258]]]}}, {"type": "Feature", "properties": {"bid": 635, "stakeholder": "resident"}, "geometry": {"type": "Polygon", "coordinates": [[[121.47332393891861, 31.207404167600252], [121.4732490362727, 31.207392653793807], [121.47322701708458, 31.20743417621367], [121.47329590728839, 31.207463555715318], [121.47332393891861, 31.207404167600252]]]}}, {"type": "Feature", "properties": {"bid": 636, "stakeholder": "developer"}, "geometry": {"type": "Polygon", "coordinates": [[[121.4740831072743, 31.207413462007658], [121.47402119946764, 31.207387241869068], [121.47397815997226, 31.20746632294197], [121.47404006851787, 31.20749154493535], [121.4740831072743, 31.207413462007658]]]}}, {"type": "Feature", "properties": {"bid": 637, "stakeholder": "resident"}, "geometry": {"type": "Polygon", "coordinates": [[[121.47303715411248, 31.20751125183738], [121.47322985504276, 31.207583127346876], [121.47328391050723, 31.207473304972723], [121.47309020958403, 31.207401413038042], [121.47306418598258, 31.207451846059488], [121.47282056889924, 31.207361928618525], [121.4727635157192, 31.207475677371185], [121.47300912782771, 31.20756663992404], [121.47303715411248, 31.20751125183738]]]}}, {"type": "Feature", "properties": {"bid": 638, "stakeholder": "resident"}, "geometry": {"type": "Polygon", "coordinates": [[[121.47319787637879, 31.207597466386858], [121.4730630903232, 31.20754275864346], [121.47304607749845, 31.20757338953417], [121.47308401552654, 31.207590151635028], [121.47307100857326, 31.20761087148236], [121.47310295804482, 31.207623514078538], [121.47308994576237, 31.207649230340174], [121.47315584265085, 31.207674555369685], [121.47319787637879, 31.207597466386858]]]}}, {"type": "Feature", "properties": {"bid": 639, "stakeholder": "developer"}, "geometry": {"type": "Polygon", "coordinates": [[[121.47388606509992, 31.20764634642501], [121.47385111782387, 31.207631654888647], [121.47389616168732, 31.20754562123949], [121.47382726403316, 31.207518256563446], [121.47378221947965, 31.20760528820279], [121.47351362126767, 31.20750294157739], [121.47346056739866, 31.207608791895375], [121.47383201104412, 31.207751185361996], [121.47388606509992, 31.20764634642501]]]}}, {"type": "Feature", "properties": {"bid": 640, "stakeholder": "developer"}, "geometry": {"type": "Polygon", "coordinates": [[[121.47550664873165, 31.207534394601737], [121.47559270607576, 31.207414144251228], [121.47552180331671, 31.207377800092615], [121.47547377065577, 31.207445821642473], [121.47543774616497, 31.207497086903288], [121.47550664873165, 31.207534394601737]]]}}, {"type": "Feature", "properties": {"bid": 641, "stakeholder": "developer"}, "geometry": {"type": "Polygon", "coordinates": [[[121.47527288181948, 31.2075018811833], [121.47545861846561, 31.207600417325917], [121.47550664873165, 31.207534394601737], [121.47543774616497, 31.207497086903288], [121.47547377065577, 31.207445821642473], [121.4753579349607, 31.207383619677277], [121.47527288181948, 31.2075018811833]]]}}, {"type": "Feature", "properties": {"bid": 642, "stakeholder": "developer"}, "geometry": {"type": "Polygon", "coordinates": [[[121.47579842359869, 31.20752402694262], [121.47559270607576, 31.207414144251228], [121.47550664873165, 31.207534394601737], [121.47571136565398, 31.20764326758416], [121.47579842359869, 31.20752402694262]]]}}, {"type": "Feature", "properties": {"bid": 643, "stakeholder": "developer"}, "geometry": {"type": "Polygon", "coordinates": [[[121.47610197577761, 31.207726688208037], [121.47614192000061, 31.20775143104141], [121.47620495459181, 31.207675683833262], [121.47611108372894, 31.207618938909267], [121.47606805909392, 31.207672080893424], [121.47610101371868, 31.20769169494872], [121.4760950108473, 31.207698575647218], [121.47601512115422, 31.207651085780245], [121.4759630925346, 31.207715045752135], [121.47601102544355, 31.207743941045756], [121.47600402131422, 31.207752800926418], [121.47596307872764, 31.207728036183596], [121.47592205890032, 31.20777621686921], [121.47605487375519, 31.207855697935376], [121.4760808877752, 31.20782421651205], [121.47604194101292, 31.20780149000353], [121.47610197577761, 31.207726688208037]]]}}, {"type": "Feature", "properties": {"bid": 644, "stakeholder": "developer"}, "geometry": {"type": "Polygon", "coordinates": [[[121.47557921420685, 31.207886545311055], [121.47560118727962, 31.207894963568258], [121.47565727422331, 31.207770134792096], [121.47513691318545, 31.207584171405415], [121.47510787358898, 31.207645560155303], [121.47508090777946, 31.207636039846136], [121.4750128184113, 31.207777605995886], [121.47554216070898, 31.207965772653942], [121.47557921420685, 31.207886545311055]]]}}, {"type": "Feature", "properties": {"bid": 645, "stakeholder": "developer"}, "geometry": {"type": "Polygon", "coordinates": [[[121.47604194101292, 31.20780149000353], [121.47612283038882, 31.20784899781221], [121.47618286373438, 31.207776192036253], [121.47614192000061, 31.20775143104141], [121.47610197577761, 31.207726688208037], [121.47604194101292, 31.20780149000353]]]}}, {"type": "Feature", "properties": {"bid": 646, "stakeholder": "developer"}, "geometry": {"type": "Polygon", "coordinates": [[[121.47612283038882, 31.20784899781221], [121.4760808877752, 31.20782421651205], [121.47605487375519, 31.207855697935376], [121.47617770421824, 31.207929983870436], [121.47621872768262, 31.20787979925774], [121.47617978112326, 31.20785607624322], [121.47619178593766, 31.207843313557586], [121.4762377231483, 31.207871166068124], [121.47628174909289, 31.20781703993004], [121.47620485262792, 31.20777161317289], [121.47621785782576, 31.207757870036858], [121.47625281071237, 31.20777851870575], [121.47629383372066, 31.207729331800923], [121.47620495459181, 31.207675683833262], [121.47614192000061, 31.20775143104141], [121.47618286373438, 31.207776192036253], [121.47612283038882, 31.20784899781221]]]}}, {"type": "Feature", "properties": {"bid": 647, "stakeholder": "unknown"}, "geometry": {"type": "Polygon", "coordinates": [[[121.47638053179446, 31.207974737885934], [121.47633011940071, 31.20803672033885], [121.47641124752109, 31.208085466435676], [121.47646165986785, 31.208023483955884], [121.47638053179446, 31.207974737885934]]]}}, {"type": "Feature", "properties": {"bid": 648, "stakeholder": "developer"}, "geometry": {"type": "Polygon", "coordinates": [[[121.4763785802286, 31.207911805268346], [121.4763817106102, 31.207786953834848], [121.47630784263127, 31.20771160992769], [121.47625281071237, 31.20777851870575], [121.47621785782576, 31.207757870036858], [121.47620485262792, 31.20777161317289], [121.47628174909289, 31.20781703993004], [121.4762377231483, 31.207871166068124], [121.47619178593766, 31.207843313557586], [121.47617978112326, 31.20785607624322], [121.47621872768262, 31.20787979925774], [121.47605759743965, 31.208114564771957], [121.47616248289445, 31.208149537470085], [121.47613343933801, 31.208210941010513], [121.47608848825507, 31.208196095480726], [121.47608047643519, 31.208212930757714], [121.47616538361991, 31.20824152694092], [121.47613834179354, 31.208299970763107], [121.47609039399426, 31.20828406899312], [121.47608138085491, 31.208302883786928], [121.47613232421885, 31.208320841336498], [121.4761052826117, 31.208379284725478], [121.4761402434949, 31.208391941340434], [121.4763785802286, 31.207911805268346]]]}}, {"type": "Feature", "properties": {"bid": 649, "stakeholder": "unknown"}, "geometry": {"type": "Polygon", "coordinates": [[[121.47317298608552, 31.20594682428537], [121.47303163881537, 31.205855954753726], [121.47298323136835, 31.205921716728145], [121.47313193906632, 31.206002587198228], [121.47317298608552, 31.20594682428537]]]}}, {"type": "Feature", "properties": {"bid": 650, "stakeholder": "resident"}, "geometry": {"type": "Polygon", "coordinates": [[[121.47309259316161, 31.206113387297368], [121.4730776173675, 31.20610708637508], [121.47309663282228, 31.20607249916736], [121.47302075421192, 31.206041972718076], [121.47303476357638, 31.206018275863975], [121.47296387957533, 31.205987849710148], [121.47295487300539, 31.206003654178797], [121.47292691847701, 31.205992090830645], [121.47293692490291, 31.20597530761029], [121.4728969902924, 31.205958502693363], [121.47288698391162, 31.205975285768034], [121.47284505196025, 31.20595843923872], [121.47281602858756, 31.206011806026307], [121.47283599567938, 31.206020209140597], [121.47281097726092, 31.206064664367652], [121.47289883301075, 31.206101437312892], [121.47293085735237, 31.206044133860818], [121.47298476893013, 31.2060672194051], [121.47295274439398, 31.206124523488878], [121.47306156813126, 31.20616971376869], [121.47309259316161, 31.206113387297368]]]}}, {"type": "Feature", "properties": {"bid": 651, "stakeholder": "resident"}, "geometry": {"type": "Polygon", "coordinates": [[[121.47293085735237, 31.206044133860818], [121.47289883301075, 31.206101437312892], [121.47295274439398, 31.206124523488878], [121.47298476893013, 31.2060672194051], [121.47293085735237, 31.206044133860818]]]}}, {"type": "Feature", "properties": {"bid": 652, "stakeholder": "resident"}, "geometry": {"type": "Polygon", "coordinates": [[[121.47322731601652, 31.20622605026364], [121.47327134930163, 31.206149001234216], [121.47310960775668, 31.206081757056896], [121.47304455583038, 31.206199345202545], [121.47314439354183, 31.206242350270827], [121.47316741306567, 31.20619984982483], [121.47322731601652, 31.20622605026364]]]}}, {"type": "Feature", "properties": {"bid": 653, "stakeholder": "resident"}, "geometry": {"type": "Polygon", "coordinates": [[[121.47314439354183, 31.206242350270827], [121.47320529732907, 31.20626657302887], [121.47322731601652, 31.20622605026364], [121.47316741306567, 31.20619984982483], [121.47314439354183, 31.206242350270827]]]}}, {"type": "Feature", "properties": {"bid": 654, "stakeholder": "resident"}, "geometry": {"type": "Polygon", "coordinates": [[[121.47360772849902, 31.206375653420697], [121.47337316695814, 31.20621102415493], [121.47327416531574, 31.206315938154884], [121.47350772632343, 31.206479557042545], [121.47360772849902, 31.206375653420697]]]}}, {"type": "Feature", "properties": {"bid": 655, "stakeholder": "unknown"}, "geometry": {"type": "Polygon", "coordinates": [[[121.4707811063239, 31.205624701372248], [121.47090091893642, 31.205642217981733], [121.47091297145128, 31.205578518183756], [121.4708021436661, 31.205563190143952], [121.47081616389255, 31.205526512710037], [121.47088705294891, 31.205537001417035], [121.4709161608338, 31.205400713863128], [121.47079634699082, 31.205384196985165], [121.4706972106053, 31.205637918583033], [121.47077108696669, 31.205655467490434], [121.4707811063239, 31.205624701372248]]]}}, {"type": "Feature", "properties": {"bid": 656, "stakeholder": "resident"}, "geometry": {"type": "Polygon", "coordinates": [[[121.47013012228003, 31.205552948503858], [121.47003229705264, 31.20552488574089], [121.47004632065625, 31.205484213839327], [121.47001837133485, 31.205475624606375], [121.47002638544156, 31.20545181254932], [121.46994952401974, 31.20542919068067], [121.46988540968393, 31.205621684259427], [121.46996027482213, 31.20564326538761], [121.4699873254699, 31.205559902170474], [121.47005720090372, 31.20557937689773], [121.47002915160807, 31.205662719269117], [121.47011899094595, 31.205688613701], [121.47015104752224, 31.205593364625543], [121.47012809700355, 31.20557888668065], [121.47013012228003, 31.205552948503858]]]}}, {"type": "Feature", "properties": {"bid": 657, "stakeholder": "unknown"}, "geometry": {"type": "Polygon", "coordinates": [[[121.47017702187964, 31.20558192547866], [121.47016907290356, 31.205545782468114], [121.47014611039664, 31.205542296428924], [121.47013012228003, 31.205552948503858], [121.47013707380883, 31.205588071095463], [121.47017702187964, 31.20558192547866]]]}}, {"type": "Feature", "properties": {"bid": 658, "stakeholder": "resident"}, "geometry": {"type": "Polygon", "coordinates": [[[121.47069295918594, 31.20587465791834], [121.47075685530795, 31.20588699977992], [121.4707518375533, 31.205909877251603], [121.47117715621322, 31.205991782667517], [121.47118718344451, 31.20595402063725], [121.4712101482072, 31.205957500698286], [121.47122318866002, 31.205903813361196], [121.4712032196977, 31.205900396288367], [121.47121725770081, 31.205847729208237], [121.47106849394834, 31.205818621853833], [121.47106247634407, 31.205842477977345], [121.47101155784935, 31.205832412997044], [121.47101857293241, 31.205809577230852], [121.47091274231515, 31.20578936120659], [121.47090772771513, 31.205809241101342], [121.47084882355682, 31.20579700703053], [121.47085583962155, 31.205773172309982], [121.4707320408462, 31.205748575146064], [121.47072201723527, 31.205783338179007], [121.47067908671092, 31.205775436063288], [121.47066605447253, 31.20582212671889], [121.47070498961729, 31.205830943836755], [121.47069295918594, 31.20587465791834]]]}}, {"type": "Feature", "properties": {"bid": 659, "stakeholder": "resident"}, "geometry": {"type": "Polygon", "coordinates": [[[121.47066554166315, 31.206295774722204], [121.47067356034891, 31.206267964356808], [121.47062164623685, 31.206256873869506], [121.47061762935381, 31.20627777380906], [121.47053476487586, 31.20626203030832], [121.47052172227778, 31.20631871317294], [121.47054867869089, 31.20632328101737], [121.47053664652312, 31.206368993235735], [121.47068540389466, 31.206397121960496], [121.4707094707337, 31.206303698089577], [121.47066554166315, 31.206295774722204]]]}}, {"type": "Feature", "properties": {"bid": 660, "stakeholder": "resident"}, "geometry": {"type": "Polygon", "coordinates": [[[121.47089397560912, 31.206521438257873], [121.47095597172097, 31.206444800703416], [121.47094299874095, 31.206436533161423], [121.47095300182978, 31.206420755387626], [121.4708631845549, 31.206367898954955], [121.47084518539579, 31.206390502801415], [121.47081724259625, 31.206373924784767], [121.47083724101606, 31.206349364684513], [121.47074742478038, 31.206296505569927], [121.47073242365059, 31.206317173638066], [121.4707094707337, 31.206303698089577], [121.47068540389466, 31.206397121960496], [121.47089397560912, 31.206521438257873]]]}}, {"type": "Feature", "properties": {"bid": 661, "stakeholder": "resident"}, "geometry": {"type": "Polygon", "coordinates": [[[121.47112362665712, 31.206549255910595], [121.47113669140141, 31.206472585802256], [121.47106180506978, 31.20646301701668], [121.47106583285698, 31.20643212401598], [121.47102589232738, 31.206428285814756], [121.47102087242774, 31.20645316220196], [121.47095597172097, 31.206444800703416], [121.47089397560912, 31.206521438257873], [121.47112362665712, 31.206549255910595]]]}}, {"type": "Feature", "properties": {"bid": 662, "stakeholder": "resident"}, "geometry": {"type": "Polygon", "coordinates": [[[121.47122421554892, 31.206455266374636], [121.47123972635146, 31.206548855287252], [121.47132683420678, 31.20653818973926], [121.47131132332441, 31.206444600856297], [121.47122421554892, 31.206455266374636]]]}}, {"type": "Feature", "properties": {"bid": 663, "stakeholder": "resident"}, "geometry": {"type": "Polygon", "coordinates": [[[121.47089103593423, 31.206805171821], [121.47107443041419, 31.206836465672428], [121.47108085542155, 31.206808648417695], [121.470897461, 31.20677735456427], [121.47089103593423, 31.206805171821]]]}}, {"type": "Feature", "properties": {"bid": 664, "stakeholder": "resident"}, "geometry": {"type": "Polygon", "coordinates": [[[121.47052894349305, 31.20703235383473], [121.47055800837745, 31.206933040753437], [121.47046616060027, 31.206914107835757], [121.47049722470332, 31.20681283902518], [121.47058607492477, 31.206833706382277], [121.47066424785511, 31.20656955052863], [121.47049852410477, 31.206533067430314], [121.47034217548243, 31.207067367215352], [121.47041006062136, 31.207082797039384], [121.47043110686059, 31.20701129475492], [121.47052894349305, 31.20703235383473]]]}}, {"type": "Feature", "properties": {"bid": 665, "stakeholder": "resident"}, "geometry": {"type": "Polygon", "coordinates": [[[121.47229245755284, 31.206206886065395], [121.47226443924582, 31.206256271004342], [121.47236826489258, 31.206297387451166], [121.47239529449462, 31.20623898761204], [121.47229245755284, 31.206206886065395]]]}}, {"type": "Feature", "properties": {"bid": 666, "stakeholder": "resident"}, "geometry": {"type": "Polygon", "coordinates": [[[121.4724821796906, 31.2062457750252], [121.47244124410588, 31.206232940156553], [121.47243323687894, 31.206248763578067], [121.47229245755284, 31.206206886065395], [121.47226443924582, 31.206256271004342], [121.47236826489258, 31.206297387451166], [121.47244514618842, 31.20631895869355], [121.4724821796906, 31.2062457750252]]]}}, {"type": "Feature", "properties": {"bid": 667, "stakeholder": "resident"}, "geometry": {"type": "Polygon", "coordinates": [[[121.4724821796906, 31.2062457750252], [121.47244124410588, 31.206232940156553], [121.47243323687894, 31.206248763578067], [121.47239529449462, 31.20623898761204], [121.47236826489258, 31.206297387451166], [121.47244514618842, 31.20631895869355], [121.4724821796906, 31.2062457750252]]]}}, {"type": "Feature", "properties": {"bid": 668, "stakeholder": "resident"}, "geometry": {"type": "Polygon", "coordinates": [[[121.47175802764379, 31.20631371181986], [121.47172507600612, 31.206309028005474], [121.47173109174015, 31.206287169219024], [121.47161226872561, 31.206268702004767], [121.47161025414584, 31.20628464843332], [121.47123881372283, 31.206229906626163], [121.47121073599908, 31.206337239579682], [121.47173296390145, 31.206403124819868], [121.47175802764379, 31.20631371181986]]]}}, {"type": "Feature", "properties": {"bid": 669, "stakeholder": "resident"}, "geometry": {"type": "Polygon", "coordinates": [[[121.47218243208034, 31.20635849978965], [121.4721355045408, 31.20634653596982], [121.47212749006087, 31.20636935339865], [121.47210252996467, 31.206361841224677], [121.47211154528827, 31.20633704604011], [121.47206561790142, 31.206324102597364], [121.47205660369924, 31.206347898389545], [121.47201267182017, 31.20633699411025], [121.47197260978997, 31.20644208616727], [121.47235401303442, 31.20654691351637], [121.47239807052439, 31.206442898112297], [121.4721734188488, 31.20638129666582], [121.47218243208034, 31.20635849978965]]]}}, {"type": "Feature", "properties": {"bid": 670, "stakeholder": "resident"}, "geometry": {"type": "Polygon", "coordinates": [[[121.47276190646414, 31.206515828237936], [121.47289111883943, 31.206538939262522], [121.47291352561629, 31.206446388522558], [121.47278431337801, 31.206423277494405], [121.47276190646414, 31.206515828237936]]]}}, {"type": "Feature", "properties": {"bid": 671, "stakeholder": "resident"}, "geometry": {"type": "Polygon", "coordinates": [[[121.47258964289618, 31.206620718381707], [121.47263670210303, 31.20651276393295], [121.472595764669, 31.206500930491526], [121.47260377631038, 31.206481109573133], [121.47255285578683, 31.206465073160757], [121.47254384543454, 31.206484873385648], [121.47248992901915, 31.20646877421262], [121.4724989414749, 31.20644697563778], [121.47244602516763, 31.206429896964885], [121.47243801473917, 31.206448718188426], [121.47239807052439, 31.206442898112297], [121.47235401303442, 31.20654691351637], [121.47258964289618, 31.206620718381707]]]}}, {"type": "Feature", "properties": {"bid": 672, "stakeholder": "resident"}, "geometry": {"type": "Polygon", "coordinates": [[[121.47176170655996, 31.20660657788084], [121.47177874526676, 31.20654997374737], [121.4714961853216, 31.206489116023356], [121.47146010088704, 31.206612272135146], [121.4716508013495, 31.2066542296015], [121.47167084655212, 31.206587695932395], [121.47176170655996, 31.20660657788084]]]}}, {"type": "Feature", "properties": {"bid": 673, "stakeholder": "resident"}, "geometry": {"type": "Polygon", "coordinates": [[[121.47279646407434, 31.206555013674283], [121.47274640984868, 31.206660910817384], [121.47280731404169, 31.20668214468877], [121.47282132931751, 31.206652453297007], [121.47285736968071, 31.206575247191537], [121.47279646407434, 31.206555013674283]]]}}, {"type": "Feature", "properties": {"bid": 674, "stakeholder": "resident"}, "geometry": {"type": "Polygon", "coordinates": [[[121.47287336220586, 31.206564582357718], [121.47283832915934, 31.20663381503897], [121.47299108724576, 31.20669089941674], [121.47302412326735, 31.206621624017814], [121.47287336220586, 31.206564582357718]]]}}, {"type": "Feature", "properties": {"bid": 675, "stakeholder": "resident"}, "geometry": {"type": "Polygon", "coordinates": [[[121.47305134770534, 31.20638435055008], [121.47300140602624, 31.206384330804514], [121.4730013272873, 31.20645727667994], [121.47305226778019, 31.206457316795927], [121.47305134770534, 31.20638435055008]]]}}, {"type": "Feature", "properties": {"bid": 676, "stakeholder": "resident"}, "geometry": {"type": "Polygon", "coordinates": [[[121.4734347238806, 31.206557023045097], [121.47350772632343, 31.206479557042545], [121.47327416531574, 31.206315938154884], [121.47320016818911, 31.20639137873064], [121.4734347238806, 31.206557023045097]]]}}, {"type": "Feature", "properties": {"bid": 677, "stakeholder": "resident"}, "geometry": {"type": "Polygon", "coordinates": [[[121.47362069997985, 31.206388905801933], [121.47351266032992, 31.206535616521588], [121.47354959823203, 31.206555349408344], [121.47365863617176, 31.20640965649836], [121.47362069997985, 31.206388905801933]]]}}, {"type": "Feature", "properties": {"bid": 678, "stakeholder": "unknown"}, "geometry": {"type": "Polygon", "coordinates": [[[121.47323899769367, 31.20650808475239], [121.47310024016396, 31.206431314172043], [121.47306422554173, 31.206483541943328], [121.4732149922129, 31.206538574452733], [121.47323899769367, 31.20650808475239]]]}}, {"type": "Feature", "properties": {"bid": 679, "stakeholder": "unknown"}, "geometry": {"type": "Polygon", "coordinates": [[[121.47343469264923, 31.20658600155975], [121.47314819773601, 31.206419300316217], [121.47310119046347, 31.206476301165765], [121.47338768273643, 31.206644006817786], [121.47343469264923, 31.20658600155975]]]}}, {"type": "Feature", "properties": {"bid": 680, "stakeholder": "resident"}, "geometry": {"type": "Polygon", "coordinates": [[[121.47362440565041, 31.206657787061033], [121.47365541640511, 31.206616442670562], [121.47370932548472, 31.20664650812239], [121.47382136441139, 31.206498869900713], [121.47365863617176, 31.20640965649836], [121.4735165890445, 31.20659765136497], [121.47362440565041, 31.206657787061033]]]}}, {"type": "Feature", "properties": {"bid": 681, "stakeholder": "resident"}, "geometry": {"type": "Polygon", "coordinates": [[[121.4733665165146, 31.206820450592204], [121.47340355584492, 31.206745255895157], [121.47327475141459, 31.206698674597245], [121.47328075737666, 31.206686805197535], [121.47318789990437, 31.20665294076401], [121.4731748892848, 31.20667665880147], [121.47302412326735, 31.206621624017814], [121.47299108724576, 31.20669089941674], [121.4733665165146, 31.206820450592204]]]}}, {"type": "Feature", "properties": {"bid": 682, "stakeholder": "resident"}, "geometry": {"type": "Polygon", "coordinates": [[[121.47346646055269, 31.206768513827633], [121.47340355584492, 31.206745255895157], [121.4733665165146, 31.206820450592204], [121.4734294220233, 31.206842710171824], [121.47346646055269, 31.206768513827633]]]}}, {"type": "Feature", "properties": {"bid": 683, "stakeholder": "developer"}, "geometry": {"type": "Polygon", "coordinates": [[[121.47386396807224, 31.206824491964092], [121.47399277375746, 31.206879037171003], [121.47404783351853, 31.20677021803561], [121.47398093477966, 31.206740899230113], [121.47391902804316, 31.206714676517944], [121.47386396807224, 31.206824491964092]]]}}, {"type": "Feature", "properties": {"bid": 684, "stakeholder": "resident"}, "geometry": {"type": "Polygon", "coordinates": [[[121.47354336936462, 31.206774066145552], [121.47347846522995, 31.206751768942524], [121.47342740497866, 31.206860656400693], [121.4734913098522, 31.206882934701127], [121.47354336936462, 31.206774066145552]]]}}, {"type": "Feature", "properties": {"bid": 685, "stakeholder": "resident"}, "geometry": {"type": "Polygon", "coordinates": [[[121.47176170655996, 31.20660657788084], [121.47167084655212, 31.206587695932395], [121.4716508013495, 31.2066542296015], [121.47174166117772, 31.20667311210343], [121.47176170655996, 31.20660657788084]]]}}, {"type": "Feature", "properties": {"bid": 686, "stakeholder": "resident"}, "geometry": {"type": "Polygon", "coordinates": [[[121.4715938867481, 31.206645047228903], [121.4713961884072, 31.206610934267587], [121.47131798852685, 31.206895090535678], [121.47151668402171, 31.206929228874223], [121.4715938867481, 31.206645047228903]]]}}, {"type": "Feature", "properties": {"bid": 687, "stakeholder": "resident"}, "geometry": {"type": "Polygon", "coordinates": [[[121.4716677312141, 31.206698551245275], [121.47162679924283, 31.206685705694152], [121.47153368666636, 31.206905601507003], [121.47157361962412, 31.206918427337545], [121.4716677312141, 31.206698551245275]]]}}, {"type": "Feature", "properties": {"bid": 688, "stakeholder": "resident"}, "geometry": {"type": "Polygon", "coordinates": [[[121.47204009936763, 31.20683520549101], [121.47244642523926, 31.206986505247244], [121.47250147850309, 31.20687372117589], [121.47209714772544, 31.20672247027307], [121.47207112667581, 31.206772894217004], [121.47179858849962, 31.206671300080185], [121.47174254166896, 31.20678305150539], [121.47201507832519, 31.20688465045242], [121.47204009936763, 31.20683520549101]]]}}, {"type": "Feature", "properties": {"bid": 689, "stakeholder": "resident"}, "geometry": {"type": "Polygon", "coordinates": [[[121.4719720177362, 31.206992678350158], [121.47238632748976, 31.207147149884165], [121.47244537830602, 31.207031451409417], [121.47203605737684, 31.20687909007359], [121.4720110353029, 31.20692953427334], [121.47173849870946, 31.20682793496945], [121.47168645782439, 31.206929776157157], [121.47195400171633, 31.207029277639943], [121.4719720177362, 31.206992678350158]]]}}, {"type": "Feature", "properties": {"bid": 690, "stakeholder": "resident"}, "geometry": {"type": "Polygon", "coordinates": [[[121.47287389271594, 31.20700028017347], [121.47256139511342, 31.206882948607525], [121.47250734987063, 31.20698676102517], [121.47282184321297, 31.207104139476883], [121.47287389271594, 31.20700028017347]]]}}, {"type": "Feature", "properties": {"bid": 691, "stakeholder": "resident"}, "geometry": {"type": "Polygon", "coordinates": [[[121.47147062989518, 31.207037187611327], [121.47129989445762, 31.207005631610286], [121.47127381592804, 31.207112008026968], [121.47144355338538, 31.207142545146095], [121.47147062989518, 31.207037187611327]]]}}, {"type": "Feature", "properties": {"bid": 692, "stakeholder": "resident"}, "geometry": {"type": "Polygon", "coordinates": [[[121.47155449007835, 31.207062923764624], [121.47152154659942, 31.207051243110644], [121.47142447469957, 31.207240075672523], [121.47145641817362, 31.20725273563305], [121.47155449007835, 31.207062923764624]]]}}, {"type": "Feature", "properties": {"bid": 693, "stakeholder": "resident"}, "geometry": {"type": "Polygon", "coordinates": [[[121.47277382777861, 31.207172106325], [121.47245933503268, 31.2070557218363], [121.47240828582495, 31.207160593514573], [121.47272077930779, 31.207276942630862], [121.47277382777861, 31.207172106325]]]}}, {"type": "Feature", "properties": {"bid": 694, "stakeholder": "resident"}, "geometry": {"type": "Polygon", "coordinates": [[[121.47141358372403, 31.20715191064664], [121.47131972889146, 31.20713495508881], [121.47129164472788, 31.207249283925133], [121.47138550038233, 31.20726524097541], [121.47141358372403, 31.20715191064664]]]}}, {"type": "Feature", "properties": {"bid": 695, "stakeholder": "resident"}, "geometry": {"type": "Polygon", "coordinates": [[[121.47049722470332, 31.20681283902518], [121.47046616060027, 31.206914107835757], [121.47055800837745, 31.206933040753437], [121.47058607492477, 31.206833706382277], [121.47049722470332, 31.20681283902518]]]}}, {"type": "Feature", "properties": {"bid": 696, "stakeholder": "resident"}, "geometry": {"type": "Polygon", "coordinates": [[[121.47090055962758, 31.20689930585803], [121.47091657550891, 31.20686366922518], [121.47084370398295, 31.206839149269683], [121.47082968963717, 31.206870830688768], [121.47076380653583, 31.20684845521344], [121.47071275866233, 31.20696029605404], [121.47089743109916, 31.207023151071905], [121.47094647833126, 31.206915262745202], [121.47090055962758, 31.20689930585803]]]}}, {"type": "Feature", "properties": {"bid": 697, "stakeholder": "resident"}, "geometry": {"type": "Polygon", "coordinates": [[[121.47127692837921, 31.207003151380434], [121.47110220939963, 31.206964507270982], [121.47111623908086, 31.20691883517748], [121.47097447088277, 31.206885873854223], [121.47096444857925, 31.206919638410348], [121.47094647833126, 31.206915262745202], [121.47089743109916, 31.207023151071905], [121.47124586325059, 31.207103427284267], [121.47127692837921, 31.207003151380434]]]}}, {"type": "Feature", "properties": {"bid": 698, "stakeholder": "resident"}, "geometry": {"type": "Polygon", "coordinates": [[[121.47041006062136, 31.207082797039384], [121.47050689961021, 31.207102836207184], [121.47052894349305, 31.20703235383473], [121.47043110686059, 31.20701129475492], [121.47041006062136, 31.207082797039384]]]}}, {"type": "Feature", "properties": {"bid": 699, "stakeholder": "unknown"}, "geometry": {"type": "Polygon", "coordinates": [[[121.47047387403416, 31.20717108726359], [121.4702312785115, 31.20712197197411], [121.47019619273065, 31.207250134209797], [121.47043878650311, 31.207300250759488], [121.47047387403416, 31.20717108726359]]]}}, {"type": "Feature", "properties": {"bid": 700, "stakeholder": "resident"}, "geometry": {"type": "Polygon", "coordinates": [[[121.47045058157096, 31.20747637498846], [121.47047853109257, 31.20748596077823], [121.47051859407964, 31.207372890769758], [121.47047866411081, 31.20736105289063], [121.47060991798173, 31.206948129118814], [121.47057497727305, 31.206939395586172], [121.47038763879368, 31.207508017057478], [121.47043455926928, 31.2075190047076], [121.47045058157096, 31.20747637498846]]]}}, {"type": "Feature", "properties": {"bid": 701, "stakeholder": "resident"}, "geometry": {"type": "Polygon", "coordinates": [[[121.47075548409339, 31.207160056021333], [121.47065163800791, 31.207153864642354], [121.47063351141503, 31.207296379071078], [121.4708032606493, 31.20730596088713], [121.47082236153246, 31.207186449777115], [121.4707534634672, 31.20718199761052], [121.47075548409339, 31.207160056021333]]]}}, {"type": "Feature", "properties": {"bid": 702, "stakeholder": "resident"}, "geometry": {"type": "Polygon", "coordinates": [[[121.47111378665056, 31.207344478684256], [121.47113088978587, 31.20722592328338], [121.47082236153246, 31.207186449777115], [121.4708032606493, 31.20730596088713], [121.47111378665056, 31.207344478684256]]]}}, {"type": "Feature", "properties": {"bid": 703, "stakeholder": "resident"}, "geometry": {"type": "Polygon", "coordinates": [[[121.47037172183603, 31.207451719461744], [121.47026390658948, 31.207425448373336], [121.47029095824733, 31.207340084206407], [121.47017016420786, 31.207312535945672], [121.47012107113244, 31.20746738062995], [121.4703496797646, 31.20752120188797], [121.47037172183603, 31.207451719461744]]]}}, {"type": "Feature", "properties": {"bid": 704, "stakeholder": "resident"}, "geometry": {"type": "Polygon", "coordinates": [[[121.47121643447703, 31.207542494981276], [121.47129929934418, 31.207563220021818], [121.47137843427743, 31.20733604218832], [121.47131154459294, 31.207317652566935], [121.47130152961371, 31.20734442327061], [121.47125061293707, 31.207331363813637], [121.47116947862105, 31.207561494653188], [121.4712064175601, 31.207571263975982], [121.47121643447703, 31.207542494981276]]]}}, {"type": "Feature", "properties": {"bid": 705, "stakeholder": "resident"}, "geometry": {"type": "Polygon", "coordinates": [[[121.4717801118094, 31.20713758046657], [121.47160740988251, 31.20707202340617], [121.47150832708157, 31.207272807806813], [121.47168002978617, 31.20733734994382], [121.4717801118094, 31.20713758046657]]]}}, {"type": "Feature", "properties": {"bid": 706, "stakeholder": "resident"}, "geometry": {"type": "Polygon", "coordinates": [[[121.47228722576871, 31.207357951187873], [121.47257475577659, 31.207464806559194], [121.47262279962935, 31.20736886361601], [121.4723352692398, 31.207261013714394], [121.47231925328254, 31.207294658635533], [121.47195186744081, 31.20715714161468], [121.47190082556837, 31.20725800786834], [121.47226820951562, 31.20739553098957], [121.47228722576871, 31.207357951187873]]]}}, {"type": "Feature", "properties": {"bid": 707, "stakeholder": "resident"}, "geometry": {"type": "Polygon", "coordinates": [[[121.47162601181458, 31.20742116203314], [121.4714583045469, 31.20735670071916], [121.47136222425014, 31.207553546818414], [121.47152893244447, 31.207616992743226], [121.47162601181458, 31.20742116203314]]]}}, {"type": "Feature", "properties": {"bid": 708, "stakeholder": "resident"}, "geometry": {"type": "Polygon", "coordinates": [[[121.47215417704433, 31.207561051629618], [121.47241674295275, 31.20765941104162], [121.47246078215439, 31.207571382396633], [121.47219821505848, 31.207473026862203], [121.47218320242418, 31.207502694714382], [121.47184576917483, 31.207377776235827], [121.47180072982121, 31.207469772312717], [121.47213616414899, 31.207594654274203], [121.47215417704433, 31.207561051629618]]]}}, {"type": "Feature", "properties": {"bid": 709, "stakeholder": "resident"}, "geometry": {"type": "Polygon", "coordinates": [[[121.47283333490223, 31.20756704342103], [121.47275346195694, 31.207537426929544], [121.47269941116143, 31.207646239598827], [121.47277828485812, 31.20767583716697], [121.47283333490223, 31.20756704342103]]]}}, {"type": "Feature", "properties": {"bid": 710, "stakeholder": "resident"}, "geometry": {"type": "Polygon", "coordinates": [[[121.47294016984459, 31.207603204441003], [121.47284831462036, 31.20756934865295], [121.47278425420653, 31.20769794378657], [121.47287511105515, 31.207730782010458], [121.47294016984459, 31.207603204441003]]]}}, {"type": "Feature", "properties": {"bid": 711, "stakeholder": "resident"}, "geometry": {"type": "Polygon", "coordinates": [[[121.47171759186959, 31.20770187314758], [121.47189029745847, 31.207766425290057], [121.47194634467326, 31.20765367152818], [121.47171074454047, 31.207566826776027], [121.47166070327036, 31.207667710292302], [121.4717225957902, 31.207691984593108], [121.47171759186959, 31.20770187314758]]]}}, {"type": "Feature", "properties": {"bid": 712, "stakeholder": "resident"}, "geometry": {"type": "Polygon", "coordinates": [[[121.47200225329607, 31.20767182040335], [121.47195932549562, 31.207655939751707], [121.47189727339753, 31.207780560344474], [121.47194120068208, 31.207795463326935], [121.47200225329607, 31.20767182040335]]]}}, {"type": "Feature", "properties": {"bid": 713, "stakeholder": "resident"}, "geometry": {"type": "Polygon", "coordinates": [[[121.47187930455448, 31.20777319170491], [121.47174552265949, 31.207732433874362], [121.47172549850279, 31.207779982314555], [121.47186027881605, 31.207820761750217], [121.47187930455448, 31.20777319170491]]]}}, {"type": "Feature", "properties": {"bid": 714, "stakeholder": "resident"}, "geometry": {"type": "Polygon", "coordinates": [[[121.47226885536065, 31.207727307138335], [121.47204023769073, 31.2076406314726], [121.47191814517566, 31.207875926466382], [121.47214775770793, 31.207963631146526], [121.47226885536065, 31.207727307138335]]]}}, {"type": "Feature", "properties": {"bid": 715, "stakeholder": "resident"}, "geometry": {"type": "Polygon", "coordinates": [[[121.47095182092994, 31.20752294033518], [121.47093889675227, 31.207468706630387], [121.47058933986011, 31.207516286818354], [121.4706022625918, 31.207571520957572], [121.47095182092994, 31.20752294033518]]]}}, {"type": "Feature", "properties": {"bid": 716, "stakeholder": "resident"}, "geometry": {"type": "Polygon", "coordinates": [[[121.47015089043896, 31.20759592338294], [121.47018795756662, 31.20748179342587], [121.47012107113244, 31.20746738062995], [121.4700850048273, 31.20757953274756], [121.47015089043896, 31.20759592338294]]]}}, {"type": "Feature", "properties": {"bid": 717, "stakeholder": "resident"}, "geometry": {"type": "Polygon", "coordinates": [[[121.47032867668791, 31.207552733389665], [121.47018393374822, 31.207509687913333], [121.47017191546443, 31.207543408185927], [121.47032366706321, 31.207568615657923], [121.47032867668791, 31.207552733389665]]]}}, {"type": "Feature", "properties": {"bid": 718, "stakeholder": "resident"}, "geometry": {"type": "Polygon", "coordinates": [[[121.47089272624396, 31.207689575131507], [121.47080686788196, 31.2076697770483], [121.4707557851548, 31.207815593887805], [121.47084264065427, 31.20783641343973], [121.47089272624396, 31.207689575131507]]]}}, {"type": "Feature", "properties": {"bid": 719, "stakeholder": "resident"}, "geometry": {"type": "Polygon", "coordinates": [[[121.47140595802068, 31.20774832437644], [121.47103952372322, 31.207687670435522], [121.47101645225587, 31.20778511501396], [121.47138188715725, 31.207845750398356], [121.47140595802068, 31.20774832437644]]]}}, {"type": "Feature", "properties": {"bid": 720, "stakeholder": "resident"}, "geometry": {"type": "Polygon", "coordinates": [[[121.47071190339182, 31.207762704088445], [121.47054017437223, 31.20773808715609], [121.47052009761275, 31.207837590800356], [121.47069282490372, 31.20786222969218], [121.47071190339182, 31.207762704088445]]]}}, {"type": "Feature", "properties": {"bid": 721, "stakeholder": "resident"}, "geometry": {"type": "Polygon", "coordinates": [[[121.47048811675302, 31.207862894949933], [121.47044317932341, 31.20786494065907], [121.47037232996173, 31.207819469836977], [121.47033737298216, 31.207826722529262], [121.47031338084923, 31.20785219485009], [121.47028641752593, 31.207854620343152], [121.47019162278104, 31.207791650195823], [121.47012569879075, 31.20781123368317], [121.47011465914613, 31.207863961128172], [121.47048307119917, 31.207912752453304], [121.47048811675302, 31.207862894949933]]]}}, {"type": "Feature", "properties": {"bid": 722, "stakeholder": "resident"}, "geometry": {"type": "Polygon", "coordinates": [[[121.47051078049627, 31.207901007457707], [121.4705127025675, 31.20797661652488], [121.47068863804937, 31.20797331231025], [121.4706867158363, 31.20789770327704], [121.47051078049627, 31.207901007457707]]]}}, {"type": "Feature", "properties": {"bid": 723, "stakeholder": "resident"}, "geometry": {"type": "Polygon", "coordinates": [[[121.47028723651933, 31.208024516697563], [121.47038907367153, 31.208038669012236], [121.47039912229627, 31.207978924799082], [121.47004169540016, 31.20793135947001], [121.47003164916464, 31.207989104330977], [121.4701115199939, 31.20799979753395], [121.47010850759398, 31.208015722072055], [121.47028522365531, 31.208039463289765], [121.47028723651933, 31.208024516697563]]]}}, {"type": "Feature", "properties": {"bid": 724, "stakeholder": "resident"}, "geometry": {"type": "Polygon", "coordinates": [[[121.4701004689306, 31.20806351692368], [121.4702761874139, 31.208086237996383], [121.47028522365531, 31.208039463289765], [121.47003861124324, 31.208015234034914], [121.4700295678058, 31.208069003105656], [121.47009845716411, 31.208077464168817], [121.4701004689306, 31.20806351692368]]]}}, {"type": "Feature", "properties": {"bid": 725, "stakeholder": "resident"}, "geometry": {"type": "Polygon", "coordinates": [[[121.47315979445146, 31.207715606521496], [121.47294512879729, 31.207636282196454], [121.4728910758629, 31.20774609788333], [121.47310374364814, 31.207824386545447], [121.47315979445146, 31.207715606521496]]]}}, {"type": "Feature", "properties": {"bid": 726, "stakeholder": "developer"}, "geometry": {"type": "Polygon", "coordinates": [[[121.47386194988327, 31.207778767343317], [121.4734395838035, 31.207615362132913], [121.4733835351086, 31.207720150989587], [121.4738068962481, 31.207884585008514], [121.47386194988327, 31.207778767343317]]]}}, {"type": "Feature", "properties": {"bid": 727, "stakeholder": "developer"}, "geometry": {"type": "Polygon", "coordinates": [[[121.47395093152205, 31.20770760435528], [121.47390288653673, 31.207797576029293], [121.4739558095082, 31.20781762352386], [121.47400185799164, 31.20772661153387], [121.47395093152205, 31.20770760435528]]]}}, {"type": "Feature", "properties": {"bid": 728, "stakeholder": "developer"}, "geometry": {"type": "Polygon", "coordinates": [[[121.47378287269771, 31.207931068486744], [121.4738068962481, 31.207884585008514], [121.4733835351086, 31.207720150989587], [121.47336051160084, 31.20776665067319], [121.47378287269771, 31.207931068486744]]]}}, {"type": "Feature", "properties": {"bid": 729, "stakeholder": "developer"}, "geometry": {"type": "Polygon", "coordinates": [[[121.47326950628825, 31.207868729508508], [121.47322446437546, 31.20795675073543], [121.4733273060715, 31.20799581303424], [121.47337134965595, 31.207907769777815], [121.47326950628825, 31.207868729508508]]]}}, {"type": "Feature", "properties": {"bid": 730, "stakeholder": "developer"}, "geometry": {"type": "Polygon", "coordinates": [[[121.47401354344392, 31.208011641966717], [121.47403950530428, 31.20802215429484], [121.47407253914254, 31.207957861217828], [121.47385385789005, 31.20787353703213], [121.47381081782872, 31.20795461387603], [121.47400353505599, 31.208029428799364], [121.47401354344392, 31.208011641966717]]]}}, {"type": "Feature", "properties": {"bid": 731, "stakeholder": "developer"}, "geometry": {"type": "Polygon", "coordinates": [[[121.47343324715325, 31.207939002477815], [121.47336734683245, 31.207914683631877], [121.4733273060715, 31.20799581303424], [121.47338920960534, 31.20802105120225], [121.47343324715325, 31.207939002477815]]]}}, {"type": "Feature", "properties": {"bid": 732, "stakeholder": "developer"}, "geometry": {"type": "Polygon", "coordinates": [[[121.47331031508907, 31.208005461103077], [121.47323942156663, 31.20798103764872], [121.4731483199347, 31.208176044192797], [121.47321921167622, 31.208201469373307], [121.47331031508907, 31.208005461103077]]]}}, {"type": "Feature", "properties": {"bid": 733, "stakeholder": "developer"}, "geometry": {"type": "Polygon", "coordinates": [[[121.47390249331819, 31.208169302778447], [121.47344817301963, 31.2079932661539], [121.47339612560165, 31.20809314003532], [121.47385044312807, 31.208269186151828], [121.47390249331819, 31.208169302778447]]]}}, {"type": "Feature", "properties": {"bid": 734, "stakeholder": "developer"}, "geometry": {"type": "Polygon", "coordinates": [[[121.473295185712, 31.20814405493428], [121.47323213023469, 31.208264687147615], [121.47343481791042, 31.20834374578107], [121.47349887476481, 31.20822212954574], [121.473295185712, 31.20814405493428]]]}}, {"type": "Feature", "properties": {"bid": 735, "stakeholder": "resident"}, "geometry": {"type": "Polygon", "coordinates": [[[121.47158770512463, 31.207757121561826], [121.47155163525349, 31.20786828817336], [121.47159656381803, 31.207879219579347], [121.47163263384198, 31.20776805248306], [121.47158770512463, 31.207757121561826]]]}}, {"type": "Feature", "properties": {"bid": 736, "stakeholder": "resident"}, "geometry": {"type": "Polygon", "coordinates": [[[121.47283194171736, 31.207938749338602], [121.47302064409361, 31.208009558739263], [121.47307268920758, 31.207909692275056], [121.47288997852208, 31.20783900906321], [121.47291700218818, 31.207786599490365], [121.47268637087062, 31.20769893410073], [121.47264133085581, 31.207787944964483], [121.47286597252969, 31.207871494400983], [121.47283194171736, 31.207938749338602]]]}}, {"type": "Feature", "properties": {"bid": 737, "stakeholder": "resident"}, "geometry": {"type": "Polygon", "coordinates": [[[121.47186713840688, 31.207944816045263], [121.47188116537473, 31.20790213841883], [121.47183723412194, 31.207891231669006], [121.47186127537681, 31.207822781054404], [121.47163263384198, 31.20776805248306], [121.47159656381803, 31.207879219579347], [121.47186713840688, 31.207944816045263]]]}}, {"type": "Feature", "properties": {"bid": 738, "stakeholder": "resident"}, "geometry": {"type": "Polygon", "coordinates": [[[121.47246245090376, 31.207881195499624], [121.47231070010889, 31.207824103292012], [121.47224464891134, 31.20795064692839], [121.4723973974118, 31.208007763122456], [121.47246245090376, 31.207881195499624]]]}}, {"type": "Feature", "properties": {"bid": 739, "stakeholder": "resident"}, "geometry": {"type": "Polygon", "coordinates": [[[121.47276891051683, 31.20803938536949], [121.47254626977065, 31.20795487003255], [121.47250723497405, 31.208033010295704], [121.4727298758578, 31.208116529425975], [121.47276891051683, 31.20803938536949]]]}}, {"type": "Feature", "properties": {"bid": 740, "stakeholder": "resident"}, "geometry": {"type": "Polygon", "coordinates": [[[121.47232134389151, 31.208148092267024], [121.47157444035338, 31.208023654209864], [121.47155436513367, 31.208120165745697], [121.47229327529544, 31.2082464420027], [121.47232134389151, 31.208148092267024]]]}}, {"type": "Feature", "properties": {"bid": 741, "stakeholder": "resident"}, "geometry": {"type": "Polygon", "coordinates": [[[121.47300759069397, 31.20830775477421], [121.47302241891833, 31.20825248520675], [121.47249727106352, 31.208148400234993], [121.47248244250612, 31.20820366980433], [121.47300759069397, 31.20830775477421]]]}}, {"type": "Feature", "properties": {"bid": 742, "stakeholder": "resident"}, "geometry": {"type": "Polygon", "coordinates": [[[121.47158516217202, 31.208273700298204], [121.47148131903485, 31.208256540488666], [121.47147427707421, 31.20830535835802], [121.47157412765682, 31.2083204364078], [121.47158516217202, 31.208273700298204]]]}}, {"type": "Feature", "properties": {"bid": 743, "stakeholder": "resident"}, "geometry": {"type": "Polygon", "coordinates": [[[121.47284656081992, 31.208282803624282], [121.47240716761416, 31.208213817963216], [121.47238809798546, 31.208302361312406], [121.47282649151227, 31.208371329451314], [121.47284656081992, 31.208282803624282]]]}}, {"type": "Feature", "properties": {"bid": 744, "stakeholder": "resident"}, "geometry": {"type": "Polygon", "coordinates": [[[121.47144132735559, 31.208299672482948], [121.4714192409224, 31.208410131323088], [121.47145219162394, 31.208414818142565], [121.47147427707421, 31.20830535835802], [121.47144132735559, 31.208299672482948]]]}}, {"type": "Feature", "properties": {"bid": 745, "stakeholder": "state"}, "geometry": {"type": "Polygon", "coordinates": [[[121.4770969825712, 31.208042154926204], [121.47683123165872, 31.207958275007904], [121.47679619609333, 31.208012581972305], [121.47706592621648, 31.208112529318555], [121.4770969825712, 31.208042154926204]]]}}, {"type": "Feature", "properties": {"bid": 746, "stakeholder": "state"}, "geometry": {"type": "Polygon", "coordinates": [[[121.47709098300288, 31.2080450417709], [121.47682423511209, 31.207959143802324], [121.47678919852956, 31.20801444989911], [121.47703287449076, 31.20817986835385], [121.47709098300288, 31.2080450417709]]]}}, {"type": "Feature", "properties": {"bid": 747, "stakeholder": "state"}, "geometry": {"type": "Polygon", "coordinates": [[[121.47706592621648, 31.208112529318555], [121.47679619609333, 31.208012581972305], [121.47703787460433, 31.20817696317766], [121.47706592621648, 31.208112529318555]]]}}, {"type": "Feature", "properties": {"bid": 748, "stakeholder": "state"}, "geometry": {"type": "Polygon", "coordinates": [[[121.47669615511938, 31.208111639504807], [121.47688196649551, 31.208179063202177], [121.47691101780686, 31.208113651076204], [121.4767162126343, 31.208045062796767], [121.47669321629064, 31.20805562449476], [121.47668019114917, 31.208087357699064], [121.476703167363, 31.20809578220855], [121.47669615511938, 31.208111639504807]]]}}, {"type": "Feature", "properties": {"bid": 749, "stakeholder": "state"}, "geometry": {"type": "Polygon", "coordinates": [[[121.47774449687631, 31.20817892603975], [121.47717498280588, 31.207999627797506], [121.47711887535367, 31.20813149622074], [121.47768838437823, 31.208310812802956], [121.47774449687631, 31.20817892603975]]]}}, {"type": "Feature", "properties": {"bid": 750, "stakeholder": "state"}, "geometry": {"type": "Polygon", "coordinates": [[[121.47695082180269, 31.20827627548556], [121.47661923751504, 31.208081218540766], [121.47655819049557, 31.208164012052517], [121.47689276879908, 31.208360135122692], [121.47695082180269, 31.20827627548556]]]}}, {"type": "Feature", "properties": {"bid": 751, "stakeholder": "state"}, "geometry": {"type": "Polygon", "coordinates": [[[121.4773299374617, 31.208309589412014], [121.4772014213793, 31.208283765122108], [121.47719140618119, 31.20832058523216], [121.47731992231789, 31.20834640952191], [121.4773299374617, 31.208309589412014]]]}}, {"type": "Feature", "properties": {"bid": 752, "stakeholder": "state"}, "geometry": {"type": "Polygon", "coordinates": [[[121.47687975180712, 31.208383875649933], [121.47658212760793, 31.208208430424637], [121.47654509611799, 31.20826169591919], [121.47684271868377, 31.208437147141805], [121.47687975180712, 31.208383875649933]]]}}, {"type": "Feature", "properties": {"bid": 753, "stakeholder": "state"}, "geometry": {"type": "Polygon", "coordinates": [[[121.47789624826817, 31.208348551094723], [121.47809010467017, 31.208405998408807], [121.47814121878777, 31.208278005910994], [121.47788140913313, 31.208202387644633], [121.47782227993785, 31.208350212967677], [121.47788822988308, 31.208369391432136], [121.47789624826817, 31.208348551094723]]]}}, {"type": "Feature", "properties": {"bid": 754, "stakeholder": "state"}, "geometry": {"type": "Polygon", "coordinates": [[[121.47832596072544, 31.20845517679941], [121.47834794696598, 31.2084605640016], [121.47839004458399, 31.2083533885231], [121.47815720679978, 31.208283288330282], [121.47809206069759, 31.208447004198717], [121.47830291087189, 31.2085107268374], [121.47832596072544, 31.20845517679941]]]}}, {"type": "Feature", "properties": {"bid": 755, "stakeholder": "state"}, "geometry": {"type": "Polygon", "coordinates": [[[121.47854084140033, 31.208496956079557], [121.4783889534242, 31.208440307028074], [121.47834688221894, 31.208522500833958], [121.4784977694843, 31.20857913616026], [121.47854084140033, 31.208496956079557]]]}}, {"type": "Feature", "properties": {"bid": 756, "stakeholder": "resident"}, "geometry": {"type": "Polygon", "coordinates": [[[121.47863564215618, 31.208657512840485], [121.47891247422992, 31.208741301429704], [121.47897562025992, 31.208586511037822], [121.47869978488802, 31.208502751028956], [121.47863564215618, 31.208657512840485]]]}}, {"type": "Feature", "properties": {"bid": 757, "stakeholder": "state"}, "geometry": {"type": "Polygon", "coordinates": [[[121.4779059526744, 31.20862552851509], [121.47800485117445, 31.20868127062021], [121.47805289705299, 31.20861817914613], [121.47783112633795, 31.20849227157447], [121.47766096438943, 31.20872302006608], [121.47778383353773, 31.208792201469297], [121.4779059526744, 31.20862552851509]]]}}, {"type": "Feature", "properties": {"bid": 758, "stakeholder": "resident"}, "geometry": {"type": "Polygon", "coordinates": [[[121.47841460183862, 31.208766529365903], [121.478247745035, 31.208688616627622], [121.47821871072743, 31.20873206740179], [121.47838156510498, 31.208812909961633], [121.47841460183862, 31.208766529365903]]]}}, {"type": "Feature", "properties": {"bid": 759, "stakeholder": "resident"}, "geometry": {"type": "Polygon", "coordinates": [[[121.47816373654882, 31.20872808758071], [121.4780856452528, 31.208845604823573], [121.47834741843009, 31.208965194754743], [121.4784365184397, 31.208838866423154], [121.47821871072743, 31.20873206740179], [121.47820769639166, 31.20874985798661], [121.47816373654882, 31.20872808758071]]]}}, {"type": "Feature", "properties": {"bid": 760, "stakeholder": "resident"}, "geometry": {"type": "Polygon", "coordinates": [[[121.4790149490899, 31.209219743067134], [121.47911607720243, 31.209073599352557], [121.47882830323634, 31.20892670024903], [121.47878224624539, 31.208993846711103], [121.47876126417418, 31.20898248729514], [121.47873522750967, 31.20902500060942], [121.47874516401873, 31.20908313347826], [121.4790149490899, 31.209219743067134]]]}}, {"type": "Feature", "properties": {"bid": 761, "stakeholder": "resident"}, "geometry": {"type": "Polygon", "coordinates": [[[121.47911952028221, 31.20864896162477], [121.47910849259073, 31.208677750326498], [121.47917945568632, 31.208697961967395], [121.47918948374456, 31.20866915552926], [121.47922446529628, 31.208679750933626], [121.4792324844617, 31.20865990321726], [121.47909655529726, 31.208620584575442], [121.47908853736976, 31.20863943231995], [121.47911952028221, 31.20864896162477]]]}}, {"type": "Feature", "properties": {"bid": 762, "stakeholder": "resident"}, "geometry": {"type": "Polygon", "coordinates": [[[121.47907744585882, 31.208729176190214], [121.47908245716282, 31.208717271475336], [121.47916841115146, 31.208742739402116], [121.47916340081872, 31.20875364512557], [121.47920537747676, 31.208767359494395], [121.47919034222822, 31.208804074056847], [121.47925530775888, 31.208824178837393], [121.4792693423475, 31.208788445730647], [121.47929033262268, 31.208793802716976], [121.47933543210229, 31.208690650591727], [121.4792324844617, 31.20865990321726], [121.47922446529628, 31.208679750933626], [121.47918948374456, 31.20866915552926], [121.47917945568632, 31.208697961967395], [121.47910849259073, 31.208677750326498], [121.47911952028221, 31.20864896162477], [121.47908853736976, 31.20863943231995], [121.47909655529726, 31.208620584575442], [121.47897562025992, 31.208586511037822], [121.47893252096127, 31.208691686039003], [121.47895550936607, 31.20869708232402], [121.47894047581578, 31.208732795205893], [121.479026428598, 31.208757271667302], [121.47904146446545, 31.208719559422438], [121.47907744585882, 31.208729176190214]]]}}, {"type": "Feature", "properties": {"bid": 763, "stakeholder": "resident"}, "geometry": {"type": "Polygon", "coordinates": [[[121.47916340081872, 31.20875364512557], [121.47916841115146, 31.208742739402116], [121.47908245716282, 31.208717271475336], [121.47907744585882, 31.208729176190214], [121.47904146446545, 31.208719559422438], [121.479026428598, 31.208757271667302], [121.47919034222822, 31.208804074056847], [121.47920537747676, 31.208767359494395], [121.47916340081872, 31.20875364512557]]]}}, {"type": "Feature", "properties": {"bid": 764, "stakeholder": "resident"}, "geometry": {"type": "Polygon", "coordinates": [[[121.47933543210229, 31.208690650591727], [121.47926728216191, 31.20884636898813], [121.47938522032835, 31.208884365586357], [121.47945337272371, 31.20872764266619], [121.47933543210229, 31.208690650591727]]]}}, {"type": "Feature", "properties": {"bid": 765, "stakeholder": "resident"}, "geometry": {"type": "Polygon", "coordinates": [[[121.4795281495917, 31.20892977348564], [121.4795963037051, 31.208773044146998], [121.47945337272371, 31.20872764266619], [121.47938522032835, 31.208884365586357], [121.4795281495917, 31.20892977348564]]]}}, {"type": "Feature", "properties": {"bid": 766, "stakeholder": "resident"}, "geometry": {"type": "Polygon", "coordinates": [[[121.47943561553336, 31.209457819524335], [121.47938854803033, 31.209530962656626], [121.47936256550987, 31.209518526499437], [121.47938750388177, 31.209573914315012], [121.47942646039974, 31.20960955541046], [121.47951841726534, 31.20963710487911], [121.47962543321296, 31.20960694516845], [121.47967448903205, 31.209546819060453], [121.47971762574194, 31.20940964607103], [121.47987791416735, 31.209116554762833], [121.47988094507137, 31.209086626970535], [121.47986097832985, 31.209056313186135], [121.47964207961023, 31.20898167197418], [121.4796210389518, 31.20902328552626], [121.47974495003461, 31.209094331876706], [121.47958468936997, 31.209364425718437], [121.47934384656493, 31.209250396083803], [121.47921566693334, 31.209448052401633], [121.47930660272563, 31.20949258497745], [121.47935467039133, 31.20941846222417], [121.47943561553336, 31.209457819524335]]]}}, {"type": "Feature", "properties": {"bid": 767, "stakeholder": "developer"}, "geometry": {"type": "Polygon", "coordinates": [[[121.47463242722846, 31.207538293605687], [121.47490501030224, 31.207689554763984], [121.47515014008344, 31.207360589934517], [121.47483760740283, 31.207188589286485], [121.47455947450669, 31.207559835428075], [121.47459941063187, 31.20758360849498], [121.47463242722846, 31.207538293605687]]]}}, {"type": "Feature", "properties": {"bid": 768, "stakeholder": "developer"}, "geometry": {"type": "Polygon", "coordinates": [[[121.47508194727027, 31.207598087353404], [121.47510191626134, 31.20761046886168], [121.47528802313663, 31.207357279527283], [121.47520614092993, 31.20731371606263], [121.47491898336044, 31.207702819601533], [121.47497989141868, 31.207736989893363], [121.47508194727027, 31.207598087353404]]]}}, {"type": "Feature", "properties": {"bid": 769, "stakeholder": "developer"}, "geometry": {"type": "Polygon", "coordinates": [[[121.47450036300667, 31.207718551071366], [121.47412289278122, 31.20757614085157], [121.47409386368805, 31.207631520965215], [121.47403794510285, 31.207609418044676], [121.47398489413764, 31.20770928402147], [121.47441827975626, 31.20787281248994], [121.47450036300667, 31.207718551071366]]]}}, {"type": "Feature", "properties": {"bid": 770, "stakeholder": "developer"}, "geometry": {"type": "Polygon", "coordinates": [[[121.47430433093132, 31.207931505276235], [121.47433736605103, 31.20786720852732], [121.47400184738103, 31.20773660417598], [121.47393578008507, 31.2078651878134], [121.47410952983887, 31.20793062032879], [121.47414256090666, 31.20786932410897], [121.47430433093132, 31.207931505276235]]]}}, {"type": "Feature", "properties": {"bid": 771, "stakeholder": "developer"}, "geometry": {"type": "Polygon", "coordinates": [[[121.47468194343935, 31.207948977709115], [121.47482274766914, 31.208008709698284], [121.47476869571507, 31.208105576466554], [121.47482361998787, 31.208128641233202], [121.4750098042125, 31.207793535561617], [121.47495487753702, 31.20777147476668], [121.47494186421044, 31.207795202523126], [121.47490791089706, 31.20778054660895], [121.4749259290328, 31.207747923654825], [121.47479011607265, 31.207690295124443], [121.47474006956918, 31.207778246272884], [121.47465319098774, 31.207741558301105], [121.47450905638402, 31.20799952252066], [121.47462489012254, 31.208050778172833], [121.47468194343935, 31.207948977709115]]]}}, {"type": "Feature", "properties": {"bid": 772, "stakeholder": "developer"}, "geometry": {"type": "Polygon", "coordinates": [[[121.47437731059006, 31.20788199212245], [121.47433736605103, 31.20786720852732], [121.47430433093132, 31.207931505276235], [121.47414256090666, 31.20786932410897], [121.47410952983887, 31.20793062032879], [121.4743112412923, 31.208009587052466], [121.47437731059006, 31.20788199212245]]]}}, {"type": "Feature", "properties": {"bid": 773, "stakeholder": "developer"}, "geometry": {"type": "Polygon", "coordinates": [[[121.47432819646326, 31.208035905634635], [121.474102518147, 31.207948467423243], [121.47405046725828, 31.208047355713745], [121.47427614412231, 31.208134798943604], [121.47432819646326, 31.208035905634635]]]}}, {"type": "Feature", "properties": {"bid": 774, "stakeholder": "developer"}, "geometry": {"type": "Polygon", "coordinates": [[[121.47480374356861, 31.208029321013953], [121.47469689081596, 31.20798524677616], [121.47464884449175, 31.208072236142296], [121.47475469648545, 31.208117292298773], [121.47480374356861, 31.208029321013953]]]}}, {"type": "Feature", "properties": {"bid": 775, "stakeholder": "developer"}, "geometry": {"type": "Polygon", "coordinates": [[[121.47517220723331, 31.20822040546677], [121.47531102973313, 31.208274071147176], [121.47536509833265, 31.20816519947516], [121.47523126719398, 31.208114632444904], [121.47524028028522, 31.20809482217202], [121.47492169334227, 31.20797367910689], [121.47484860470242, 31.20812113797615], [121.47516219622923, 31.208239196713865], [121.47517220723331, 31.20822040546677]]]}}, {"type": "Feature", "properties": {"bid": 776, "stakeholder": "developer"}, "geometry": {"type": "Polygon", "coordinates": [[[121.47484842870824, 31.208288015477308], [121.47481047954498, 31.208273279504514], [121.47483650326409, 31.208227823889388], [121.47472166181389, 31.208179596657935], [121.47470064206732, 31.208217155266986], [121.47443701325778, 31.208107017117023], [121.4743969797355, 31.208176172902657], [121.47481339673152, 31.20834928273592], [121.47484842870824, 31.208288015477308]]]}}, {"type": "Feature", "properties": {"bid": 777, "stakeholder": "developer"}, "geometry": {"type": "Polygon", "coordinates": [[[121.47567587538867, 31.208132234352934], [121.47558797926025, 31.208101560898225], [121.47552288224198, 31.20824420100541], [121.4756117788487, 31.208272898016222], [121.47567587538867, 31.208132234352934]]]}}, {"type": "Feature", "properties": {"bid": 778, "stakeholder": "developer"}, "geometry": {"type": "Polygon", "coordinates": [[[121.475924666026, 31.2081450030459], [121.47596162537286, 31.20815670179507], [121.47595461502647, 31.208171557117172], [121.47585972178331, 31.208139762596776], [121.4758316819441, 31.20819818303641], [121.47590060271432, 31.208222486965603], [121.47589259218945, 31.20823832221555], [121.47584164968363, 31.208221357732047], [121.47581460709127, 31.208281795646084], [121.47596543679674, 31.208332649082767], [121.47598246668736, 31.2082920036288], [121.47594351087241, 31.20827826852633], [121.47598256784308, 31.208196074038824], [121.47601852724883, 31.208208751905435], [121.47605759743965, 31.208114564771957], [121.47595471214663, 31.208079624648978], [121.475924666026, 31.2081450030459]]]}}, {"type": "Feature", "properties": {"bid": 779, "stakeholder": "developer"}, "geometry": {"type": "Polygon", "coordinates": [[[121.47605648426806, 31.208222466472705], [121.47601942533856, 31.208304700566146], [121.47598246668736, 31.2082920036288], [121.47596543679674, 31.208332649082767], [121.4761052826117, 31.208379284725478], [121.47613232421885, 31.208320841336498], [121.47608138085491, 31.208302883786928], [121.47609039399426, 31.20828406899312], [121.47613834179354, 31.208299970763107], [121.47616538361991, 31.20824152694092], [121.47608047643519, 31.208212930757714], [121.47608848825507, 31.208196095480726], [121.47613343933801, 31.208210941010513], [121.47616248289445, 31.208149537470085], [121.47605759743965, 31.208114564771957], [121.47601852724883, 31.208208751905435], [121.47605648426806, 31.208222466472705]]]}}, {"type": "Feature", "properties": {"bid": 780, "stakeholder": "developer"}, "geometry": {"type": "Polygon", "coordinates": [[[121.47605648426806, 31.208222466472705], [121.47598256784308, 31.208196074038824], [121.47594351087241, 31.20827826852633], [121.47598246668736, 31.2082920036288], [121.47601942533856, 31.208304700566146], [121.47605648426806, 31.208222466472705]]]}}, {"type": "Feature", "properties": {"bid": 781, "stakeholder": "developer"}, "geometry": {"type": "Polygon", "coordinates": [[[121.47533586788404, 31.208407458868468], [121.47550265844087, 31.208472646864266], [121.47553369616298, 31.208412290268136], [121.4756215885749, 31.208445963899806], [121.4756115769735, 31.208464757327995], [121.4756605162704, 31.208484686971868], [121.47568854983818, 31.208431265159614], [121.47563960930098, 31.208412335463436], [121.47564661714627, 31.208399479756334], [121.47552776431927, 31.20835221838183], [121.47553577331632, 31.208337383833282], [121.4753549890362, 31.20827692342095], [121.47533396742199, 31.208314488211162], [121.47537491475839, 31.208331271593515], [121.47533586788404, 31.208407458868468]]]}}, {"type": "Feature", "properties": {"bid": 782, "stakeholder": "state"}, "geometry": {"type": "Polygon", "coordinates": [[[121.47646706831654, 31.208338171433294], [121.47644808906536, 31.208330818658055], [121.47647414342704, 31.208262358968224], [121.47645116698347, 31.208254930907916], [121.47629388364112, 31.20862869032278], [121.4763468284043, 31.208645680804356], [121.47646706831654, 31.208338171433294]]]}}, {"type": "Feature", "properties": {"bid": 783, "stakeholder": "developer"}, "geometry": {"type": "Polygon", "coordinates": [[[121.47579646069062, 31.20843433842146], [121.47576649759037, 31.208421771682197], [121.47574747628664, 31.20845638131539], [121.47569354151928, 31.208435358375702], [121.47566551108207, 31.208485782454492], [121.475750407727, 31.20851939279197], [121.47579646069062, 31.20843433842146]]]}}, {"type": "Feature", "properties": {"bid": 784, "stakeholder": "developer"}, "geometry": {"type": "Polygon", "coordinates": [[[121.47562555584351, 31.20847402044551], [121.47558461113636, 31.20845324496162], [121.47555057365503, 31.20851554298451], [121.4755935217405, 31.20853136137134], [121.47562555584351, 31.20847402044551]]]}}, {"type": "Feature", "properties": {"bid": 785, "stakeholder": "developer"}, "geometry": {"type": "Polygon", "coordinates": [[[121.47622905933429, 31.208505548507848], [121.47599731198193, 31.20842819015575], [121.47595925236816, 31.20851240267109], [121.47618999920064, 31.208589746593308], [121.47622905933429, 31.208505548507848]]]}}, {"type": "Feature", "properties": {"bid": 786, "stakeholder": "developer"}, "geometry": {"type": "Polygon", "coordinates": [[[121.4754945237231, 31.20860739348013], [121.47552349066926, 31.208615947857762], [121.47549144778974, 31.20868228065711], [121.47554238876707, 31.208698254723974], [121.47561048968804, 31.20854867656947], [121.47545367517615, 31.208495681963264], [121.47534752519347, 31.20872445971435], [121.47542742850749, 31.20875199086413], [121.4754945237231, 31.20860739348013]]]}}, {"type": "Feature", "properties": {"bid": 787, "stakeholder": "developer"}, "geometry": {"type": "Polygon", "coordinates": [[[121.47479541179291, 31.208350927585904], [121.47440693907528, 31.208205349906738], [121.47438191273648, 31.2082538181985], [121.47475937165495, 31.208421167764694], [121.47479541179291, 31.208350927585904]]]}}, {"type": "Feature", "properties": {"bid": 788, "stakeholder": "developer"}, "geometry": {"type": "Polygon", "coordinates": [[[121.47517195365913, 31.208308480592613], [121.47521794240465, 31.208344497775908], [121.47523889466504, 31.20832473397921], [121.47519290592574, 31.208288716803306], [121.47517195365913, 31.208308480592613]]]}}, {"type": "Feature", "properties": {"bid": 789, "stakeholder": "developer"}, "geometry": {"type": "Polygon", "coordinates": [[[121.47464750420954, 31.208395978817236], [121.47435389588453, 31.208296231086653], [121.47433687321461, 31.208333865750028], [121.47462948188671, 31.208433595960464], [121.47464750420954, 31.208395978817236]]]}}, {"type": "Feature", "properties": {"bid": 790, "stakeholder": "developer"}, "geometry": {"type": "Polygon", "coordinates": [[[121.47534582551293, 31.208439629424277], [121.47487244286016, 31.20825351210806], [121.47480737091325, 31.208379142876588], [121.47527975246896, 31.20856325668239], [121.47534582551293, 31.208439629424277]]]}}, {"type": "Feature", "properties": {"bid": 791, "stakeholder": "developer"}, "geometry": {"type": "Polygon", "coordinates": [[[121.474305790353, 31.20844217016934], [121.47421991137003, 31.208409482544997], [121.47414784565228, 31.20854195013282], [121.47423372491619, 31.20857364114426], [121.474305790353, 31.20844217016934]]]}}, {"type": "Feature", "properties": {"bid": 792, "stakeholder": "developer"}, "geometry": {"type": "Polygon", "coordinates": [[[121.47441143443086, 31.20868110048877], [121.47449431566999, 31.208716719480098], [121.47457038884295, 31.208576325861603], [121.47430576202068, 31.208469150401065], [121.47426372332586, 31.208546258433724], [121.474291684101, 31.208556807788565], [121.47424564136166, 31.208641830181584], [121.47440342786865, 31.208694931655025], [121.47441143443086, 31.20868110048877]]]}}, {"type": "Feature", "properties": {"bid": 793, "stakeholder": "developer"}, "geometry": {"type": "Polygon", "coordinates": [[[121.4743175381934, 31.20867124102796], [121.47422766621969, 31.208635476393678], [121.47419763873029, 31.208690838191675], [121.47421561276019, 31.208698191480153], [121.47428850830147, 31.20872762313462], [121.4743175381934, 31.20867124102796]]]}}, {"type": "Feature", "properties": {"bid": 794, "stakeholder": "developer"}, "geometry": {"type": "Polygon", "coordinates": [[[121.47509076638778, 31.208708467322708], [121.47475621616057, 31.2085719982245], [121.47470916934174, 31.208659008841494], [121.4750437164795, 31.208796484468504], [121.47509076638778, 31.208708467322708]]]}}, {"type": "Feature", "properties": {"bid": 795, "stakeholder": "developer"}, "geometry": {"type": "Polygon", "coordinates": [[[121.47435037609807, 31.20879480643389], [121.47440342786865, 31.208694931655025], [121.47434151581263, 31.208669719101408], [121.47428746442915, 31.208770571843722], [121.47435037609807, 31.20879480643389]]]}}, {"type": "Feature", "properties": {"bid": 796, "stakeholder": "developer"}, "geometry": {"type": "Polygon", "coordinates": [[[121.47424346690038, 31.20881066690537], [121.47426743905758, 31.20881414208713], [121.47427045057658, 31.208800211964668], [121.47434136752086, 31.208811615353852], [121.47435037609807, 31.20879480643389], [121.47428746442915, 31.208770571843722], [121.47434151581263, 31.208669719101408], [121.4743175381934, 31.20867124102796], [121.47428850830147, 31.20872762313462], [121.47421561276019, 31.208698191480153], [121.47416856967038, 31.208785191064912], [121.47424647841046, 31.208796736814012], [121.47424346690038, 31.20881066690537]]]}}, {"type": "Feature", "properties": {"bid": 797, "stakeholder": "state"}, "geometry": {"type": "Polygon", "coordinates": [[[121.47686762916739, 31.20850756146347], [121.47655203546935, 31.20831478857854], [121.47656604373572, 31.208298064008886], [121.47653508617282, 31.208277496250904], [121.47648204726977, 31.20834844652626], [121.47682859752115, 31.208560795473936], [121.47686762916739, 31.20850756146347]]]}}, {"type": "Feature", "properties": {"bid": 798, "stakeholder": "state"}, "geometry": {"type": "Polygon", "coordinates": [[[121.4777151805621, 31.20849217009356], [121.47723259017619, 31.208340447228167], [121.47718449925445, 31.20845247989717], [121.47766808547816, 31.208604234269778], [121.4777151805621, 31.20849217009356]]]}}, {"type": "Feature", "properties": {"bid": 799, "stakeholder": "state"}, "geometry": {"type": "Polygon", "coordinates": [[[121.47680457948547, 31.208592324591905], [121.47650996251889, 31.208410927964056], [121.47652097064179, 31.20839614582502], [121.4764940052155, 31.20838064892717], [121.47644296957594, 31.208447638711043], [121.47676654871488, 31.208644576693416], [121.47680457948547, 31.208592324591905]]]}}, {"type": "Feature", "properties": {"bid": 800, "stakeholder": "state"}, "geometry": {"type": "Polygon", "coordinates": [[[121.47676351613258, 31.20867749654303], [121.47646990015232, 31.20849611217875], [121.47647790713553, 31.20848427159285], [121.47645393870641, 31.208469829860228], [121.47640490102357, 31.208537855598358], [121.47672348388267, 31.208732708243307], [121.47676351613258, 31.20867749654303]]]}}, {"type": "Feature", "properties": {"bid": 801, "stakeholder": "state"}, "geometry": {"type": "Polygon", "coordinates": [[[121.47657057757624, 31.208738835064473], [121.47668043724319, 31.208803851255986], [121.476717467992, 31.208751582178408], [121.47660161495139, 31.208683457829913], [121.4765926074873, 31.208696279460113], [121.4764238267054, 31.208596171491997], [121.47643383743277, 31.208579372452675], [121.47640687233364, 31.208563874298417], [121.47635983369196, 31.208631936638202], [121.47656056981272, 31.20875263703703], [121.47657057757624, 31.208738835064473]]]}}, {"type": "Feature", "properties": {"bid": 802, "stakeholder": "state"}, "geometry": {"type": "Polygon", "coordinates": [[[121.47733417104509, 31.20868607068087], [121.47712239000396, 31.208590233709234], [121.4770493072399, 31.208709794993354], [121.47726108693757, 31.208804641432828], [121.47733417104509, 31.20868607068087]]]}}, {"type": "Feature", "properties": {"bid": 803, "stakeholder": "state"}, "geometry": {"type": "Polygon", "coordinates": [[[121.47749299202361, 31.208776917858465], [121.47739609476594, 31.208727178453668], [121.47734105941299, 31.2087891238749], [121.47744195156338, 31.20884093806376], [121.47749299202361, 31.208776917858465]]]}}, {"type": "Feature", "properties": {"bid": 804, "stakeholder": "state"}, "geometry": {"type": "Polygon", "coordinates": [[[121.47722801929842, 31.20888697337784], [121.47708618033084, 31.208810406639266], [121.47702513074249, 31.208892216745532], [121.4771659700109, 31.20896777062864], [121.47722801929842, 31.20888697337784]]]}}, {"type": "Feature", "properties": {"bid": 805, "stakeholder": "state"}, "geometry": {"type": "Polygon", "coordinates": [[[121.47781967428854, 31.208928753263148], [121.47761189420898, 31.20881306258707], [121.477527810634, 31.208933442883733], [121.47773558796143, 31.20904914379536], [121.47781967428854, 31.208928753263148]]]}}, {"type": "Feature", "properties": {"bid": 806, "stakeholder": "state"}, "geometry": {"type": "Polygon", "coordinates": [[[121.47736887687755, 31.208949520689487], [121.4772889770328, 31.208895090622324], [121.47724493444277, 31.208959233822043], [121.47732483271864, 31.209014665170454], [121.47736887687755, 31.208949520689487]]]}}, {"type": "Feature", "properties": {"bid": 807, "stakeholder": "developer"}, "geometry": {"type": "Polygon", "coordinates": [[[121.47391338247564, 31.208263454241262], [121.47387044463323, 31.208247603395655], [121.47383341002829, 31.208317809161084], [121.47387634557697, 31.208335659196504], [121.47391338247564, 31.208263454241262]]]}}, {"type": "Feature", "properties": {"bid": 808, "stakeholder": "developer"}, "geometry": {"type": "Polygon", "coordinates": [[[121.47357575871683, 31.208251663268744], [121.47349887476481, 31.20822212954574], [121.47343481791042, 31.20834374578107], [121.47351269911576, 31.208374300909263], [121.47357575871683, 31.208251663268744]]]}}, {"type": "Feature", "properties": {"bid": 809, "stakeholder": "developer"}, "geometry": {"type": "Polygon", "coordinates": [[[121.47380341848873, 31.208340190122897], [121.47357575871683, 31.208251663268744], [121.47351269911576, 31.208374300909263], [121.47374135716292, 31.208461854370967], [121.47380341848873, 31.208340190122897]]]}}, {"type": "Feature", "properties": {"bid": 810, "stakeholder": "developer"}, "geometry": {"type": "Polygon", "coordinates": [[[121.47384901734462, 31.208675868162572], [121.47394188052932, 31.208712706416406], [121.47417310206244, 31.208273645422484], [121.47397438871963, 31.208196725418077], [121.4737752025294, 31.208574455713975], [121.47388104547076, 31.208616553745742], [121.47384901734462, 31.208675868162572]]]}}, {"type": "Feature", "properties": {"bid": 811, "stakeholder": "developer"}, "geometry": {"type": "Polygon", "coordinates": [[[121.47371232301055, 31.208524225079206], [121.47317115616625, 31.20830641646933], [121.47309609830894, 31.20844378919014], [121.4731160663523, 31.208452190329865], [121.47308404013438, 31.208512494419942], [121.47360323465888, 31.208721883877736], [121.47371232301055, 31.208524225079206]]]}}, {"type": "Feature", "properties": {"bid": 812, "stakeholder": "developer"}, "geometry": {"type": "Polygon", "coordinates": [[[121.47388104547076, 31.208616553745742], [121.4737752025294, 31.208574455713975], [121.47374417266043, 31.208634788114406], [121.47384901734462, 31.208675868162572], [121.47388104547076, 31.208616553745742]]]}}, {"type": "Feature", "properties": {"bid": 813, "stakeholder": "developer"}, "geometry": {"type": "Polygon", "coordinates": [[[121.47394188052932, 31.208712706416406], [121.47374417266043, 31.208634788114406], [121.47370613816143, 31.208706970563572], [121.47390384618588, 31.208783892680387], [121.47394188052932, 31.208712706416406]]]}}, {"type": "Feature", "properties": {"bid": 814, "stakeholder": "developer"}, "geometry": {"type": "Polygon", "coordinates": [[[121.47390077226191, 31.208857778536245], [121.47393480035078, 31.208796504889847], [121.47370613816143, 31.208706970563572], [121.47367210995083, 31.208769240296764], [121.47390077226191, 31.208857778536245]]]}}, {"type": "Feature", "properties": {"bid": 815, "stakeholder": "state"}, "geometry": {"type": "Polygon", "coordinates": [[[121.47340097504528, 31.209382006163068], [121.47336766431175, 31.20946212417076], [121.47356445203137, 31.209522566011994], [121.47359776258574, 31.209442447983882], [121.47340097504528, 31.209382006163068]]]}}, {"type": "Feature", "properties": {"bid": 816, "stakeholder": "resident"}, "geometry": {"type": "Polygon", "coordinates": [[[121.47317787244164, 31.209530685487206], [121.47299916608506, 31.20944709988014], [121.47295614844847, 31.209513174166315], [121.4731368516234, 31.209596803324807], [121.47317787244164, 31.209530685487206]]]}}, {"type": "Feature", "properties": {"bid": 817, "stakeholder": "developer"}, "geometry": {"type": "Polygon", "coordinates": [[[121.47445637037528, 31.208699978944185], [121.47441143443086, 31.20868110048877], [121.47435137821128, 31.208791828474315], [121.47439731281086, 31.20881072794157], [121.47445637037528, 31.208699978944185]]]}}, {"type": "Feature", "properties": {"bid": 818, "stakeholder": "developer"}, "geometry": {"type": "Polygon", "coordinates": [[[121.47482599652983, 31.20871926732184], [121.47481297964738, 31.208746991514374], [121.4749238330502, 31.208789140094154], [121.47493884720494, 31.208762453683157], [121.47482599652983, 31.20871926732184]]]}}, {"type": "Feature", "properties": {"bid": 819, "stakeholder": "developer"}, "geometry": {"type": "Polygon", "coordinates": [[[121.47461906479283, 31.208841100328463], [121.47460008968744, 31.20883472971975], [121.47469219940025, 31.2086456835188], [121.47465524791971, 31.20863296310454], [121.47450506592543, 31.208945769912418], [121.47456099270573, 31.208963864635273], [121.47461906479283, 31.208841100328463]]]}}, {"type": "Feature", "properties": {"bid": 820, "stakeholder": "developer"}, "geometry": {"type": "Polygon", "coordinates": [[[121.47431636694512, 31.208836100624357], [121.47432239001762, 31.208808240247613], [121.47427045057658, 31.208800211964668], [121.47426743905758, 31.20881414208713], [121.47424346690038, 31.20881066690537], [121.47424647841046, 31.208796736814012], [121.47416856967038, 31.208785191064912], [121.47416254462757, 31.20881504958452], [121.47431636694512, 31.208836100624357]]]}}, {"type": "Feature", "properties": {"bid": 821, "stakeholder": "developer"}, "geometry": {"type": "Polygon", "coordinates": [[[121.47468897675311, 31.208861466612063], [121.47478085373668, 31.2088962531077], [121.47480487457892, 31.20885475546311], [121.47496865760479, 31.208917927934063], [121.47499167687772, 31.208879406472864], [121.47505359572928, 31.2089036017174], [121.47503057418545, 31.20894412238391], [121.47510547532318, 31.208974565812802], [121.47520464867524, 31.20872467902598], [121.47512175489646, 31.208693083830386], [121.47505369059786, 31.208812668151495], [121.47501474111279, 31.208797916176938], [121.47500472844332, 31.208818705291158], [121.47493382160451, 31.208791334555247], [121.47491380173187, 31.208827915644353], [121.47468211292814, 31.20873741925601], [121.47461905019816, 31.208855090107754], [121.47467996777152, 31.208878276877044], [121.47468897675311, 31.208861466612063]]]}}, {"type": "Feature", "properties": {"bid": 822, "stakeholder": "developer"}, "geometry": {"type": "Polygon", "coordinates": [[[121.47481778094006, 31.208932953931928], [121.47460801097078, 31.20890283799395], [121.47460198458373, 31.208933696944875], [121.4748127534375, 31.208963833097478], [121.47481778094006, 31.208932953931928]]]}}, {"type": "Feature", "properties": {"bid": 823, "stakeholder": "developer"}, "geometry": {"type": "Polygon", "coordinates": [[[121.47509048691394, 31.208976271646513], [121.4748247721999, 31.208935089961244], [121.47481573393623, 31.208979880360566], [121.47508045132894, 31.209019045091736], [121.47509048691394, 31.208976271646513]]]}}, {"type": "Feature", "properties": {"bid": 824, "stakeholder": "state"}, "geometry": {"type": "Polygon", "coordinates": [[[121.4751058258661, 31.209601129131226], [121.47505595387973, 31.20952021113249], [121.47495000356857, 31.209565103895613], [121.47499987281333, 31.209648022920707], [121.4751058258661, 31.209601129131226]]]}}, {"type": "Feature", "properties": {"bid": 825, "stakeholder": "resident"}, "geometry": {"type": "Polygon", "coordinates": [[[121.47428362214092, 31.209774318467595], [121.47430412614527, 31.209710535130384], [121.47419811126568, 31.20968535930903], [121.47417760718375, 31.209749142643428], [121.47428362214092, 31.209774318467595]]]}}, {"type": "Feature", "properties": {"bid": 826, "stakeholder": "resident"}, "geometry": {"type": "Polygon", "coordinates": [[[121.47512059983352, 31.209808271634532], [121.4750905534745, 31.209879634195204], [121.4751784481831, 31.20990633177052], [121.47520649770333, 31.209833929761537], [121.47512059983352, 31.209808271634532]]]}}, {"type": "Feature", "properties": {"bid": 827, "stakeholder": "state"}, "geometry": {"type": "Polygon", "coordinates": [[[121.47712696498274, 31.208994030907427], [121.47691021995138, 31.20887309459596], [121.4768301594503, 31.20897852730723], [121.47704590245985, 31.209099454743296], [121.47712696498274, 31.208994030907427]]]}}, {"type": "Feature", "properties": {"bid": 828, "stakeholder": "state"}, "geometry": {"type": "Polygon", "coordinates": [[[121.47752853663211, 31.209196269364327], [121.47756256964816, 31.209147925067946], [121.47766845823138, 31.2092048136713], [121.47772951918591, 31.209117984727985], [121.47762463011337, 31.20906011882375], [121.47766066801078, 31.209006812665834], [121.477527810634, 31.208933442883733], [121.47739568303096, 31.20912189013501], [121.47752853663211, 31.209196269364327]]]}}, {"type": "Feature", "properties": {"bid": 829, "stakeholder": "state"}, "geometry": {"type": "Polygon", "coordinates": [[[121.47667110277541, 31.20913044419092], [121.47696176435784, 31.209280763983994], [121.47701180907823, 31.209208744665485], [121.47672014805948, 31.209056415630243], [121.47671114051106, 31.209069237862593], [121.47645944393561, 31.208938600027288], [121.47640340033298, 31.2090174860304], [121.47665808970089, 31.209151185447634], [121.47667110277541, 31.20913044419092]]]}}, {"type": "Feature", "properties": {"bid": 830, "stakeholder": "state"}, "geometry": {"type": "Polygon", "coordinates": [[[121.47684568257738, 31.209428497703644], [121.47689773106754, 31.209350523071006], [121.47664502688906, 31.20921989165777], [121.47628937974831, 31.20911425979898], [121.47638956761138, 31.208866332051684], [121.47625270671448, 31.208825769326214], [121.47612745352285, 31.209156154353312], [121.47661695262491, 31.20930930130635], [121.47684568257738, 31.209428497703644]]]}}, {"type": "Feature", "properties": {"bid": 831, "stakeholder": "state"}, "geometry": {"type": "Polygon", "coordinates": [[[121.47732464155173, 31.209198531055264], [121.47713786587303, 31.209083169173258], [121.47706481928263, 31.209168756205656], [121.47725259125662, 31.209285143474506], [121.47732464155173, 31.209198531055264]]]}}, {"type": "Feature", "properties": {"bid": 832, "stakeholder": "state"}, "geometry": {"type": "Polygon", "coordinates": [[[121.47737459291888, 31.209219433865247], [121.47718781563138, 31.209104077238738], [121.47711476742916, 31.20919066558895], [121.47730154261762, 31.20930602995765], [121.47737459291888, 31.209219433865247]]]}}, {"type": "Feature", "properties": {"bid": 833, "stakeholder": "state"}, "geometry": {"type": "Polygon", "coordinates": [[[121.47726657391604, 31.20929439450202], [121.47707580018188, 31.20918095101314], [121.47699574535864, 31.209279396312525], [121.47718651676247, 31.209392848392785], [121.47726657391604, 31.20929439450202]]]}}, {"type": "Feature", "properties": {"bid": 834, "stakeholder": "state"}, "geometry": {"type": "Polygon", "coordinates": [[[121.47713845624834, 31.2094779001364], [121.47692471506959, 31.209350025787955], [121.47685266776648, 31.209438620817362], [121.47706840541275, 31.209566540751045], [121.47713845624834, 31.2094779001364]]]}}, {"type": "Feature", "properties": {"bid": 835, "stakeholder": "resident"}, "geometry": {"type": "Polygon", "coordinates": [[[121.47672345918235, 31.20957675475657], [121.47674258824763, 31.209522470446526], [121.47670048264814, 31.20951150955646], [121.47668135355667, 31.20956579386488], [121.47672345918235, 31.20957675475657]]]}}, {"type": "Feature", "properties": {"bid": 836, "stakeholder": "state"}, "geometry": {"type": "Polygon", "coordinates": [[[121.47756901844275, 31.209677667259204], [121.47751807502983, 31.20964775825007], [121.47755610442937, 31.209600486213684], [121.47758806926163, 31.209619056183037], [121.47764311418224, 31.20954910844761], [121.47736143241809, 31.209381077585306], [121.47730238597127, 31.20945693851212], [121.47734933170373, 31.209484781849373], [121.47731130352952, 31.209532049360515], [121.47726535749962, 31.209504223400643], [121.47721932215337, 31.20956333305042], [121.47751798049977, 31.209739691510382], [121.47756901844275, 31.209677667259204]]]}}, {"type": "Feature", "properties": {"bid": 837, "stakeholder": "developer"}, "geometry": {"type": "Polygon", "coordinates": [[[121.47571732465066, 31.208623682104417], [121.47564640730617, 31.20859933334339], [121.47553625180412, 31.208834039540765], [121.47560616994747, 31.208857373624085], [121.47571732465066, 31.208623682104417]]]}}, {"type": "Feature", "properties": {"bid": 838, "stakeholder": "developer"}, "geometry": {"type": "Polygon", "coordinates": [[[121.47578010393111, 31.2087867733157], [121.47596589538797, 31.20884829066676], [121.47601397290953, 31.208739286826468], [121.47585215365301, 31.208685228600476], [121.47586417232549, 31.208658478091653], [121.4757383158509, 31.208616091383814], [121.47568523379516, 31.208734985054036], [121.47578911440075, 31.208769958378355], [121.47578010393111, 31.2087867733157]]]}}, {"type": "Feature", "properties": {"bid": 839, "stakeholder": "developer"}, "geometry": {"type": "Polygon", "coordinates": [[[121.4755971576708, 31.20887618629671], [121.47540338974977, 31.20880848450252], [121.47541840808287, 31.20877879689954], [121.47533550853701, 31.208750207928176], [121.47528944360774, 31.20885024117319], [121.47556411247069, 31.208945498865198], [121.4755971576708, 31.20887618629671]]]}}, {"type": "Feature", "properties": {"bid": 840, "stakeholder": "developer"}, "geometry": {"type": "Polygon", "coordinates": [[[121.4756649500955, 31.209022390079152], [121.47584774093606, 31.20908386073899], [121.47589581605949, 31.208975858880535], [121.47573499869794, 31.20892181019746], [121.47574601889562, 31.208894041881642], [121.47562116159077, 31.208853665550066], [121.47556808203774, 31.208971557058135], [121.47567196198577, 31.209005537156205], [121.4756649500955, 31.209022390079152]]]}}, {"type": "Feature", "properties": {"bid": 841, "stakeholder": "developer"}, "geometry": {"type": "Polygon", "coordinates": [[[121.4753611929781, 31.209031507112858], [121.47549003277608, 31.20908097007708], [121.47552907650002, 31.209007777418883], [121.47525641655943, 31.208903560515523], [121.47520335560284, 31.20900645369698], [121.47534517474959, 31.20906217422277], [121.4753611929781, 31.209031507112858]]]}}, {"type": "Feature", "properties": {"bid": 842, "stakeholder": "developer"}, "geometry": {"type": "Polygon", "coordinates": [[[121.47563993340998, 31.209057882635072], [121.47561496359027, 31.209048407691903], [121.47562998226827, 31.209018718504804], [121.47558103885217, 31.20900278516695], [121.4755670183947, 31.209033492552752], [121.47560197757583, 31.209045159375815], [121.4755989707345, 31.20905409499426], [121.4755620142921, 31.2090413902651], [121.4755459903944, 31.20907705528446], [121.4756259138983, 31.209087591163662], [121.47563993340998, 31.209057882635072]]]}}, {"type": "Feature", "properties": {"bid": 843, "stakeholder": "developer"}, "geometry": {"type": "Polygon", "coordinates": [[[121.475682885339, 31.209070701355923], [121.47565791535499, 31.209061226940896], [121.47567293412362, 31.209031537434726], [121.47562399038678, 31.209015605129995], [121.47560996984576, 31.20904631281246], [121.47564592842537, 31.209057998150286], [121.47564192135793, 31.20906791385248], [121.4756049657127, 31.20905421063031], [121.47558894171948, 31.20908987598829], [121.47566886470452, 31.209101409454032], [121.475682885339, 31.209070701355923]]]}}, {"type": "Feature", "properties": {"bid": 844, "stakeholder": "resident"}, "geometry": {"type": "Polygon", "coordinates": [[[121.47607622734769, 31.209410997938615], [121.4761191801714, 31.20942580579117], [121.4761852141795, 31.20934611842211], [121.4760763358661, 31.209306074303353], [121.47603227868456, 31.20939317226595], [121.4759973191989, 31.209379514397703], [121.47594725295336, 31.209480485865697], [121.47602016827784, 31.209508859239914], [121.47607622734769, 31.209410997938615]]]}}, {"type": "Feature", "properties": {"bid": 845, "stakeholder": "resident"}, "geometry": {"type": "Polygon", "coordinates": [[[121.47659473424791, 31.20953472434252], [121.47643497233594, 31.209408804738352], [121.47620620265536, 31.209342519775934], [121.47610715625422, 31.209457554341608], [121.47630492337964, 31.209544249717677], [121.4762428680133, 31.209641004742988], [121.4760167375389, 31.209930496057094], [121.47617553584496, 31.210012463779318], [121.47659473424791, 31.20953472434252]]]}}, {"type": "Feature", "properties": {"bid": 846, "stakeholder": "resident"}, "geometry": {"type": "Polygon", "coordinates": [[[121.47608086954176, 31.209754843384072], [121.4761158306053, 31.209767500506008], [121.47616990177096, 31.20965960557958], [121.47620086730298, 31.20967118593938], [121.47626395441046, 31.209542474421486], [121.47605518461467, 31.20946755666415], [121.47600912117286, 31.20956261029453], [121.47592521562945, 31.20953302703356], [121.4757820094859, 31.209842062649496], [121.47597277990099, 31.209921662494416], [121.47608086954176, 31.209754843384072]]]}}, {"type": "Feature", "properties": {"bid": 847, "stakeholder": "resident"}, "geometry": {"type": "Polygon", "coordinates": [[[121.4753891360707, 31.210033341613222], [121.47541618305307, 31.209964914481137], [121.47534626334402, 31.209944571680296], [121.47538132275338, 31.209857313950874], [121.4752874287094, 31.209832506844634], [121.47526739117495, 31.20988607916297], [121.4751954758475, 31.20986469319564], [121.4751784481831, 31.20990633177052], [121.47515441262489, 31.209961823694478], [121.4753891360707, 31.210033341613222]]]}}, {"type": "Feature", "properties": {"bid": 848, "stakeholder": "resident"}, "geometry": {"type": "Polygon", "coordinates": [[[121.47606699486029, 31.210080922758838], [121.47615986859603, 31.21007302625854], [121.47615680610873, 31.210046418260912], [121.47606393239803, 31.210054314753158], [121.47606699486029, 31.210080922758838]]]}}, {"type": "Feature", "properties": {"bid": 849, "stakeholder": "resident"}, "geometry": {"type": "Polygon", "coordinates": [[[121.47583673974532, 31.2100791337389], [121.47601268003389, 31.210082317239426], [121.47601337449717, 31.21005396371395], [121.47583743426294, 31.210050780202714], [121.47583673974532, 31.2100791337389]]]}}, {"type": "Feature", "properties": {"bid": 850, "stakeholder": "resident"}, "geometry": {"type": "Polygon", "coordinates": [[[121.47539210798891, 31.210058381662858], [121.47523129351976, 31.210012287351056], [121.47520324111883, 31.210087687604187], [121.47536405601068, 31.210132784803598], [121.47539210798891, 31.210058381662858]]]}}, {"type": "Feature", "properties": {"bid": 851, "stakeholder": "unknown"}, "geometry": {"type": "Polygon", "coordinates": [[[121.47653515625314, 31.210137178804132], [121.47629448662825, 31.209976746653346], [121.47625145898746, 31.210033890576025], [121.47649312747775, 31.210193347770144], [121.47653515625314, 31.210137178804132]]]}}, {"type": "Feature", "properties": {"bid": 852, "stakeholder": "unknown"}, "geometry": {"type": "Polygon", "coordinates": [[[121.47651316744123, 31.210140762294767], [121.47627249864547, 31.20998032735122], [121.47622947217825, 31.210036471506847], [121.47647113983531, 31.210195931494134], [121.47651316744123, 31.210140762294767]]]}}, {"type": "Feature", "properties": {"bid": 853, "stakeholder": "resident"}, "geometry": {"type": "Polygon", "coordinates": [[[121.47572564327766, 31.21024469549905], [121.47572561994025, 31.21026767890089], [121.4757655883477, 31.210267447669878], [121.4757665631953, 31.21029144954428], [121.47581452642316, 31.210290371569954], [121.47581456091075, 31.210256396103258], [121.47593147085651, 31.210255637358223], [121.47593245079281, 31.21027464275511], [121.47598940722264, 31.210274731788033], [121.47598843539731, 31.210247732194034], [121.47602640797741, 31.21024645828277], [121.47602643945424, 31.21021548066051], [121.47606940639935, 31.210216299767062], [121.47606846204577, 31.21016231972459], [121.47602749356292, 31.21016153871591], [121.47602655233322, 31.21010456083872], [121.47586967137421, 31.21010555929229], [121.47586965305335, 31.21012354628556], [121.47571577239741, 31.210125589296297], [121.47571671259858, 31.210183566617335], [121.47568174036007, 31.210183893047756], [121.47568167739611, 31.210245848288196], [121.47572564327766, 31.21024469549905]]]}}, {"type": "Feature", "properties": {"bid": 854, "stakeholder": "resident"}, "geometry": {"type": "Polygon", "coordinates": [[[121.47646294869082, 31.21038964087086], [121.47653794702217, 31.210341087924125], [121.4764321358398, 31.210226174378594], [121.4762783148967, 31.210156313703806], [121.47623026894463, 31.210235346683646], [121.47638508913292, 31.21030423085312], [121.47646294869082, 31.21038964087086]]]}}, {"type": "Feature", "properties": {"bid": 855, "stakeholder": "resident"}, "geometry": {"type": "Polygon", "coordinates": [[[121.47646193219157, 31.210406609783316], [121.47624417439442, 31.210318552112835], [121.47620411897982, 31.210401733213818], [121.47641588082536, 31.210488683071382], [121.47646193219157, 31.210406609783316]]]}}, {"type": "Feature", "properties": {"bid": 856, "stakeholder": "resident"}, "geometry": {"type": "Polygon", "coordinates": [[[121.47641584650275, 31.210522658587887], [121.47622006866176, 31.210440009261156], [121.47617601964807, 31.210520116164894], [121.47636979770743, 31.210602732265496], [121.47641584650275, 31.210522658587887]]]}}, {"type": "Feature", "properties": {"bid": 857, "stakeholder": "resident"}, "geometry": {"type": "Polygon", "coordinates": [[[121.47447505988725, 31.209948466589932], [121.47448402436669, 31.20997462591935], [121.47456996452422, 31.209951344417675], [121.47456100199385, 31.209923186879845], [121.47460996703967, 31.209911163864376], [121.47459402874051, 31.209865880612362], [121.47461301213117, 31.20986425709186], [121.47461398763905, 31.20988726017486], [121.47465595067615, 31.209884091499752], [121.47465891710009, 31.209914128928684], [121.47476382683624, 31.20990520437494], [121.47475788472867, 31.209854123287872], [121.47479784643667, 31.209854909705204], [121.47479281440451, 31.209890785378658], [121.47486074569235, 31.209896117884284], [121.47485570547646, 31.209939987920784], [121.47489666373723, 31.209943789995517], [121.47491674818241, 31.209843255143937], [121.47496669841553, 31.209847232260017], [121.47497072641922, 31.209816333006017], [121.4749277706278, 31.20981149386341], [121.47492978616286, 31.209794545362687], [121.47480591352418, 31.20978211977877], [121.47479987522081, 31.209824970733337], [121.47476390556949, 31.209828260125384], [121.47475795637376, 31.209784173991007], [121.47458810421597, 31.209797811395788], [121.47459306449866, 31.20983188548957], [121.47458107528475, 31.2098326478158], [121.47457011785447, 31.20980145300996], [121.47439124548886, 31.209847873923074], [121.47441909873635, 31.209964345084366], [121.47447505988725, 31.209948466589932]]]}}, {"type": "Feature", "properties": {"bid": 858, "stakeholder": "resident"}, "geometry": {"type": "Polygon", "coordinates": [[[121.47420930819624, 31.20996516987224], [121.47411742448367, 31.20994335086089], [121.47408636630382, 31.2100316678916], [121.47418024758986, 31.210053527961406], [121.47420930819624, 31.20996516987224]]]}}, {"type": "Feature", "properties": {"bid": 859, "stakeholder": "state"}, "geometry": {"type": "Polygon", "coordinates": [[[121.47460952978258, 31.2103408532489], [121.47457956636003, 31.210333266028094], [121.47458757974721, 31.21031243914797], [121.47455961545745, 31.210303891873938], [121.4745726370803, 31.210270173211764], [121.47453368578249, 31.210259409763356], [121.47454570939556, 31.210224672218033], [121.47438391521838, 31.210178495758946], [121.47437289691676, 31.210207256616453], [121.47433694365009, 31.210196549336782], [121.47432392138478, 31.210231265924616], [121.47429296119913, 31.210222655815183], [121.47428494607028, 31.21024548021336], [121.4742539850323, 31.21023786886377], [121.47423595594717, 31.210284476857673], [121.47459350098133, 31.210384505706205], [121.47460952978258, 31.2103408532489]]]}}, {"type": "Feature", "properties": {"bid": 860, "stakeholder": "state"}, "geometry": {"type": "Polygon", "coordinates": [[[121.47476636231853, 31.210358935429777], [121.47476834016801, 31.210378960343803], [121.47482429075228, 31.210376063730163], [121.4748252523907, 31.21041305670525], [121.4748901969689, 31.21040833658446], [121.47488723518643, 31.21037330297872], [121.47493719131319, 31.210371285094364], [121.47493621957153, 31.21034428497063], [121.47499017335429, 31.21034134494022], [121.4749921502455, 31.210362368925985], [121.4750540971148, 31.210359583783376], [121.47505506079015, 31.21039457808911], [121.4751070173146, 31.210391596065957], [121.47510405444382, 31.21035756204469], [121.47515601134126, 31.210354578833115], [121.47515404656157, 31.210321563655143], [121.47516703584449, 31.210320817666627], [121.4751631012814, 31.210259783743307], [121.47510215251327, 31.2102625915403], [121.47509918060804, 31.21023755104494], [121.47503923148395, 31.210240376560932], [121.47504220437963, 31.210264417861985], [121.47496626960617, 31.210267927941686], [121.47496923032601, 31.21030396069284], [121.47491827490285, 31.210305959713537], [121.47491630819513, 31.210274942881433], [121.47476444120264, 31.210282950903206], [121.47476542504262, 31.21029795974947], [121.47472346139445, 31.21030113050165], [121.47472839582362, 31.21036118565701], [121.47476636231853, 31.210358935429777]]]}}, {"type": "Feature", "properties": {"bid": 861, "stakeholder": "state"}, "geometry": {"type": "Polygon", "coordinates": [[[121.47497371528165, 31.210550119738645], [121.47496058445584, 31.210615323300814], [121.47498225975967, 31.210618547797306], [121.47499539056938, 31.21055334423606], [121.47497371528165, 31.210550119738645]]]}}, {"type": "Feature", "properties": {"bid": 862, "stakeholder": "resident"}, "geometry": {"type": "Polygon", "coordinates": [[[121.47512650520606, 31.21054045591316], [121.47501701008574, 31.21053151825397], [121.47500453140107, 31.21064444960541], [121.47511402666, 31.21065338724681], [121.47512650520606, 31.21054045591316]]]}}, {"type": "Feature", "properties": {"bid": 863, "stakeholder": "state"}, "geometry": {"type": "Polygon", "coordinates": [[[121.4747919856634, 31.21070819540045], [121.47484892341176, 31.210717309175266], [121.47484290200394, 31.21074417200383], [121.47490083923196, 31.210753304063196], [121.47490786275672, 31.210723462830796], [121.47497179393541, 31.210733709883588], [121.47497881855041, 31.210702869145955], [121.47503475773703, 31.210712957779382], [121.4750488051444, 31.210653274451772], [121.47497388549914, 31.210640815864338], [121.47497890298335, 31.210618929531442], [121.47484205167143, 31.210596258754542], [121.47483704031207, 31.210612149086053], [121.47477510847216, 31.21060193742522], [121.47476205858175, 31.21066363720933], [121.47480001719772, 31.21066938064314], [121.4747919856634, 31.21070819540045]]]}}, {"type": "Feature", "properties": {"bid": 864, "stakeholder": "state"}, "geometry": {"type": "Polygon", "coordinates": [[[121.47443129851797, 31.210742041883], [121.47440133677469, 31.21073345301937], [121.47440934977169, 31.210712626706083], [121.47438138509507, 31.210705076510916], [121.47439340810149, 31.210670339657383], [121.47435545666121, 31.210659592980736], [121.47436748066674, 31.210623856991834], [121.47420568804546, 31.21057966650909], [121.4741956712477, 31.210606447959393], [121.47415771983685, 31.21059669734945], [121.47414569615523, 31.210632432257277], [121.47411473664421, 31.21062381978105], [121.47410572296758, 31.21064662368434], [121.47407576256613, 31.210638030652827], [121.47405773434195, 31.210684637421256], [121.4744152715208, 31.210784693928122], [121.47443129851797, 31.210742041883]]]}}, {"type": "Feature", "properties": {"bid": 865, "stakeholder": "state"}, "geometry": {"type": "Polygon", "coordinates": [[[121.47463782933494, 31.21100994457293], [121.47468975679749, 31.21103295379288], [121.47467574648395, 31.21105666076721], [121.4747286732835, 31.21107968879329], [121.47474568578149, 31.21105104408837], [121.47480360633973, 31.211076167260163], [121.47481961997313, 31.211047502340296], [121.47487155078, 31.211068508734968], [121.47490257537811, 31.211015155329726], [121.47483366846497, 31.210985821686105], [121.47484567603908, 31.21096707088611], [121.474718847458, 31.21091461017602], [121.47471084120264, 31.21092844263069], [121.47465391951243, 31.210904336059354], [121.474621893855, 31.210960664065286], [121.4746568447015, 31.210976343586765], [121.47463782933494, 31.21100994457293]]]}}, {"type": "Feature", "properties": {"bid": 866, "stakeholder": "state"}, "geometry": {"type": "Polygon", "coordinates": [[[121.47441768445105, 31.211371333155792], [121.47442771292698, 31.21133255917266], [121.47436878142992, 31.211322395752344], [121.47438181971825, 31.211270690790798], [121.4742599630763, 31.211249281282512], [121.47424692300173, 31.21130298412714], [121.47418599405306, 31.21129377557287], [121.47417796676041, 31.211329590496007], [121.47411004769378, 31.21131824193975], [121.47408998967023, 31.211397785726604], [121.47448851952947, 31.211467671460802], [121.4744786143574, 31.211381534908867], [121.47441768445105, 31.211371333155792]]]}}, {"type": "Feature", "properties": {"bid": 867, "stakeholder": "resident"}, "geometry": {"type": "Polygon", "coordinates": [[[121.47128880392563, 31.20804365698922], [121.47088044386442, 31.207972114501732], [121.47086335939106, 31.20807468094307], [121.47127071814577, 31.208148202924292], [121.47128880392563, 31.20804365698922]]]}}, {"type": "Feature", "properties": {"bid": 868, "stakeholder": "resident"}, "geometry": {"type": "Polygon", "coordinates": [[[121.47004549431267, 31.208116308707982], [121.47003847111375, 31.208148136461542], [121.47013032306415, 31.208160083647897], [121.47013936228825, 31.208110311419425], [121.47022921695225, 31.208123213386042], [121.4702221778565, 31.208170030426963], [121.47030205109787, 31.208179720958867], [121.47031912710246, 31.20808415166169], [121.4701004689306, 31.20806351692368], [121.47009845716411, 31.208077464168817], [121.4700295678058, 31.208069003105656], [121.4700215334534, 31.20811280076685], [121.47004549431267, 31.208116308707982]]]}}, {"type": "Feature", "properties": {"bid": 869, "stakeholder": "resident"}, "geometry": {"type": "Polygon", "coordinates": [[[121.47052174229611, 31.20817138790625], [121.47053076498698, 31.20813760312432], [121.47042993030959, 31.208118479051674], [121.47042190622744, 31.208152284781136], [121.47052174229611, 31.20817138790625]]]}}, {"type": "Feature", "properties": {"bid": 870, "stakeholder": "resident"}, "geometry": {"type": "Polygon", "coordinates": [[[121.4702141508011, 31.208206833582153], [121.47022921695225, 31.208123213386042], [121.47013936228825, 31.208110311419425], [121.47013032306415, 31.208160083647897], [121.47012429518907, 31.208194930575576], [121.4702141508011, 31.208206833582153]]]}}, {"type": "Feature", "properties": {"bid": 871, "stakeholder": "resident"}, "geometry": {"type": "Polygon", "coordinates": [[[121.47134060846734, 31.208130079969287], [121.4713062205327, 31.208199692049998], [121.47132646821676, 31.208207081217857], [121.47136085613569, 31.20813746913425], [121.47134060846734, 31.208130079969287]]]}}, {"type": "Feature", "properties": {"bid": 872, "stakeholder": "resident"}, "geometry": {"type": "Polygon", "coordinates": [[[121.47048376822444, 31.2081985637351], [121.47046872914416, 31.208256203902234], [121.47055159456215, 31.208270949550524], [121.47058168353192, 31.20814567590356], [121.47053076498698, 31.20813760312432], [121.47052174229611, 31.20817138790625], [121.47042190622744, 31.208152284781136], [121.47042993030959, 31.208118479051674], [121.47035205848546, 31.20810383692935], [121.47032197006831, 31.20822910891059], [121.47040782997567, 31.208243920965458], [121.47042087086095, 31.208187237950366], [121.47048376822444, 31.2081985637351]]]}}, {"type": "Feature", "properties": {"bid": 873, "stakeholder": "resident"}, "geometry": {"type": "Polygon", "coordinates": [[[121.47092411794426, 31.208222857209197], [121.47073043268493, 31.20818279649905], [121.47072341433693, 31.208209629052302], [121.47091810121776, 31.208246713359298], [121.47092411794426, 31.208222857209197]]]}}, {"type": "Feature", "properties": {"bid": 874, "stakeholder": "resident"}, "geometry": {"type": "Polygon", "coordinates": [[[121.47048376822444, 31.2081985637351], [121.47042087086095, 31.208187237950366], [121.47040782997567, 31.208243920965458], [121.47046872914416, 31.208256203902234], [121.47048376822444, 31.2081985637351]]]}}, {"type": "Feature", "properties": {"bid": 875, "stakeholder": "resident"}, "geometry": {"type": "Polygon", "coordinates": [[[121.47099000459707, 31.208243231510213], [121.47079531847771, 31.208204152301906], [121.47078830114697, 31.20822998570628], [121.47098398783942, 31.208267087767073], [121.47099000459707, 31.208243231510213]]]}}, {"type": "Feature", "properties": {"bid": 876, "stakeholder": "resident"}, "geometry": {"type": "Polygon", "coordinates": [[[121.47123656651013, 31.2083363519904], [121.47077329739024, 31.208253651924228], [121.47074620694366, 31.20837599253475], [121.47120947603753, 31.20845769670655], [121.47123656651013, 31.2083363519904]]]}}, {"type": "Feature", "properties": {"bid": 877, "stakeholder": "resident"}, "geometry": {"type": "Polygon", "coordinates": [[[121.47188464602823, 31.20838986353851], [121.47188062717714, 31.208412763628473], [121.47156509573348, 31.20836221788295], [121.47157010996399, 31.208342336845867], [121.4715092010807, 31.208333069561828], [121.47148511413229, 31.208446484884515], [121.47164387483758, 31.208472785398946], [121.47165892910675, 31.208402149938813], [121.47178274549721, 31.208421718816396], [121.47176669238242, 31.20849233404169], [121.47193344734035, 31.20851878705906], [121.47195654082337, 31.208401350623717], [121.47188464602823, 31.20838986353851]]]}}, {"type": "Feature", "properties": {"bid": 878, "stakeholder": "resident"}, "geometry": {"type": "Polygon", "coordinates": [[[121.47165892910675, 31.208402149938813], [121.47164387483758, 31.208472785398946], [121.47176669238242, 31.20849233404169], [121.47178274549721, 31.208421718816396], [121.47165892910675, 31.208402149938813]]]}}, {"type": "Feature", "properties": {"bid": 879, "stakeholder": "resident"}, "geometry": {"type": "Polygon", "coordinates": [[[121.47261358144725, 31.20852984586838], [121.47230701282605, 31.208479560214183], [121.47231102869945, 31.20845965737283], [121.47226808979417, 31.208452774381783], [121.47226207230119, 31.208476632947058], [121.47228404212467, 31.208479085613195], [121.47226397026702, 31.2085716047398], [121.47239178885333, 31.2085922314492], [121.4724058308351, 31.20853556154093], [121.47251867438445, 31.20855187670457], [121.47250662764282, 31.20861058681936], [121.47261947148276, 31.208627897354976], [121.47263854008078, 31.208540351615227], [121.47266150962797, 31.20854282197729], [121.4726655319306, 31.208516923035972], [121.47264456095367, 31.208513494470814], [121.47261959602135, 31.208508984387333], [121.47261358144725, 31.20852984586838]]]}}, {"type": "Feature", "properties": {"bid": 880, "stakeholder": "resident"}, "geometry": {"type": "Polygon", "coordinates": [[[121.47147407254398, 31.20850021559414], [121.47258845657632, 31.208678223645098], [121.47264539965555, 31.208666403105386], [121.47269438011449, 31.20862843646222], [121.47274351381931, 31.208444575806084], [121.4726626257725, 31.208430924449782], [121.47264456095367, 31.208513494470814], [121.4726655319306, 31.208516923035972], [121.47266150962797, 31.20854282197729], [121.47263854008078, 31.208540351615227], [121.47261947148276, 31.208627897354976], [121.47250662764282, 31.20861058681936], [121.47148511413229, 31.208446484884515], [121.47147407254398, 31.20850021559414]]]}}, {"type": "Feature", "properties": {"bid": 881, "stakeholder": "resident"}, "geometry": {"type": "Polygon", "coordinates": [[[121.4724058308351, 31.20853556154093], [121.47239178885333, 31.2085922314492], [121.47250662764282, 31.20861058681936], [121.47251867438445, 31.20855187670457], [121.4724058308351, 31.20853556154093]]]}}, {"type": "Feature", "properties": {"bid": 882, "stakeholder": "resident"}, "geometry": {"type": "Polygon", "coordinates": [[[121.47157961843993, 31.20879921128352], [121.47156064726971, 31.208795817093694], [121.47157371308926, 31.208716146729323], [121.47128915075075, 31.208664223143387], [121.47127508767358, 31.208742872205384], [121.47126110913335, 31.208740580380038], [121.47125408234285, 31.20877540816087], [121.47157458978849, 31.20883308216758], [121.47157961843993, 31.20879921128352]]]}}, {"type": "Feature", "properties": {"bid": 883, "stakeholder": "resident"}, "geometry": {"type": "Polygon", "coordinates": [[[121.47252631681738, 31.20888479790363], [121.47174641082017, 31.208786702308885], [121.4717303270171, 31.20888729561392], [121.4723783675596, 31.209011656966247], [121.47250319586385, 31.20902822000164], [121.47252631681738, 31.20888479790363]]]}}, {"type": "Feature", "properties": {"bid": 884, "stakeholder": "resident"}, "geometry": {"type": "Polygon", "coordinates": [[[121.47175904747655, 31.20911973000619], [121.47179101731116, 31.209108404358748], [121.47180903174889, 31.209071805577878], [121.47179408278805, 31.209041515549078], [121.4717511545655, 31.209026631298627], [121.471714188423, 31.2090408502741], [121.47169917116605, 31.20907651172905], [121.47172110649092, 31.209110945010366], [121.47175904747655, 31.20911973000619]]]}}, {"type": "Feature", "properties": {"bid": 885, "stakeholder": "resident"}, "geometry": {"type": "Polygon", "coordinates": [[[121.47151240997198, 31.20908560305247], [121.47117493214853, 31.20902356967531], [121.47115785634232, 31.209119143140526], [121.47149733095762, 31.209181219941627], [121.47151240997198, 31.20908560305247]]]}}, {"type": "Feature", "properties": {"bid": 886, "stakeholder": "resident"}, "geometry": {"type": "Polygon", "coordinates": [[[121.47245511810978, 31.209160135625993], [121.4719618019111, 31.20910196316595], [121.47195476654487, 31.209144786649343], [121.47188187087681, 31.209135277276857], [121.47187282065227, 31.20919504668159], [121.4719387264837, 31.209203411749332], [121.47193269507397, 31.209241259596862], [121.47227321924585, 31.20928129335488], [121.47243399765762, 31.209301600029786], [121.47245511810978, 31.209160135625993]]]}}, {"type": "Feature", "properties": {"bid": 887, "stakeholder": "resident"}, "geometry": {"type": "Polygon", "coordinates": [[[121.47019796666689, 31.20840434906632], [121.47006619489379, 31.208371568116263], [121.47005315146384, 31.20843124794642], [121.47018592582084, 31.208460053434518], [121.47019796666689, 31.20840434906632]]]}}, {"type": "Feature", "properties": {"bid": 888, "stakeholder": "resident"}, "geometry": {"type": "Polygon", "coordinates": [[[121.47023290950654, 31.208410087950153], [121.4701021347863, 31.208378328535844], [121.47008809491162, 31.208435988689985], [121.47022086862819, 31.208465792414643], [121.47023290950654, 31.208410087950153]]]}}, {"type": "Feature", "properties": {"bid": 889, "stakeholder": "resident"}, "geometry": {"type": "Polygon", "coordinates": [[[121.47018192967107, 31.208461967080666], [121.47005115341163, 31.208432204711016], [121.47003913263984, 31.20846892259857], [121.47017090519967, 31.208500705082763], [121.47018192967107, 31.208461967080666]]]}}, {"type": "Feature", "properties": {"bid": 890, "stakeholder": "resident"}, "geometry": {"type": "Polygon", "coordinates": [[[121.47021687141942, 31.208468705360815], [121.47008609580564, 31.2084379447383], [121.47007507350544, 31.208474683965278], [121.4702058479644, 31.20850644418208], [121.47021687141942, 31.208468705360815]]]}}, {"type": "Feature", "properties": {"bid": 891, "stakeholder": "resident"}, "geometry": {"type": "Polygon", "coordinates": [[[121.47021762123428, 31.2087065526033], [121.47038932052102, 31.20875516533368], [121.47039934962767, 31.208713407743623], [121.47038437581433, 31.20870909304335], [121.47043651061006, 31.20850834154334], [121.47027279791826, 31.208460899641178], [121.47024873401507, 31.208555321231522], [121.47022876887026, 31.208549900683067], [121.47022368746673, 31.208634732486708], [121.4700979104921, 31.20859808263998], [121.47006382983672, 31.208723268244285], [121.47020358363865, 31.208762214682164], [121.47021762123428, 31.2087065526033]]]}}, {"type": "Feature", "properties": {"bid": 892, "stakeholder": "resident"}, "geometry": {"type": "Polygon", "coordinates": [[[121.47116235942043, 31.208630583776884], [121.47059926278814, 31.208521780815776], [121.47056918607882, 31.20863606288492], [121.47113228232229, 31.208743871021746], [121.47116235942043, 31.208630583776884]]]}}, {"type": "Feature", "properties": {"bid": 893, "stakeholder": "resident"}, "geometry": {"type": "Polygon", "coordinates": [[[121.47113226981207, 31.20875586225941], [121.47056917563691, 31.208646055577624], [121.47054109636247, 31.2087603797848], [121.47110319166632, 31.208869170333116], [121.47113226981207, 31.20875586225941]]]}}, {"type": "Feature", "properties": {"bid": 894, "stakeholder": "resident"}, "geometry": {"type": "Polygon", "coordinates": [[[121.4714037486847, 31.20890045890286], [121.47121703891196, 31.20886556630029], [121.47120301468658, 31.208907242152407], [121.4713837407619, 31.20893401584004], [121.4714037486847, 31.20890045890286]]]}}, {"type": "Feature", "properties": {"bid": 895, "stakeholder": "resident"}, "geometry": {"type": "Polygon", "coordinates": [[[121.47107205128623, 31.209045390339323], [121.47050896814333, 31.20892758063883], [121.47047888425561, 31.209049856488218], [121.47104296462624, 31.20916769158117], [121.47107205128623, 31.209045390339323]]]}}, {"type": "Feature", "properties": {"bid": 896, "stakeholder": "resident"}, "geometry": {"type": "Polygon", "coordinates": [[[121.47109681542065, 31.209239774102805], [121.47150818476405, 31.209308357260454], [121.47150727909231, 31.20921840183689], [121.47111488639281, 31.209147219659943], [121.47109681542065, 31.209239774102805]]]}}, {"type": "Feature", "properties": {"bid": 897, "stakeholder": "developer"}, "geometry": {"type": "Polygon", "coordinates": [[[121.46873216976873, 31.208434938354166], [121.4688459427548, 31.20848035623237], [121.46886496483866, 31.20843080083756], [121.46878311754938, 31.208408054839932], [121.46879012732349, 31.208388219877126], [121.46867234449623, 31.20835870333678], [121.46866432799357, 31.208386510815043], [121.46874318148652, 31.208407195266716], [121.46873216976873, 31.208434938354166]]]}}, {"type": "Feature", "properties": {"bid": 898, "stakeholder": "developer"}, "geometry": {"type": "Polygon", "coordinates": [[[121.46883588131709, 31.2085540873494], [121.468786016472, 31.208500051997365], [121.46876206213722, 31.20849254141217], [121.46874304338405, 31.2085390987188], [121.46866618872843, 31.208516458723693], [121.46875794315224, 31.208612367733625], [121.46883588131709, 31.2085540873494]]]}}, {"type": "Feature", "properties": {"bid": 899, "stakeholder": "developer"}, "geometry": {"type": "Polygon", "coordinates": [[[121.46876438836219, 31.2087559758251], [121.46905491244226, 31.208709391756187], [121.46904350208341, 31.20865682210252], [121.46863065213414, 31.208723020246993], [121.46864776737472, 31.208801874856853], [121.46877009347793, 31.208782260681257], [121.46876438836219, 31.2087559758251]]]}}, {"type": "Feature", "properties": {"bid": 900, "stakeholder": "resident"}, "geometry": {"type": "Polygon", "coordinates": [[[121.4697851424021, 31.20882125551786], [121.46982723281951, 31.208674258319434], [121.46990509182298, 31.208697902972627], [121.46992613943392, 31.208622405394298], [121.4698462833527, 31.208598718501147], [121.46985931173289, 31.208553028950504], [121.47005097138958, 31.208606077459592], [121.47008004613997, 31.208493776297416], [121.46984945350063, 31.20843190451825], [121.46979851829758, 31.208442809432192], [121.46975654448079, 31.208477888090382], [121.46960320132281, 31.2090282203187], [121.46961810165736, 31.20910248657178], [121.46966299339385, 31.209141419070992], [121.46976218363261, 31.208814769758362], [121.4697851424021, 31.20882125551786]]]}}, {"type": "Feature", "properties": {"bid": 901, "stakeholder": "resident"}, "geometry": {"type": "Polygon", "coordinates": [[[121.46973613069737, 31.208903150643376], [121.47002760921441, 31.20898631055309], [121.47003562731493, 31.208957501737363], [121.47022030061999, 31.20901039448778], [121.47025037556911, 31.208896114642474], [121.47005871340103, 31.208842075139778], [121.47004467926241, 31.2088947389571], [121.4697851424021, 31.20882125551786], [121.46976218363261, 31.208814769758362], [121.46973613069737, 31.208903150643376]]]}}, {"type": "Feature", "properties": {"bid": 902, "stakeholder": "resident"}, "geometry": {"type": "Polygon", "coordinates": [[[121.46966299339385, 31.209141419070992], [121.47015912017196, 31.209270909301207], [121.4701922147525, 31.209132710824058], [121.46999056628717, 31.20908045469503], [121.4699835498883, 31.209106286904607], [121.46970304406966, 31.209034350844146], [121.46968906960173, 31.209030055195175], [121.46966299339385, 31.209141419070992]]]}}, {"type": "Feature", "properties": {"bid": 903, "stakeholder": "unknown"}, "geometry": {"type": "Polygon", "coordinates": [[[121.46961881106904, 31.209382304303805], [121.46946507501104, 31.209353034383984], [121.46944702874181, 31.20942459739246], [121.46959876665778, 31.209454824436424], [121.46961881106904, 31.209382304303805]]]}}, {"type": "Feature", "properties": {"bid": 904, "stakeholder": "state"}, "geometry": {"type": "Polygon", "coordinates": [[[121.47010388112767, 31.209581514869168], [121.46992515081911, 31.209576710125873], [121.46992310462122, 31.209624632765273], [121.47010183592386, 31.20962843831103], [121.47010388112767, 31.209581514869168]]]}}, {"type": "Feature", "properties": {"bid": 905, "stakeholder": "state"}, "geometry": {"type": "Polygon", "coordinates": [[[121.46973034922132, 31.209667487956317], [121.4697184412935, 31.20959528430347], [121.46952970241544, 31.20961923075896], [121.46953665065848, 31.209659351271394], [121.46954260968666, 31.20969045694835], [121.46973034922132, 31.209667487956317]]]}}, {"type": "Feature", "properties": {"bid": 906, "stakeholder": "resident"}, "geometry": {"type": "Polygon", "coordinates": [[[121.46998190519287, 31.209733809613958], [121.46998297736957, 31.209661883041747], [121.47005287334798, 31.20966237188981], [121.47005180014048, 31.209735297752328], [121.47018759622529, 31.209739185206214], [121.47019269935868, 31.209631369564306], [121.46981826452543, 31.20962139802481], [121.46983812260817, 31.20973074502524], [121.46998190519287, 31.209733809613958]]]}}, {"type": "Feature", "properties": {"bid": 907, "stakeholder": "resident"}, "geometry": {"type": "Polygon", "coordinates": [[[121.47243184651505, 31.20945045056805], [121.47250319586385, 31.20902822000164], [121.4723783675596, 31.209011656966247], [121.47235425690623, 31.20914706322918], [121.47245511810978, 31.209160135625993], [121.47243399765762, 31.209301600029786], [121.47227321924585, 31.20928129335488], [121.47224909929662, 31.209426691732972], [121.47243184651505, 31.20945045056805]]]}}, {"type": "Feature", "properties": {"bid": 908, "stakeholder": "resident"}, "geometry": {"type": "Polygon", "coordinates": [[[121.47176384537181, 31.20930869650942], [121.471779822003, 31.20931102787705], [121.47177480904942, 31.209329910065883], [121.47195055579051, 31.209353551634187], [121.47196561043529, 31.209281915134287], [121.47194264267296, 31.209279439457188], [121.47194666118367, 31.20925653917692], [121.47190472261093, 31.2092496718825], [121.47190974290312, 31.20922379459535], [121.47187778819352, 31.209220132337474], [121.4718808007807, 31.209204206284593], [121.47168907995444, 31.209177229939208], [121.47166999483149, 31.209283756337584], [121.47176485642774, 31.209296726038232], [121.47176384537181, 31.20930869650942]]]}}, {"type": "Feature", "properties": {"bid": 909, "stakeholder": "resident"}, "geometry": {"type": "Polygon", "coordinates": [[[121.47153813990303, 31.20931298062493], [121.47155620536932, 31.20922641953381], [121.47150727909231, 31.20921840183689], [121.47150818476405, 31.209308357260454], [121.47153813990303, 31.20931298062493]]]}}, {"type": "Feature", "properties": {"bid": 910, "stakeholder": "resident"}, "geometry": {"type": "Polygon", "coordinates": [[[121.47290028873932, 31.20944108250155], [121.47274550862801, 31.209406934861473], [121.47272445911392, 31.209479451672674], [121.47287923888142, 31.209513600487867], [121.47290028873932, 31.20944108250155]]]}}, {"type": "Feature", "properties": {"bid": 911, "stakeholder": "resident"}, "geometry": {"type": "Polygon", "coordinates": [[[121.47159686948225, 31.20949907712918], [121.47235279101392, 31.209599713398966], [121.47237991622228, 31.209445382399053], [121.4722490982665, 31.20942769100657], [121.47162598897808, 31.209345793629165], [121.47159686948225, 31.20949907712918]]]}}, {"type": "Feature", "properties": {"bid": 912, "stakeholder": "resident"}, "geometry": {"type": "Polygon", "coordinates": [[[121.47288118402946, 31.209564604335228], [121.47276534934998, 31.20953824926295], [121.47274738880073, 31.209520893028124], [121.4727144281468, 31.20952121628511], [121.47269342922823, 31.209544768472654], [121.47271436749963, 31.20958017346714], [121.47270935513984, 31.209598057947918], [121.47267740162192, 31.209590407072024], [121.47266236772715, 31.20964106247869], [121.47284510637816, 31.209681782974425], [121.47288118402946, 31.209564604335228]]]}}, {"type": "Feature", "properties": {"bid": 913, "stakeholder": "unknown"}, "geometry": {"type": "Polygon", "coordinates": [[[121.4720520935427, 31.20968046490529], [121.47204800240588, 31.209585996757458], [121.47170727705388, 31.209596896808787], [121.47171136785053, 31.20969136504335], [121.4720520935427, 31.20968046490529]]]}}, {"type": "Feature", "properties": {"bid": 914, "stakeholder": "unknown"}, "geometry": {"type": "Polygon", "coordinates": [[[121.47241390629173, 31.209634885089084], [121.47213901784623, 31.209629177668045], [121.47213795532001, 31.209666980057793], [121.47231388401424, 31.20967063286338], [121.47231282156426, 31.209708435239342], [121.47241178146973, 31.20971048982484], [121.47241390629173, 31.209634885089084]]]}}, {"type": "Feature", "properties": {"bid": 915, "stakeholder": "state"}, "geometry": {"type": "Polygon", "coordinates": [[[121.47161261622007, 31.209659408278497], [121.47157847680045, 31.209599347324385], [121.47131293450475, 31.209710848997215], [121.47134707383597, 31.20977091005281], [121.47161261622007, 31.209659408278497]]]}}, {"type": "Feature", "properties": {"bid": 916, "stakeholder": "state"}, "geometry": {"type": "Polygon", "coordinates": [[[121.4717203942738, 31.209802442510362], [121.4715436407579, 31.20979075902892], [121.47153959815614, 31.209837641522775], [121.47171735026677, 31.209849346035302], [121.4717203942738, 31.209802442510362]]]}}, {"type": "Feature", "properties": {"bid": 917, "stakeholder": "resident"}, "geometry": {"type": "Polygon", "coordinates": [[[121.47101885169023, 31.209309083961106], [121.47044078349337, 31.20919994253917], [121.47040770484227, 31.209322154586747], [121.47098677005535, 31.209431321908145], [121.47101885169023, 31.209309083961106]]]}}, {"type": "Feature", "properties": {"bid": 918, "stakeholder": "resident"}, "geometry": {"type": "Polygon", "coordinates": [[[121.47146019442596, 31.209361315427717], [121.47112072193067, 31.209298235751646], [121.47110564393245, 31.20939385110944], [121.47144311874729, 31.209456890450102], [121.47146019442596, 31.209361315427717]]]}}, {"type": "Feature", "properties": {"bid": 919, "stakeholder": "unknown"}, "geometry": {"type": "Polygon", "coordinates": [[[121.47069717715006, 31.209452927098656], [121.47069282661427, 31.209377392503498], [121.47047312045434, 31.209386740458772], [121.47047747081604, 31.20946227510052], [121.47069717715006, 31.209452927098656]]]}}, {"type": "Feature", "properties": {"bid": 920, "stakeholder": "state"}, "geometry": {"type": "Polygon", "coordinates": [[[121.47015358170096, 31.209415228458926], [121.47015502333174, 31.209471935315193], [121.47022100026588, 31.20947069621832], [121.4702195585952, 31.209413989371583], [121.47015358170096, 31.209415228458926]]]}}, {"type": "Feature", "properties": {"bid": 921, "stakeholder": "state"}, "geometry": {"type": "Polygon", "coordinates": [[[121.470412383924, 31.209627039042395], [121.47033550834023, 31.209614416254794], [121.47032346863729, 31.209670121393792], [121.47040034517421, 31.20968174512563], [121.470412383924, 31.209627039042395]]]}}, {"type": "Feature", "properties": {"bid": 922, "stakeholder": "state"}, "geometry": {"type": "Polygon", "coordinates": [[[121.47032043518129, 31.209707031012265], [121.47038632682666, 31.209719421156255], [121.47037429332183, 31.209769130818252], [121.47047413253459, 31.209785237365796], [121.4704841618933, 31.209742480040518], [121.47051910473634, 31.20974921588794], [121.47052913724043, 31.209703460637858], [121.47019268193934, 31.20964835724186], [121.47018759622529, 31.209739185206214], [121.47030939719457, 31.20975975950796], [121.47032043518129, 31.209707031012265]]]}}, {"type": "Feature", "properties": {"bid": 923, "stakeholder": "state"}, "geometry": {"type": "Polygon", "coordinates": [[[121.47038632682666, 31.209719421156255], [121.47032043518129, 31.209707031012265], [121.47030939719457, 31.20975975950796], [121.47037429332183, 31.209769130818252], [121.47038632682666, 31.209719421156255]]]}}, {"type": "Feature", "properties": {"bid": 924, "stakeholder": "state"}, "geometry": {"type": "Polygon", "coordinates": [[[121.47090161322548, 31.209699337923425], [121.470861682394, 31.209686504493785], [121.47081472178263, 31.209712494904352], [121.47074066629432, 31.209868820602477], [121.47075364458068, 31.209872092571338], [121.470734622907, 31.209919657172286], [121.470789529801, 31.209934806659128], [121.47078251944718, 31.209954644654708], [121.47082744290584, 31.20996758425862], [121.47087850380105, 31.209837753096448], [121.47092055350858, 31.20973171460343], [121.47090161322548, 31.209699337923425]]]}}, {"type": "Feature", "properties": {"bid": 925, "stakeholder": "state"}, "geometry": {"type": "Polygon", "coordinates": [[[121.47130694756686, 31.209802792492212], [121.4712300469721, 31.209808174386133], [121.47123498386962, 31.20986323937171], [121.47131388173578, 31.20985789924003], [121.47130694756686, 31.209802792492212]]]}}, {"type": "Feature", "properties": {"bid": 926, "stakeholder": "state"}, "geometry": {"type": "Polygon", "coordinates": [[[121.47111009787955, 31.209919574797485], [121.47114605061189, 31.209917332511846], [121.47115000121369, 31.209960385345813], [121.4712508699182, 31.209953509564677], [121.4712449322543, 31.209900422168126], [121.47131184368108, 31.209897828427245], [121.47131678479707, 31.209948896221032], [121.47143862954613, 31.209939456846197], [121.47144671144326, 31.20984868987022], [121.47123498386962, 31.20986323937171], [121.47110515281155, 31.209872503831154], [121.47111009787955, 31.209919574797485]]]}}, {"type": "Feature", "properties": {"bid": 927, "stakeholder": "resident"}, "geometry": {"type": "Polygon", "coordinates": [[[121.47005287334798, 31.20966237188981], [121.46998297736957, 31.209661883041747], [121.46998190519287, 31.209733809613958], [121.47005180014048, 31.209735297752328], [121.47005287334798, 31.20966237188981]]]}}, {"type": "Feature", "properties": {"bid": 928, "stakeholder": "state"}, "geometry": {"type": "Polygon", "coordinates": [[[121.46946164268378, 31.20977866133523], [121.46962641414031, 31.209757203075764], [121.46961648775881, 31.209700030951463], [121.46968239691729, 31.20969144630522], [121.46969232334006, 31.20974861829592], [121.46983812260817, 31.20973074502524], [121.46981826452543, 31.20962139802481], [121.46972439319349, 31.20963338467982], [121.46973034922132, 31.209667487956317], [121.46954260968666, 31.20969045694835], [121.46953665065848, 31.209659351271394], [121.46944377993566, 31.209671354117738], [121.46946164268378, 31.20977866133523]]]}}, {"type": "Feature", "properties": {"bid": 929, "stakeholder": "state"}, "geometry": {"type": "Polygon", "coordinates": [[[121.46968239691729, 31.20969144630522], [121.46961648775881, 31.209700030951463], [121.46962641414031, 31.209757203075764], [121.46969232334006, 31.20974861829592], [121.46968239691729, 31.20969144630522]]]}}, {"type": "Feature", "properties": {"bid": 930, "stakeholder": "state"}, "geometry": {"type": "Polygon", "coordinates": [[[121.46948654382425, 31.209838152854907], [121.46936975159713, 31.209809670528838], [121.469313641123, 31.21000233224033], [121.4694294355088, 31.210029795147804], [121.46948654382425, 31.209838152854907]]]}}, {"type": "Feature", "properties": {"bid": 931, "stakeholder": "state"}, "geometry": {"type": "Polygon", "coordinates": [[[121.46932569465683, 31.20993164031495], [121.46926780240562, 31.20991341133628], [121.46922475773238, 31.210022411208506], [121.46927865607461, 31.210040555025095], [121.46932569465683, 31.20993164031495]]]}}, {"type": "Feature", "properties": {"bid": 932, "stakeholder": "resident"}, "geometry": {"type": "Polygon", "coordinates": [[[121.46978148090282, 31.20989689398641], [121.46969901500006, 31.21004112733205], [121.46973850035576, 31.210057804664707], [121.46976760597022, 31.210006898771894], [121.46998477551061, 31.210098623793417], [121.47003813551675, 31.210005296267383], [121.46978148090282, 31.20989689398641]]]}}, {"type": "Feature", "properties": {"bid": 933, "stakeholder": "state"}, "geometry": {"type": "Polygon", "coordinates": [[[121.46938225913811, 31.210274612739294], [121.46936722083649, 31.210335247984737], [121.46949400293477, 31.210358947701256], [121.46948998994957, 31.210377848558842], [121.46961876821865, 31.210403586578188], [121.46963179971067, 31.21035290071432], [121.46971465964612, 31.210367661754724], [121.46969962710557, 31.210422302307798], [121.46981543134643, 31.21044376096802], [121.46983948364665, 31.210356335495295], [121.46972467869625, 31.210333899451378], [121.4697397164316, 31.210274262459272], [121.46964487776255, 31.210256247986358], [121.46962984719164, 31.210308889732286], [121.46949507811826, 31.210283023815407], [121.46950109311297, 31.210259169297387], [121.46940826732532, 31.21022720330466], [121.46941428635638, 31.210199351777195], [121.4692475837885, 31.2101588055088], [121.46922353125342, 31.21024722744078], [121.46924948553601, 31.210252780543502], [121.46923945973948, 31.2102935368922], [121.46926441562063, 31.210299068516576], [121.46927544391427, 31.210254336410735], [121.46938225913811, 31.210274612739294]]]}}, {"type": "Feature", "properties": {"bid": 934, "stakeholder": "resident"}, "geometry": {"type": "Polygon", "coordinates": [[[121.46936020649343, 31.210360080256798], [121.46938225913811, 31.210274612739294], [121.46927544391427, 31.210254336410735], [121.46926441562063, 31.210299068516576], [121.46925239398912, 31.210338782806616], [121.46936020649343, 31.210360080256798]]]}}, {"type": "Feature", "properties": {"bid": 935, "stakeholder": "state"}, "geometry": {"type": "Polygon", "coordinates": [[[121.47005620718255, 31.210310987901888], [121.4699623483166, 31.21030898940381], [121.46996130035281, 31.210357932834825], [121.47005516021909, 31.210358932073174], [121.47005620718255, 31.210310987901888]]]}}, {"type": "Feature", "properties": {"bid": 936, "stakeholder": "resident"}, "geometry": {"type": "Polygon", "coordinates": [[[121.4696956140789, 31.21044120333272], [121.46971465964612, 31.210367661754724], [121.46963179971067, 31.21035290071432], [121.46961876821865, 31.210403586578188], [121.46961175679247, 31.210425421352166], [121.4696956140789, 31.21044120333272]]]}}, {"type": "Feature", "properties": {"bid": 937, "stakeholder": "resident"}, "geometry": {"type": "Polygon", "coordinates": [[[121.4733705699083, 31.20961154483132], [121.47325574766909, 31.20956524555317], [121.4732217275887, 31.209622513285005], [121.47333854606678, 31.20966985386536], [121.4733705699083, 31.20961154483132]]]}}, {"type": "Feature", "properties": {"bid": 938, "stakeholder": "resident"}, "geometry": {"type": "Polygon", "coordinates": [[[121.47416078391456, 31.209723526701463], [121.47415672247178, 31.209685874934525], [121.47406910856841, 31.209692856462993], [121.47406301646927, 31.20963637879546], [121.47394254737073, 31.209645978280175], [121.47395270076353, 31.209740107761476], [121.47416078391456, 31.209723526701463]]]}}, {"type": "Feature", "properties": {"bid": 939, "stakeholder": "resident"}, "geometry": {"type": "Polygon", "coordinates": [[[121.47359625883735, 31.20967007211727], [121.47350238387514, 31.20964918899415], [121.47348233570722, 31.20971773492574], [121.4735752115755, 31.209738598624945], [121.47359625883735, 31.20967007211727]]]}}, {"type": "Feature", "properties": {"bid": 940, "stakeholder": "resident"}, "geometry": {"type": "Polygon", "coordinates": [[[121.4732805606551, 31.2097196410785], [121.47292811927912, 31.209573558422278], [121.4728640721346, 31.20969316338432], [121.4732165080277, 31.209842252321607], [121.4732805606551, 31.2097196410785]]]}}, {"type": "Feature", "properties": {"bid": 941, "stakeholder": "resident"}, "geometry": {"type": "Polygon", "coordinates": [[[121.47391582095827, 31.2097614416312], [121.47372307292176, 31.209716597501377], [121.47370503025911, 31.209777191239542], [121.47389777891557, 31.20982103751749], [121.47391582095827, 31.2097614416312]]]}}, {"type": "Feature", "properties": {"bid": 942, "stakeholder": "resident"}, "geometry": {"type": "Polygon", "coordinates": [[[121.47346725950956, 31.209808365860333], [121.47334942378473, 31.209776999172053], [121.47332738360434, 31.20984050706663], [121.4734452200621, 31.209870875491045], [121.47346725950956, 31.209808365860333]]]}}, {"type": "Feature", "properties": {"bid": 943, "stakeholder": "resident"}, "geometry": {"type": "Polygon", "coordinates": [[[121.4739516575329, 31.209884074178664], [121.47357313191799, 31.2098185003303], [121.47354205022054, 31.209931792343237], [121.47392057240576, 31.20999936951426], [121.4739516575329, 31.209884074178664]]]}}, {"type": "Feature", "properties": {"bid": 944, "stakeholder": "resident"}, "geometry": {"type": "Polygon", "coordinates": [[[121.47325084663198, 31.209934471746198], [121.47318796276421, 31.21003420856301], [121.47353608887333, 31.21019635224828], [121.47359897237364, 31.210096615312885], [121.4734829303468, 31.2100425675938], [121.47345672885103, 31.210084124633838], [121.4734277183492, 31.210070612678635], [121.47345391985775, 31.21002905564269], [121.47325084663198, 31.209934471746198]]]}}, {"type": "Feature", "properties": {"bid": 945, "stakeholder": "resident"}, "geometry": {"type": "Polygon", "coordinates": [[[121.47351950288055, 31.210494941220972], [121.4737402540103, 31.21050239166884], [121.4737392409978, 31.210516361489], [121.47385810316005, 31.210526745237075], [121.47386011913487, 31.21050879830215], [121.47391905146321, 31.210513977951724], [121.47393414838301, 31.21040235901808], [121.47346670108777, 31.210356969214327], [121.47345060108341, 31.210473561497235], [121.4735215157517, 31.21047999240028], [121.47351950288055, 31.210494941220972]]]}}, {"type": "Feature", "properties": {"bid": 946, "stakeholder": "resident"}, "geometry": {"type": "Polygon", "coordinates": [[[121.47299365299266, 31.210573234187816], [121.47290984007465, 31.210652288745532], [121.47303631140024, 31.21075133807559], [121.4730572646258, 31.210731574418087], [121.473137746505, 31.210794605700535], [121.47320060609684, 31.210735314680168], [121.47299365299266, 31.210573234187816]]]}}, {"type": "Feature", "properties": {"bid": 947, "stakeholder": "state"}, "geometry": {"type": "Polygon", "coordinates": [[[121.4709492644064, 31.209975148899947], [121.47110304757679, 31.209978385185877], [121.4710951811053, 31.209858304011327], [121.47103226447314, 31.20986197708953], [121.47102522638683, 31.209908795988902], [121.4709223800934, 31.209898635804905], [121.4709284185136, 31.209852795334648], [121.47087850380105, 31.209837753096448], [121.47083445226599, 31.209948745457837], [121.4709492644064, 31.209975148899947]]]}}, {"type": "Feature", "properties": {"bid": 948, "stakeholder": "state"}, "geometry": {"type": "Polygon", "coordinates": [[[121.47131184368108, 31.209897828427245], [121.4712449322543, 31.209900422168126], [121.4712508699182, 31.209953509564677], [121.47131678479707, 31.209948896221032], [121.47131184368108, 31.209897828427245]]]}}, {"type": "Feature", "properties": {"bid": 949, "stakeholder": "resident"}, "geometry": {"type": "Polygon", "coordinates": [[[121.47034790011081, 31.21019227365957], [121.4703958224818, 31.210200285206554], [121.47043878580779, 31.210175214203836], [121.47044283470986, 31.210121337824773], [121.47038000017211, 31.210048056115852], [121.4703170949183, 31.210044722932537], [121.47027910530721, 31.21008888497687], [121.47028506498134, 31.210119989796915], [121.47034790011081, 31.21019227365957]]]}}, {"type": "Feature", "properties": {"bid": 950, "stakeholder": "resident"}, "geometry": {"type": "Polygon", "coordinates": [[[121.47110091821128, 31.210108249281184], [121.47107595224281, 31.210108723607167], [121.47105990876128, 31.210173340632643], [121.47108687087065, 31.2101739076902], [121.47110091821128, 31.210108249281184]]]}}, {"type": "Feature", "properties": {"bid": 951, "stakeholder": "resident"}, "geometry": {"type": "Polygon", "coordinates": [[[121.47094296947603, 31.210273806840632], [121.47097893879324, 31.210254578417906], [121.47098796252885, 31.21021879361541], [121.470965024404, 31.210189330889587], [121.47092608671699, 31.2101815155263], [121.47088012873043, 31.21020353075346], [121.47087311134409, 31.21023036389897], [121.47090203571109, 31.210264949874265], [121.47094296947603, 31.210273806840632]]]}}, {"type": "Feature", "properties": {"bid": 952, "stakeholder": "resident"}, "geometry": {"type": "Polygon", "coordinates": [[[121.47090401264178, 31.210284977551048], [121.4709439528897, 31.210288817064445], [121.47097692745342, 31.210268526268734], [121.47097896106187, 31.21023259428233], [121.47096101283604, 31.2102062344993], [121.47092207313551, 31.210200417651325], [121.4708920914146, 31.210223768949504], [121.47087711476638, 31.210221454608757], [121.47087009739289, 31.210248287751938], [121.4708880697675, 31.210250665275563], [121.47090401264178, 31.210284977551048]]]}}, {"type": "Feature", "properties": {"bid": 953, "stakeholder": "resident"}, "geometry": {"type": "Polygon", "coordinates": [[[121.47054944287606, 31.210356432816237], [121.47061832969236, 31.210370881299525], [121.47062835561087, 31.21033112129874], [121.47073019244135, 31.210349262439767], [121.47072016442348, 31.210391021259106], [121.47078406253365, 31.21040236357748], [121.47080311307876, 31.2103258194777], [121.47088997593517, 31.210340642509557], [121.470900011244, 31.210291888314767], [121.47081814218724, 31.210276171583025], [121.47082616415322, 31.21024336392259], [121.47077424660311, 31.210234273842616], [121.47078728167344, 31.21018158609956], [121.47066048547003, 31.21015792238876], [121.47064645197577, 31.210210588596517], [121.47060451879803, 31.210203705967622], [121.47059549639948, 31.210238490606798], [121.47050264573706, 31.210222534985625], [121.47049161725374, 31.2102662706173], [121.47056849408239, 31.210278890572287], [121.47054944287606, 31.210356432816237]]]}}, {"type": "Feature", "properties": {"bid": 954, "stakeholder": "resident"}, "geometry": {"type": "Polygon", "coordinates": [[[121.47005612140151, 31.210395926680402], [121.46998622643048, 31.21039443861775], [121.46998514734855, 31.210474359775787], [121.47005404381048, 31.21047582660281], [121.47005612140151, 31.210395926680402]]]}}, {"type": "Feature", "properties": {"bid": 955, "stakeholder": "resident"}, "geometry": {"type": "Polygon", "coordinates": [[[121.47027871106695, 31.210478603886994], [121.47015490708692, 31.21046398189713], [121.47014285253226, 31.21053567534869], [121.47026665740476, 31.210549298399087], [121.47027871106695, 31.210478603886994]]]}}, {"type": "Feature", "properties": {"bid": 956, "stakeholder": "state"}, "geometry": {"type": "Polygon", "coordinates": [[[121.4714928585861, 31.210628109935783], [121.47148490562938, 31.21059196872716], [121.47136607845675, 31.210579488374087], [121.47130518859366, 31.210552230373942], [121.4713091931293, 31.210542321315135], [121.47126527204352, 31.21052341276504], [121.47125028778828, 31.21052809489828], [121.47126929468688, 31.210495516702505], [121.47119542959149, 31.21046198880418], [121.47117542420314, 31.210494545628766], [121.47117144387289, 31.21048047180295], [121.4710596348341, 31.210444145325305], [121.47104663093853, 31.210465856393622], [121.47135607010023, 31.210601263337598], [121.4714928585861, 31.210628109935783]]]}}, {"type": "Feature", "properties": {"bid": 957, "stakeholder": "state"}, "geometry": {"type": "Polygon", "coordinates": [[[121.47208876432124, 31.209951000887486], [121.47210881082198, 31.209880466219772], [121.47192409002717, 31.209839658892466], [121.47191406540288, 31.20987642455821], [121.47190304519552, 31.209910171610993], [121.47208876432124, 31.209951000887486]]]}}, {"type": "Feature", "properties": {"bid": 958, "stakeholder": "state"}, "geometry": {"type": "Polygon", "coordinates": [[[121.47158250114659, 31.209876511194288], [121.47165240373135, 31.20988096836458], [121.47164633838007, 31.209952791256732], [121.4717901397031, 31.209961784625477], [121.47182120767445, 31.209855506542617], [121.47144772641695, 31.20983272234815], [121.47143862954613, 31.209939456846197], [121.47157643481661, 31.20994933323748], [121.47158250114659, 31.209876511194288]]]}}, {"type": "Feature", "properties": {"bid": 959, "stakeholder": "resident"}, "geometry": {"type": "Polygon", "coordinates": [[[121.47165240373135, 31.20988096836458], [121.47158250114659, 31.209876511194288], [121.47157643481661, 31.20994933323748], [121.47164633838007, 31.209952791256732], [121.47165240373135, 31.20988096836458]]]}}, {"type": "Feature", "properties": {"bid": 960, "stakeholder": "state"}, "geometry": {"type": "Polygon", "coordinates": [[[121.4719489571778, 31.209938106741447], [121.47201385885158, 31.209952445182125], [121.47199682300025, 31.210009051590017], [121.47215758141034, 31.210044362043455], [121.4721886484249, 31.209940078858505], [121.47209778527895, 31.209919210335045], [121.47208876432124, 31.209951000887486], [121.47190304519552, 31.209910171610993], [121.47191406540288, 31.20987642455821], [121.47182120767445, 31.209855506542617], [121.4717901397031, 31.209961784625477], [121.4719319204138, 31.20999571207369], [121.4719489571778, 31.209938106741447]]]}}, {"type": "Feature", "properties": {"bid": 961, "stakeholder": "state"}, "geometry": {"type": "Polygon", "coordinates": [[[121.47201385885158, 31.209952445182125], [121.4719489571778, 31.209938106741447], [121.4719319204138, 31.20999571207369], [121.47199682300025, 31.210009051590017], [121.47201385885158, 31.209952445182125]]]}}, {"type": "Feature", "properties": {"bid": 962, "stakeholder": "state"}, "geometry": {"type": "Polygon", "coordinates": [[[121.47212458334765, 31.210083650543883], [121.4719738052753, 31.210055540727005], [121.47195073181445, 31.21015699000195], [121.47210150955813, 31.21018510094115], [121.47212458334765, 31.210083650543883]]]}}, {"type": "Feature", "properties": {"bid": 963, "stakeholder": "resident"}, "geometry": {"type": "Polygon", "coordinates": [[[121.47271468570534, 31.21024671140754], [121.47291636466876, 31.210325789224385], [121.47290936094431, 31.210337637634996], [121.47301418787367, 31.210386745995034], [121.47302519096307, 31.210370981713933], [121.47307710610517, 31.210395024351893], [121.47313913520067, 31.21029535874168], [121.47272481958237, 31.21010302023746], [121.47266079157919, 31.21020663252762], [121.47272268806567, 31.210234883979464], [121.47271468570534, 31.21024671140754]]]}}, {"type": "Feature", "properties": {"bid": 964, "stakeholder": "developer"}, "geometry": {"type": "Polygon", "coordinates": [[[121.47141252333229, 31.210275822649944], [121.47140497639707, 31.210360655370746], [121.4715036779771, 31.21036714181883], [121.47149864675411, 31.21042369695883], [121.47165218262424, 31.210433786814853], [121.47166476044728, 31.210292399002764], [121.47141252333229, 31.210275822649944]]]}}, {"type": "Feature", "properties": {"bid": 965, "stakeholder": "state"}, "geometry": {"type": "Polygon", "coordinates": [[[121.47211435196745, 31.210324269737278], [121.47191165134915, 31.21028608690329], [121.47182443160771, 31.21061604080182], [121.4720271295405, 31.210655228555822], [121.47211435196745, 31.210324269737278]]]}}, {"type": "Feature", "properties": {"bid": 966, "stakeholder": "resident"}, "geometry": {"type": "Polygon", "coordinates": [[[121.4725567411798, 31.21038137001358], [121.47245488583589, 31.210362284804607], [121.4724669344787, 31.21029957715523], [121.47239503723041, 31.210286103413125], [121.47238699978983, 31.210332904713702], [121.47236203545698, 31.210328392400918], [121.47228281946354, 31.210640537026045], [121.47247953630473, 31.21067857186073], [121.4725567411798, 31.21038137001358]]]}}, {"type": "Feature", "properties": {"bid": 967, "stakeholder": "resident"}, "geometry": {"type": "Polygon", "coordinates": [[[121.4792808596683, 31.209249315510643], [121.47917792834096, 31.20920357537398], [121.4790677603188, 31.20938953834842], [121.47917268922629, 31.20943532031118], [121.4792808596683, 31.209249315510643]]]}}, {"type": "Feature", "properties": {"bid": 968, "stakeholder": "resident"}, "geometry": {"type": "Polygon", "coordinates": [[[121.47943561553336, 31.209457819524335], [121.47935467039133, 31.20941846222417], [121.47930660272563, 31.20949258497745], [121.47938854803033, 31.209530962656626], [121.47943561553336, 31.209457819524335]]]}}, {"type": "Feature", "properties": {"bid": 969, "stakeholder": "resident"}, "geometry": {"type": "Polygon", "coordinates": [[[121.4793445443546, 31.209542200810855], [121.47909869982345, 31.209441037543908], [121.47905363269014, 31.20951620361763], [121.4793004740625, 31.209618390498278], [121.4793445443546, 31.209542200810855]]]}}, {"type": "Feature", "properties": {"bid": 970, "stakeholder": "resident"}, "geometry": {"type": "Polygon", "coordinates": [[[121.47925340285259, 31.209696525947884], [121.4793004740625, 31.209618390498278], [121.47923351534769, 31.209591258243112], [121.47918844216498, 31.2096714246581], [121.47925340285259, 31.209696525947884]]]}}, {"type": "Feature", "properties": {"bid": 971, "stakeholder": "resident"}, "geometry": {"type": "Polygon", "coordinates": [[[121.47897852875282, 31.209634815783946], [121.47889339306323, 31.20978822491276], [121.478862414324, 31.20977569328579], [121.47880031688499, 31.209887528918443], [121.47910810654184, 31.210015793312778], [121.4791271356238, 31.209983145460907], [121.47919709048948, 31.21001233259557], [121.47923915667809, 31.20993910908618], [121.47917020004947, 31.20991094037754], [121.47922628866797, 31.20981297673199], [121.47924935028834, 31.20974841946014], [121.47897852875282, 31.209634815783946]]]}}, {"type": "Feature", "properties": {"bid": 972, "stakeholder": "resident"}, "geometry": {"type": "Polygon", "coordinates": [[[121.4793791397658, 31.209929519273132], [121.47925221421997, 31.209880375350384], [121.47922420813859, 31.209891885069453], [121.47937012413534, 31.209946352964202], [121.4793791397658, 31.209929519273132]]]}}, {"type": "Feature", "properties": {"bid": 973, "stakeholder": "resident"}, "geometry": {"type": "Polygon", "coordinates": [[[121.47934714304394, 31.209931969309363], [121.47921721995738, 31.20988177183761], [121.47919221234302, 31.209894331890332], [121.4793371276719, 31.20994878567814], [121.47934714304394, 31.209931969309363]]]}}, {"type": "Feature", "properties": {"bid": 974, "stakeholder": "resident"}, "geometry": {"type": "Polygon", "coordinates": [[[121.47948513137396, 31.20992033702316], [121.4794640972349, 31.20995695227231], [121.47944810626689, 31.209950683692504], [121.47941004176927, 31.210019984158695], [121.47954795002806, 31.2100882882981], [121.47964611583211, 31.20991307897174], [121.47924935028834, 31.20974841946014], [121.47922628866797, 31.20981297673199], [121.47948513137396, 31.20992033702316]]]}}, {"type": "Feature", "properties": {"bid": 975, "stakeholder": "state"}, "geometry": {"type": "Polygon", "coordinates": [[[121.47805842249046, 31.20906995660675], [121.47785662130603, 31.208963396859247], [121.47774150912619, 31.209122199315573], [121.47794230599652, 31.20922975415703], [121.47805842249046, 31.20906995660675]]]}}, {"type": "Feature", "properties": {"bid": 976, "stakeholder": "state"}, "geometry": {"type": "Polygon", "coordinates": [[[121.4778772935166, 31.209269552830047], [121.47770746984929, 31.20917554348961], [121.47765442071432, 31.209247528000276], [121.47782224390606, 31.2093415065063], [121.4778772935166, 31.209269552830047]]]}}, {"type": "Feature", "properties": {"bid": 977, "stakeholder": "resident"}, "geometry": {"type": "Polygon", "coordinates": [[[121.47836589765245, 31.209460171535227], [121.4783419182146, 31.209448753397112], [121.47836895126443, 31.20940726331304], [121.47839292977562, 31.209419680325357], [121.47843598303541, 31.209353490960094], [121.4783760334277, 31.2093254471775], [121.47843810971527, 31.209230615905255], [121.47829923113761, 31.209162197190267], [121.47824015816379, 31.20925407883533], [121.47818021173556, 31.209225028643573], [121.47813615965936, 31.209292192659568], [121.4781611377698, 31.209303631655818], [121.47813711161224, 31.209338177069636], [121.47809814683241, 31.20931949211741], [121.47806310607417, 31.20937282559601], [121.47833686130684, 31.209505623145674], [121.47836589765245, 31.209460171535227]]]}}, {"type": "Feature", "properties": {"bid": 978, "stakeholder": "resident"}, "geometry": {"type": "Polygon", "coordinates": [[[121.47878659840207, 31.209617479961018], [121.47876561515045, 31.209607119844918], [121.47878964693314, 31.20956956727764], [121.4788106302691, 31.209579927075083], [121.4788466824483, 31.20951959998916], [121.47879572245984, 31.209494726671373], [121.47885079900709, 31.20940575265796], [121.478729897932, 31.209343680582492], [121.47867782668368, 31.209427706697284], [121.47862586967473, 31.209401811136903], [121.47858681879768, 31.209463079646472], [121.47860879996871, 31.2094744589715], [121.47858977442058, 31.20950510195422], [121.47855480401144, 31.209487497563206], [121.47852476293178, 31.20953693198902], [121.47876156286384, 31.209659012088135], [121.47878659840207, 31.209617479961018]]]}}, {"type": "Feature", "properties": {"bid": 979, "stakeholder": "resident"}, "geometry": {"type": "Polygon", "coordinates": [[[121.47807751587042, 31.209540099562], [121.4781619237691, 31.209599212900514], [121.47823070058422, 31.20952666477378], [121.47814629273508, 31.209467551477143], [121.47807751587042, 31.209540099562]]]}}, {"type": "Feature", "properties": {"bid": 980, "stakeholder": "resident"}, "geometry": {"type": "Polygon", "coordinates": [[[121.47825232532342, 31.209522727765354], [121.4781729420751, 31.20962493907699], [121.4783101579892, 31.209703665286344], [121.47838954110244, 31.20960145390532], [121.47825232532342, 31.209522727765354]]]}}, {"type": "Feature", "properties": {"bid": 981, "stakeholder": "state"}, "geometry": {"type": "Polygon", "coordinates": [[[121.47803079838663, 31.209684024821], [121.47778104676172, 31.209550612306547], [121.47764390182272, 31.209754977132025], [121.47789364702578, 31.209889409239793], [121.47803079838663, 31.209684024821]]]}}, {"type": "Feature", "properties": {"bid": 982, "stakeholder": "resident"}, "geometry": {"type": "Polygon", "coordinates": [[[121.47866133792395, 31.210102189828092], [121.47869315242338, 31.210041931312002], [121.47849283932858, 31.20996380475606], [121.4784382999384, 31.2100671050209], [121.47851842523623, 31.210098355710123], [121.47854114995553, 31.2100553139244], [121.47866133792395, 31.210102189828092]]]}}, {"type": "Feature", "properties": {"bid": 983, "stakeholder": "resident"}, "geometry": {"type": "Polygon", "coordinates": [[[121.47810836114638, 31.21007913775622], [121.47800645866312, 31.21002534606071], [121.47796541787672, 31.210082567055565], [121.47806632012488, 31.210136343337698], [121.47810836114638, 31.21007913775622]]]}}, {"type": "Feature", "properties": {"bid": 984, "stakeholder": "resident"}, "geometry": {"type": "Polygon", "coordinates": [[[121.47833908708196, 31.210260129564293], [121.47837011382241, 31.210222707398824], [121.47833714783235, 31.210201136641565], [121.47832013205276, 31.210222818652422], [121.47830612125689, 31.210238558178325], [121.47833908708196, 31.210260129564293]]]}}, {"type": "Feature", "properties": {"bid": 985, "stakeholder": "state"}, "geometry": {"type": "Polygon", "coordinates": [[[121.4770103450843, 31.209658399005725], [121.47683257129451, 31.209544171206232], [121.4768035550153, 31.2095776058693], [121.47698132803406, 31.20969183652159], [121.4770103450843, 31.209658399005725]]]}}, {"type": "Feature", "properties": {"bid": 986, "stakeholder": "resident"}, "geometry": {"type": "Polygon", "coordinates": [[[121.47673250786352, 31.20966721424089], [121.47660368074287, 31.20958085978998], [121.47648162622433, 31.209713469296837], [121.47660744898259, 31.20980377307103], [121.47673250786352, 31.20966721424089]]]}}, {"type": "Feature", "properties": {"bid": 987, "stakeholder": "state"}, "geometry": {"type": "Polygon", "coordinates": [[[121.47681235086884, 31.209770633689676], [121.47671048030575, 31.20970777320276], [121.47660742849087, 31.20982375857926], [121.47671029683579, 31.209886643481134], [121.47681235086884, 31.209770633689676]]]}}, {"type": "Feature", "properties": {"bid": 988, "stakeholder": "state"}, "geometry": {"type": "Polygon", "coordinates": [[[121.47759885510368, 31.20982210923439], [121.4778485995704, 31.209955548697447], [121.47789364702578, 31.209889409239793], [121.47764390182272, 31.209754977132025], [121.47759885510368, 31.20982210923439]]]}}, {"type": "Feature", "properties": {"bid": 989, "stakeholder": "resident"}, "geometry": {"type": "Polygon", "coordinates": [[[121.47672716805937, 31.210001878089823], [121.4765603940989, 31.209887829346602], [121.47646835177454, 31.209990023903735], [121.47663512350697, 31.210104080933714], [121.47672716805937, 31.210001878089823]]]}}, {"type": "Feature", "properties": {"bid": 990, "stakeholder": "resident"}, "geometry": {"type": "Polygon", "coordinates": [[[121.47723257477412, 31.21028606747053], [121.47729649758493, 31.21032721589171], [121.4775366665017, 31.210036823079687], [121.47711817083471, 31.20976632093595], [121.47704112092947, 31.20985882840465], [121.47737070721861, 31.210081752619768], [121.47723257477412, 31.21028606747053]]]}}, {"type": "Feature", "properties": {"bid": 991, "stakeholder": "resident"}, "geometry": {"type": "Polygon", "coordinates": [[[121.47723257477412, 31.21028606747053], [121.47737070721861, 31.210081752619768], [121.47704112092947, 31.20985882840465], [121.47688202065466, 31.210050735576772], [121.47723257477412, 31.21028606747053]]]}}, {"type": "Feature", "properties": {"bid": 992, "stakeholder": "unknown"}, "geometry": {"type": "Polygon", "coordinates": [[[121.47663112417433, 31.21010600451734], [121.47647533971576, 31.209997150640675], [121.47643431964048, 31.210044343578033], [121.47659210181689, 31.2101532384184], [121.47663112417433, 31.21010600451734]]]}}, {"type": "Feature", "properties": {"bid": 993, "stakeholder": "resident"}, "geometry": {"type": "Polygon", "coordinates": [[[121.47757654061193, 31.210140477755658], [121.4775395833642, 31.210116819954063], [121.4774795419188, 31.210187672594934], [121.47751749727774, 31.210212349213414], [121.47757654061193, 31.210140477755658]]]}}, {"type": "Feature", "properties": {"bid": 994, "stakeholder": "resident"}, "geometry": {"type": "Polygon", "coordinates": [[[121.47681798015729, 31.210129485727524], [121.47717253570046, 31.210357909012075], [121.47723257477412, 31.21028606747053], [121.47688202065466, 31.210050735576772], [121.47681798015729, 31.210129485727524]]]}}, {"type": "Feature", "properties": {"bid": 995, "stakeholder": "resident"}, "geometry": {"type": "Polygon", "coordinates": [[[121.47916895925617, 31.210146752380695], [121.47919594280006, 31.21015721050822], [121.47915287143142, 31.210236411369245], [121.47928679043923, 31.210288681563096], [121.47932786320838, 31.210209442670813], [121.47935584736808, 31.21021991514703], [121.4794149510044, 31.210108005936263], [121.47915410461599, 31.210007594175572], [121.47911603822308, 31.210080884537096], [121.47879224972166, 31.209955339825232], [121.47874216605965, 31.210051394657903], [121.47913890630993, 31.210205192136698], [121.47916895925617, 31.210146752380695]]]}}, {"type": "Feature", "properties": {"bid": 996, "stakeholder": "resident"}, "geometry": {"type": "Polygon", "coordinates": [[[121.47829919724087, 31.210166485681214], [121.47827722018621, 31.210152104303692], [121.47825519740901, 31.21018269011706], [121.47832013205276, 31.210222818652422], [121.47833714783235, 31.210201136641565], [121.47837011382241, 31.210222707398824], [121.47835309896914, 31.21024339047682], [121.47848696591916, 31.21032770504639], [121.47850398012804, 31.2103080198384], [121.47853694816774, 31.210328587949736], [121.4785209324989, 31.210349290437648], [121.47861484230886, 31.210407905933717], [121.47865788577612, 31.21035170302417], [121.4783212161275, 31.21013989639221], [121.47829919724087, 31.210166485681214]]]}}, {"type": "Feature", "properties": {"bid": 997, "stakeholder": "resident"}, "geometry": {"type": "Polygon", "coordinates": [[[121.47887788993751, 31.210284603987642], [121.47869794990959, 31.2102764600744], [121.47869692078349, 31.210305421599287], [121.47887686179615, 31.210312566348247], [121.47887788993751, 31.210284603987642]]]}}, {"type": "Feature", "properties": {"bid": 998, "stakeholder": "resident"}, "geometry": {"type": "Polygon", "coordinates": [[[121.4785209324989, 31.210349290437648], [121.47850692022826, 31.210366030979007], [121.4784729547405, 31.210343446013674], [121.47848696591916, 31.21032770504639], [121.47835309896914, 31.21024339047682], [121.47833908708196, 31.210260129564293], [121.47830612125689, 31.210238558178325], [121.47832013205276, 31.210222818652422], [121.47825519740901, 31.21018269011706], [121.47822217106818, 31.21022107371523], [121.47858481097694, 31.210448348268017], [121.47861484230886, 31.210407905933717], [121.4785209324989, 31.210349290437648]]]}}, {"type": "Feature", "properties": {"bid": 999, "stakeholder": "resident"}, "geometry": {"type": "Polygon", "coordinates": [[[121.47850398012804, 31.2103080198384], [121.4784729547405, 31.210343446013674], [121.47850692022826, 31.210366030979007], [121.4785209324989, 31.210349290437648], [121.47853694816774, 31.210328587949736], [121.47850398012804, 31.2103080198384]]]}}, {"type": "Feature", "properties": {"bid": 1000, "stakeholder": "resident"}, "geometry": {"type": "Polygon", "coordinates": [[[121.47797205311679, 31.210438435966456], [121.47800907907151, 31.21039713128289], [121.47791518140447, 31.210336482684177], [121.47790417228907, 31.21035027434215], [121.47787815498874, 31.210378784567986], [121.47797205311679, 31.210438435966456]]]}}, {"type": "Feature", "properties": {"bid": 1001, "stakeholder": "resident"}, "geometry": {"type": "Polygon", "coordinates": [[[121.47862882040181, 31.21042513993693], [121.47862984639903, 31.210399176268197], [121.47866983218194, 31.21040087845006], [121.4786688061779, 31.210426842143825], [121.47887273928019, 31.210434408626377], [121.47887275345533, 31.21042041871919], [121.47891274303741, 31.210420116245075], [121.4789127258249, 31.210437103989413], [121.4790037009169, 31.21043868544246], [121.4790067669834, 31.21037278507992], [121.4786798654086, 31.210365079982928], [121.47865788577612, 31.21035170302417], [121.478602830157, 31.21042368322145], [121.47862882040181, 31.21042513993693]]]}}, {"type": "Feature", "properties": {"bid": 1002, "stakeholder": "resident"}, "geometry": {"type": "Polygon", "coordinates": [[[121.47862984639903, 31.210399176268197], [121.4786288052177, 31.210440129124034], [121.478668790994, 31.21044183133098], [121.4786688061779, 31.210426842143825], [121.47866983218194, 31.21040087845006], [121.47862984639903, 31.210399176268197]]]}}, {"type": "Feature", "properties": {"bid": 1003, "stakeholder": "resident"}, "geometry": {"type": "Polygon", "coordinates": [[[121.47891170181788, 31.210461069282808], [121.47891274303741, 31.210420116245075], [121.47887275345533, 31.21042041871919], [121.47887273928019, 31.210434408626377], [121.47887071253388, 31.21046135429822], [121.47891170181788, 31.210461069282808]]]}}, {"type": "Feature", "properties": {"bid": 1004, "stakeholder": "resident"}, "geometry": {"type": "Polygon", "coordinates": [[[121.47868477668281, 31.21045110573601], [121.47868374969369, 31.21047806872718], [121.47885469494099, 31.21048305941929], [121.47885471112409, 31.210467070948997], [121.47892868895225, 31.210469359363458], [121.47892972206819, 31.21043640054575], [121.4789127258249, 31.210437103989413], [121.47891170181788, 31.210461069282808], [121.47887071253388, 31.21046135429822], [121.47887273928019, 31.210434408626377], [121.4786688061779, 31.210426842143825], [121.478668790994, 31.21044183133098], [121.4786288052177, 31.210440129124034], [121.47862882040181, 31.21042513993693], [121.478602830157, 31.21042368322145], [121.47858481097694, 31.210448348268017], [121.47868477668281, 31.21045110573601]]]}}, {"type": "Feature", "properties": {"bid": 1005, "stakeholder": "unknown"}, "geometry": {"type": "Polygon", "coordinates": [[[121.47872595939131, 31.210737742484923], [121.47867094964158, 31.210830357557757], [121.47871993000172, 31.210851848437894], [121.47866992110488, 31.2109360439719], [121.47868595044113, 31.210943077073814], [121.47871881731965, 31.210899749723694], [121.47881720269615, 31.210777776854947], [121.47872595939131, 31.210737742484923]]]}}, {"type": "Feature", "properties": {"bid": 1006, "stakeholder": "resident"}, "geometry": {"type": "Polygon", "coordinates": [[[121.47778617136238, 31.210404102862967], [121.47776115515502, 31.21043163012524], [121.47779012389172, 31.21044914280151], [121.47781013957056, 31.210424522552046], [121.47796297226785, 31.210522213557734], [121.4780390283628, 31.21043464323196], [121.47799907137257, 31.21040894297102], [121.47797205311679, 31.210438435966456], [121.47787815498874, 31.210378784567986], [121.47790417228907, 31.21035027434215], [121.47757654061193, 31.210140477755658], [121.47751749727774, 31.210212349213414], [121.4774795419188, 31.210187672594934], [121.47746853460228, 31.21020046216966], [121.47778617136238, 31.210404102862967]]]}}, {"type": "Feature", "properties": {"bid": 1007, "stakeholder": "resident"}, "geometry": {"type": "Polygon", "coordinates": [[[121.47690968176757, 31.21036702819287], [121.47657700537081, 31.21025788106811], [121.4765349359268, 31.210354022166257], [121.47686561255989, 31.210462140399326], [121.47690968176757, 31.21036702819287]]]}}, {"type": "Feature", "properties": {"bid": 1008, "stakeholder": "resident"}, "geometry": {"type": "Polygon", "coordinates": [[[121.4773584789973, 31.210312365719055], [121.47727342759583, 31.210408733939293], [121.47731138174981, 31.210433415051572], [121.47739443575735, 31.21033600906447], [121.4773584789973, 31.210312365719055]]]}}, {"type": "Feature", "properties": {"bid": 1009, "stakeholder": "resident"}, "geometry": {"type": "Polygon", "coordinates": [[[121.477739139621, 31.210457212837866], [121.47745047013952, 31.21027308034661], [121.47731138174981, 31.210433415051572], [121.4776000450364, 31.210617570839762], [121.477739139621, 31.210457212837866]]]}}, {"type": "Feature", "properties": {"bid": 1010, "stakeholder": "resident"}, "geometry": {"type": "Polygon", "coordinates": [[[121.47781209814899, 31.21046452988492], [121.47776115515502, 31.21043163012524], [121.47768910477521, 31.21051526348822], [121.47774004820553, 31.210547166133367], [121.47781209814899, 31.21046452988492]]]}}, {"type": "Feature", "properties": {"bid": 1011, "stakeholder": "resident"}, "geometry": {"type": "Polygon", "coordinates": [[[121.47675360226513, 31.210541992871523], [121.47649088758112, 31.21043113844263], [121.4764448370562, 31.210512213168727], [121.4767065496443, 31.21062405470263], [121.47675360226513, 31.210541992871523]]]}}, {"type": "Feature", "properties": {"bid": 1012, "stakeholder": "resident"}, "geometry": {"type": "Polygon", "coordinates": [[[121.47686049563754, 31.210580961622778], [121.47684147455698, 31.21061358401239], [121.47687743744473, 31.21062824425536], [121.47689645862692, 31.210595621488665], [121.47686049563754, 31.210580961622778]]]}}, {"type": "Feature", "properties": {"bid": 1013, "stakeholder": "resident"}, "geometry": {"type": "Polygon", "coordinates": [[[121.47681546110107, 31.21064307787662], [121.47676040037526, 31.210737982628075], [121.47680335426823, 31.210756772162423], [121.4768594157074, 31.21066088545194], [121.47681546110107, 31.21064307787662]]]}}, {"type": "Feature", "properties": {"bid": 1014, "stakeholder": "resident"}, "geometry": {"type": "Polygon", "coordinates": [[[121.47676793154181, 31.210790803979485], [121.47682526506131, 31.21081889068759], [121.47684705078723, 31.210786039232385], [121.47678971728732, 31.210757952531342], [121.47676793154181, 31.210790803979485]]]}}, {"type": "Feature", "properties": {"bid": 1015, "stakeholder": "resident"}, "geometry": {"type": "Polygon", "coordinates": [[[121.4772999470656, 31.2108708979406], [121.47729490685221, 31.21091377520338], [121.47733682019918, 31.210977501375623], [121.4774197563289, 31.210997009875708], [121.47746474691871, 31.210982843845958], [121.47749875869808, 31.210953486575537], [121.47751581770753, 31.21088584572068], [121.47749886279826, 31.21084956120125], [121.47746390960856, 31.210820941807693], [121.47739196185148, 31.210806633401663], [121.47732296915923, 31.21083634553451], [121.4772999470656, 31.2108708979406]]]}}, {"type": "Feature", "properties": {"bid": 1016, "stakeholder": "resident"}, "geometry": {"type": "Polygon", "coordinates": [[[121.47728683741593, 31.21098757509299], [121.47734078300732, 31.211012549695283], [121.47735279528, 31.210993783492082], [121.47739774441813, 31.21102058979045], [121.47735671223508, 31.211074798820615], [121.47771132847072, 31.2112791325755], [121.47781041037422, 31.21115001909839], [121.477758464384, 31.211120098900214], [121.47777247649672, 31.211101365998214], [121.47754272044052, 31.2109692787609], [121.47750569004155, 31.211018567787786], [121.47745174893534, 31.210987602562003], [121.47739477002881, 31.210996552033755], [121.47733682019918, 31.210977501375623], [121.47729988501307, 31.210932853453862], [121.4772999470656, 31.2108708979406], [121.47733997265847, 31.210823666935877], [121.47739196185148, 31.210806633401663], [121.47689645862692, 31.210595621488665], [121.47680335426823, 31.210756772162423], [121.47730085045647, 31.210966847443675], [121.47728683741593, 31.21098757509299]]]}}, {"type": "Feature", "properties": {"bid": 1017, "stakeholder": "resident"}, "geometry": {"type": "Polygon", "coordinates": [[[121.47754272044052, 31.2109692787609], [121.47750276356828, 31.210946564636792], [121.47745174893534, 31.210987602562003], [121.47750569004155, 31.211018567787786], [121.47754272044052, 31.2109692787609]]]}}, {"type": "Feature", "properties": {"bid": 1018, "stakeholder": "resident"}, "geometry": {"type": "Polygon", "coordinates": [[[121.47722567012819, 31.211189307345357], [121.47714476726706, 31.21113784955731], [121.4771077455249, 31.211181134596355], [121.47718964735463, 31.21123261251443], [121.47722567012819, 31.211189307345357]]]}}, {"type": "Feature", "properties": {"bid": 1019, "stakeholder": "resident"}, "geometry": {"type": "Polygon", "coordinates": [[[121.4768378703518, 31.211219093401322], [121.47694780064126, 31.211221139536303], [121.47694073457512, 31.211291958761482], [121.47702962900154, 31.211344573303673], [121.47706765443786, 31.21129631189655], [121.47703069973761, 31.211272643282314], [121.47709374099566, 31.21119386648565], [121.47704979243282, 31.21116807026396], [121.47703978559491, 31.211180875786447], [121.47701181763955, 31.21116536773582], [121.47701982267711, 31.21115552316104], [121.47694890740411, 31.211113235394524], [121.47691488594332, 31.211155572897773], [121.47683193681894, 31.21115602667793], [121.47680498908211, 31.211120548399087], [121.47672799569693, 31.21116307930162], [121.47673797716858, 31.21117525759791], [121.47671997911857, 31.211184914014147], [121.47670999767297, 31.211172735619872], [121.47667200213586, 31.21119300957753], [121.47672889076796, 31.2112680228911], [121.4766828945542, 31.21129414325901], [121.47673179962862, 31.211358014650557], [121.47685478999777, 31.211289360005434], [121.47683580218666, 31.21128900608835], [121.4768378703518, 31.211219093401322]]]}}, {"type": "Feature", "properties": {"bid": 1020, "stakeholder": "resident"}, "geometry": {"type": "Polygon", "coordinates": [[[121.47694780064126, 31.211221139536303], [121.4768378703518, 31.211219093401322], [121.47683580218666, 31.21128900608835], [121.47685478999777, 31.211289360005434], [121.47694473207308, 31.211292033056676], [121.47694780064126, 31.211221139536303]]]}}, {"type": "Feature", "properties": {"bid": 1021, "stakeholder": "resident"}, "geometry": {"type": "Polygon", "coordinates": [[[121.47736548753325, 31.211295805743255], [121.47726460298828, 31.21123499296811], [121.47711850404187, 31.211418168486425], [121.4772193883591, 31.211476991068988], [121.47736548753325, 31.211295805743255]]]}}, {"type": "Feature", "properties": {"bid": 1022, "stakeholder": "resident"}, "geometry": {"type": "Polygon", "coordinates": [[[121.4777320629661, 31.211537329135982], [121.47768610256084, 31.21151950685328], [121.47766607317976, 31.21155911516245], [121.47741329684608, 31.21146256672728], [121.47743332150138, 31.21142695850546], [121.47747028767287, 31.211441625167648], [121.47754038704592, 31.21130500174166], [121.47743947667709, 31.211267182590454], [121.47728826792546, 31.211560202219104], [121.47764894508828, 31.21169770726504], [121.4777320629661, 31.211537329135982]]]}}, {"type": "Feature", "properties": {"bid": 1023, "stakeholder": "resident"}, "geometry": {"type": "Polygon", "coordinates": [[[121.47720128647804, 31.211590578137823], [121.47710135049442, 31.211583735910207], [121.47709427899031, 31.21166055164496], [121.4771932164324, 31.211666376544656], [121.47720128647804, 31.211590578137823]]]}}, {"type": "Feature", "properties": {"bid": 1024, "stakeholder": "resident"}, "geometry": {"type": "Polygon", "coordinates": [[[121.47659657286943, 31.21167725714258], [121.4767054975398, 31.211681297530163], [121.47669843257678, 31.21175211607356], [121.47678732407007, 31.211804742559135], [121.47682634873387, 31.211754506095758], [121.47678839294407, 31.211733811713373], [121.47685243208478, 31.21165306307558], [121.47680848498146, 31.211627260934673], [121.47679747933898, 31.211640046524906], [121.4767705116707, 31.211624553377135], [121.47677751692915, 31.211614691161223], [121.47670660400185, 31.211572393868945], [121.47667258339527, 31.211615726327125], [121.4765906378632, 31.211615188714532], [121.47656269146717, 31.21157968803123], [121.4764857015996, 31.211622209078875], [121.47649568281918, 31.211634388710756], [121.47647768460446, 31.211645042117595], [121.4764677053755, 31.211630863813742], [121.47643070986862, 31.211652151074247], [121.47648759714673, 31.211727171972026], [121.4764416030324, 31.21175328651009], [121.47649050596398, 31.211818163713804], [121.47661449100165, 31.211748544237537], [121.47659450461367, 31.21174816909444], [121.47659657286943, 31.21167725714258]]]}}, {"type": "Feature", "properties": {"bid": 1025, "stakeholder": "resident"}, "geometry": {"type": "Polygon", "coordinates": [[[121.4767054975398, 31.211681297530163], [121.47659657286943, 31.21167725714258], [121.47659450461367, 31.21174816909444], [121.47661449100165, 31.211748544237537], [121.47670442858714, 31.211752228303794], [121.4767054975398, 31.211681297530163]]]}}, {"type": "Feature", "properties": {"bid": 1026, "stakeholder": "resident"}, "geometry": {"type": "Polygon", "coordinates": [[[121.47836236620265, 31.21096604768093], [121.47839133821026, 31.210983549967864], [121.47844139062738, 31.210913486723026], [121.47841241638538, 31.210897983896462], [121.47836236620265, 31.21096604768093]]]}}, {"type": "Feature", "properties": {"bid": 1027, "stakeholder": "resident"}, "geometry": {"type": "Polygon", "coordinates": [[[121.47838217999946, 31.211145274278742], [121.47841814758522, 31.211164898822524], [121.47854027009248, 31.21100017515101], [121.47853430918121, 31.210963095832774], [121.47844139062738, 31.210913486723026], [121.47839133821026, 31.210983549967864], [121.47836236620265, 31.21096604768093], [121.47826426771292, 31.211101207110914], [121.47837016961944, 31.211160050648743], [121.47838217999946, 31.211145274278742]]]}}, {"type": "Feature", "properties": {"bid": 1028, "stakeholder": "resident"}, "geometry": {"type": "Polygon", "coordinates": [[[121.47830912950782, 31.21122292129167], [121.47830112270776, 31.211232771864108], [121.47834907724747, 31.211260605611706], [121.47841814758522, 31.211164898822524], [121.47838217999946, 31.211145274278742], [121.47837016961944, 31.211160050648743], [121.47826426771292, 31.211101207110914], [121.47821421719834, 31.21117126506004], [121.47830912950782, 31.21122292129167]]]}}, {"type": "Feature", "properties": {"bid": 1029, "stakeholder": "resident"}, "geometry": {"type": "Polygon", "coordinates": [[[121.47800724084993, 31.211232512906125], [121.47794630606131, 31.21119344320523], [121.47785422856042, 31.21131269818017], [121.47791616301186, 31.211350789971387], [121.47800724084993, 31.211232512906125]]]}}, {"type": "Feature", "properties": {"bid": 1030, "stakeholder": "resident"}, "geometry": {"type": "Polygon", "coordinates": [[[121.47830912950782, 31.21122292129167], [121.47821421719834, 31.21117126506004], [121.47805506306736, 31.211391261545423], [121.47817395011464, 31.211456346585692], [121.47821194137839, 31.211450029961327], [121.47834907724747, 31.211260605611706], [121.47830112270776, 31.211232771864108], [121.47830912950782, 31.21122292129167]]]}}, {"type": "Feature", "properties": {"bid": 1031, "stakeholder": "resident"}, "geometry": {"type": "Polygon", "coordinates": [[[121.46985137071762, 31.210450523368646], [121.46996919356208, 31.210452035325098], [121.46996917141564, 31.21047401949579], [121.46998514734855, 31.210474359775787], [121.46998622643048, 31.21039443861775], [121.47005612140151, 31.210395926680402], [121.47005404381048, 31.21047582660281], [121.47007001885356, 31.210477165869808], [121.4700710536024, 31.21044121302095], [121.47017989204755, 31.210442528374994], [121.47018097222282, 31.210361607913736], [121.46983948364665, 31.210356335495295], [121.46982244389073, 31.210420926625993], [121.46985239841138, 31.21042156553307], [121.46985137071762, 31.210450523368646]]]}}, {"type": "Feature", "properties": {"bid": 1032, "stakeholder": "resident"}, "geometry": {"type": "Polygon", "coordinates": [[[121.46923481531336, 31.210941985043913], [121.46901620544747, 31.21089132465868], [121.46898815918757, 31.210981658854628], [121.46920676869479, 31.211032320304245], [121.46923481531336, 31.210941985043913]]]}}, {"type": "Feature", "properties": {"bid": 1033, "stakeholder": "resident"}, "geometry": {"type": "Polygon", "coordinates": [[[121.46900722266264, 31.210888133759397], [121.46896327537173, 31.21090417759854], [121.46887514117839, 31.211178091267183], [121.46891107604849, 31.211186858431237], [121.46900722266264, 31.210888133759397]]]}}, {"type": "Feature", "properties": {"bid": 1034, "stakeholder": "resident"}, "geometry": {"type": "Polygon", "coordinates": [[[121.46882839940248, 31.210992214205525], [121.46877632076952, 31.211153980530465], [121.46887514117839, 31.211178091267183], [121.46896327537173, 31.21090417759854], [121.46882839940248, 31.210992214205525]]]}}, {"type": "Feature", "properties": {"bid": 1035, "stakeholder": "resident"}, "geometry": {"type": "Polygon", "coordinates": [[[121.46973281235546, 31.211186479359352], [121.46972580028138, 31.211209313697676], [121.46977072381753, 31.211218267157165], [121.46979578577998, 31.211117872026012], [121.46957715720019, 31.211076227808746], [121.4695510971345, 31.21117660047537], [121.46960101234743, 31.21118566221054], [121.46960602842171, 31.21116178607712], [121.46973281235546, 31.211186479359352]]]}}, {"type": "Feature", "properties": {"bid": 1036, "stakeholder": "resident"}, "geometry": {"type": "Polygon", "coordinates": [[[121.46918168495664, 31.21115569616699], [121.46894011911616, 31.211097545194995], [121.46891107604849, 31.211186858431237], [121.46915364090377, 31.21124403273813], [121.46918168495664, 31.21115569616699]]]}}, {"type": "Feature", "properties": {"bid": 1037, "stakeholder": "resident"}, "geometry": {"type": "Polygon", "coordinates": [[[121.46978271289355, 31.211202084141963], [121.4698438464705, 31.211223448574295], [121.46986870386087, 31.211170905539433], [121.46980757031997, 31.211149541113034], [121.46978271289355, 31.211202084141963]]]}}, {"type": "Feature", "properties": {"bid": 1038, "stakeholder": "resident"}, "geometry": {"type": "Polygon", "coordinates": [[[121.46960602842171, 31.21116178607712], [121.46958397618437, 31.211248254337193], [121.46971076092395, 31.211271948898], [121.46972580028138, 31.211209313697676], [121.46973281235546, 31.211186479359352], [121.46960602842171, 31.21116178607712]]]}}, {"type": "Feature", "properties": {"bid": 1039, "stakeholder": "resident"}, "geometry": {"type": "Polygon", "coordinates": [[[121.46971878130715, 31.21123914303155], [121.46971076092395, 31.211271948898], [121.46958397618437, 31.211248254337193], [121.46959199254765, 31.211219445818983], [121.46952211114957, 31.211206958988548], [121.46950407173779, 31.21127452593668], [121.4697636298165, 31.21132404231366], [121.46978167447446, 31.21125147799444], [121.46971878130715, 31.21123914303155]]]}}, {"type": "Feature", "properties": {"bid": 1040, "stakeholder": "resident"}, "geometry": {"type": "Polygon", "coordinates": [[[121.46991245326853, 31.211277251179972], [121.46997434897003, 31.21128956234827], [121.46997935921843, 31.211271681533386], [121.46993842786823, 31.211263814410415], [121.46994343514848, 31.21124893149511], [121.46972580028138, 31.211209313697676], [121.46971878130715, 31.21123914303155], [121.46978167447446, 31.21125147799444], [121.4697636298165, 31.21132404231366], [121.46989440943969, 31.21134881671162], [121.46991245326853, 31.211277251179972]]]}}, {"type": "Feature", "properties": {"bid": 1041, "stakeholder": "state"}, "geometry": {"type": "Polygon", "coordinates": [[[121.47110944596227, 31.210563110387625], [121.47109644507589, 31.210581823805626], [121.47111940383571, 31.21059130016738], [121.47111040136531, 31.21060610046919], [121.47118027451883, 31.210636548399744], [121.47118927603833, 31.21062274720384], [121.47121123640842, 31.210632202017845], [121.47122224019984, 31.21061344626179], [121.47130308590853, 31.210657113029015], [121.47132109218283, 31.21062651215147], [121.4713410555986, 31.21063592429846], [121.47135607010023, 31.210601263337598], [121.47104663093853, 31.210465856393622], [121.47102060009261, 31.210532261861037], [121.47110944596227, 31.210563110387625]]]}}, {"type": "Feature", "properties": {"bid": 1042, "stakeholder": "resident"}, "geometry": {"type": "Polygon", "coordinates": [[[121.4710194879998, 31.210645159619048], [121.47087970723841, 31.210621229804133], [121.47085864088865, 31.210716718674465], [121.47099842341198, 31.21073865071197], [121.4710194879998, 31.210645159619048]]]}}, {"type": "Feature", "properties": {"bid": 1043, "stakeholder": "resident"}, "geometry": {"type": "Polygon", "coordinates": [[[121.47124012595795, 31.21070275958402], [121.47126313418494, 31.21066327023181], [121.47120723394016, 31.210640112410374], [121.47118322821724, 31.21067858114554], [121.47107043133462, 31.210631241888965], [121.47103941873684, 31.21068655044563], [121.47105638882395, 31.210692903287626], [121.47104838403789, 31.21070872373747], [121.47127896787538, 31.210807502023606], [121.47129097428319, 31.210784769848377], [121.47130694619001, 31.210791100578994], [121.47131394953318, 31.210778256462103], [121.47133395698927, 31.21074370023434], [121.47124012595795, 31.21070275958402]]]}}, {"type": "Feature", "properties": {"bid": 1044, "stakeholder": "resident"}, "geometry": {"type": "Polygon", "coordinates": [[[121.47053505609927, 31.21111361437103], [121.47046203385327, 31.211163568713594], [121.47050078160699, 31.211205409480016], [121.47057380385176, 31.211155455112042], [121.47053505609927, 31.21111361437103]]]}}, {"type": "Feature", "properties": {"bid": 1045, "stakeholder": "resident"}, "geometry": {"type": "Polygon", "coordinates": [[[121.46997935921843, 31.211271681533386], [121.46997434897003, 31.21128956234827], [121.46991245326853, 31.211277251179972], [121.46989440943969, 31.21134881671162], [121.47017793542479, 31.211403818022347], [121.47019698108113, 31.21132927471427], [121.47012709808098, 31.2113147981102], [121.47013411626186, 31.21128596744381], [121.47017105425608, 31.211293747919797], [121.47020814166683, 31.211150635937607], [121.47000747643563, 31.211111391945906], [121.46998342733012, 31.211196820158875], [121.47002236182652, 31.211204644368937], [121.470019356438, 31.21121457345191], [121.46995446503763, 31.211202199068794], [121.46994343514848, 31.21124893149511], [121.46993842786823, 31.211263814410415], [121.46997935921843, 31.211271681533386]]]}}, {"type": "Feature", "properties": {"bid": 1046, "stakeholder": "resident"}, "geometry": {"type": "Polygon", "coordinates": [[[121.47028678996998, 31.211235305883964], [121.4702425413844, 31.211272901096052], [121.47028628328248, 31.211310931810857], [121.47033053185939, 31.211273336583098], [121.47028678996998, 31.211235305883964]]]}}, {"type": "Feature", "properties": {"bid": 1047, "stakeholder": "resident"}, "geometry": {"type": "Polygon", "coordinates": [[[121.47070426977655, 31.21130804665711], [121.47072832024298, 31.211222614344468], [121.47060751456024, 31.21120007466203], [121.47059648796336, 31.2112428115871], [121.47053858205163, 31.211231593073027], [121.47048447428551, 31.21141931635031], [121.47063023759847, 31.211447384153644], [121.47067232080771, 31.21130237495829], [121.47070426977655, 31.21130804665711]]]}}, {"type": "Feature", "properties": {"bid": 1048, "stakeholder": "resident"}, "geometry": {"type": "Polygon", "coordinates": [[[121.47067232080771, 31.21130237495829], [121.47063023759847, 31.211447384153644], [121.47074305514025, 31.211469754478962], [121.47079118543036, 31.21126891050392], [121.47149609905796, 31.211385650765475], [121.47150111887662, 31.21135877443799], [121.47072832024298, 31.211222614344468], [121.47070426977655, 31.21130804665711], [121.47067232080771, 31.21130237495829]]]}}, {"type": "Feature", "properties": {"bid": 1049, "stakeholder": "resident"}, "geometry": {"type": "Polygon", "coordinates": [[[121.47007705554358, 31.211432651239022], [121.4700131642295, 31.2114183003369], [121.46999812777405, 31.211477938665094], [121.47006101953991, 31.211493267819776], [121.47007705554358, 31.211432651239022]]]}}, {"type": "Feature", "properties": {"bid": 1050, "stakeholder": "resident"}, "geometry": {"type": "Polygon", "coordinates": [[[121.47126831941853, 31.21147481494568], [121.47127934748733, 31.211431076718785], [121.47119447917511, 31.211415305362667], [121.4711814529868, 31.211460000668403], [121.47097677402041, 31.211421719871964], [121.47098780280614, 31.211376983249174], [121.47087498267422, 31.211354620036218], [121.47086295442581, 31.211400334555837], [121.47076710732053, 31.21138232325547], [121.47074305514025, 31.211469754478962], [121.47085587586344, 31.211490123001337], [121.47085386888843, 31.21150007375837], [121.47123626752318, 31.21157207466547], [121.47124127726455, 31.211555191549735], [121.47135709746988, 31.21157760628398], [121.47137115971408, 31.21149495828604], [121.47126831941853, 31.21147481494568]]]}}, {"type": "Feature", "properties": {"bid": 1051, "stakeholder": "state"}, "geometry": {"type": "Polygon", "coordinates": [[[121.47181639102882, 31.210666837866476], [121.47181140970326, 31.21065474254743], [121.47176348256939, 31.210644750798508], [121.4717604755291, 31.210655680483228], [121.47163466537722, 31.21063207181691], [121.47163767137852, 31.210622141529203], [121.4715877488419, 31.210611106270274], [121.47157475637289, 31.210620827925936], [121.4715837813709, 31.210584042251188], [121.47150290525269, 31.21056836189229], [121.4714928585861, 31.210628109935783], [121.47181037592577, 31.210689696616054], [121.47181639102882, 31.210666837866476]]]}}, {"type": "Feature", "properties": {"bid": 1052, "stakeholder": "resident"}, "geometry": {"type": "Polygon", "coordinates": [[[121.47151069279698, 31.21076938454803], [121.47151972461597, 31.21072560403002], [121.47144583642206, 31.21071306628192], [121.47143680165878, 31.210759844450084], [121.47133395698927, 31.21074370023434], [121.47131394953318, 31.210778256462103], [121.47133991070484, 31.21078179853703], [121.47133489159366, 31.210807675239206], [121.4715935033769, 31.21084806125355], [121.47160751045612, 31.21082237183566], [121.47161353935644, 31.210785523477334], [121.47151069279698, 31.21076938454803]]]}}, {"type": "Feature", "properties": {"bid": 1053, "stakeholder": "resident"}, "geometry": {"type": "Polygon", "coordinates": [[[121.47238063081409, 31.210706512004094], [121.47229575472727, 31.210688770808925], [121.47224764884265, 31.21085466013409], [121.47233352325851, 31.2108724233247], [121.47238063081409, 31.210706512004094]]]}}, {"type": "Feature", "properties": {"bid": 1054, "stakeholder": "resident"}, "geometry": {"type": "Polygon", "coordinates": [[[121.47241656332541, 31.21072923779104], [121.47233068915489, 31.210710477712208], [121.4722835818866, 31.210876388255826], [121.47236845792621, 31.210894129811606], [121.47241656332541, 31.21072923779104]]]}}, {"type": "Feature", "properties": {"bid": 1055, "stakeholder": "state"}, "geometry": {"type": "Polygon", "coordinates": [[[121.4717632963011, 31.21083061726915], [121.47175826700663, 31.210866487430973], [121.47180420180744, 31.210871441270566], [121.47181728149987, 31.210774781106977], [121.4717643569684, 31.210768682555795], [121.47176334729431, 31.210779653858253], [121.47169145551537, 31.210766163832254], [121.47168643520604, 31.210793040326905], [121.47161353935644, 31.210785523477334], [121.47160449751776, 31.2108392970901], [121.47161947529219, 31.210841608391828], [121.47161646435472, 31.210856535093345], [121.47168636425816, 31.21086398940128], [121.47169239717154, 31.210823143760074], [121.4717632963011, 31.21083061726915]]]}}, {"type": "Feature", "properties": {"bid": 1056, "stakeholder": "resident"}, "geometry": {"type": "Polygon", "coordinates": [[[121.47169239717154, 31.210823143760074], [121.47168335230892, 31.210879915448057], [121.47175525104262, 31.21088641067587], [121.47175826700663, 31.210866487430973], [121.4717632963011, 31.21083061726915], [121.47169239717154, 31.210823143760074]]]}}, {"type": "Feature", "properties": {"bid": 1057, "stakeholder": "resident"}, "geometry": {"type": "Polygon", "coordinates": [[[121.47283375812002, 31.21102660859367], [121.47277586143046, 31.210992445629124], [121.47280286146609, 31.21096002180104], [121.47271601748753, 31.210908276332184], [121.47269101822599, 31.21093774246657], [121.47258321343384, 31.210873570993325], [121.47260821442184, 31.210842107248425], [121.47252536557403, 31.21079243668407], [121.472500365791, 31.210822900421764], [121.47244945872137, 31.210792871970174], [121.47237745951828, 31.21088132460544], [121.47276375571084, 31.21111311335881], [121.47283375812002, 31.21102660859367]]]}}, {"type": "Feature", "properties": {"bid": 1058, "stakeholder": "developer"}, "geometry": {"type": "Polygon", "coordinates": [[[121.47210518051679, 31.211508254919526], [121.47201831623558, 31.211483469540273], [121.47198327061686, 31.211575677768842], [121.47195731154841, 31.211568143537875], [121.4719102449783, 31.211698075057427], [121.47202306854025, 31.211729398073093], [121.47210518051679, 31.211508254919526]]]}}, {"type": "Feature", "properties": {"bid": 1059, "stakeholder": "developer"}, "geometry": {"type": "Polygon", "coordinates": [[[121.47305661477264, 31.21191954622452], [121.47330025266423, 31.212003448601315], [121.47333928842124, 31.21192129791683], [121.47219206038778, 31.21151804855175], [121.47216404143389, 31.21157342984152], [121.47306862879634, 31.211890811179273], [121.47305661477264, 31.21191954622452]]]}}, {"type": "Feature", "properties": {"bid": 1060, "stakeholder": "developer"}, "geometry": {"type": "Polygon", "coordinates": [[[121.472010885386, 31.211933004537237], [121.47204199104499, 31.211783753366493], [121.47199609011876, 31.211742828506033], [121.47195013767306, 31.21175486531599], [121.47190904246679, 31.211906905861664], [121.47193396487194, 31.211953392091974], [121.472010885386, 31.211933004537237]]]}}, {"type": "Feature", "properties": {"bid": 1061, "stakeholder": "resident"}, "geometry": {"type": "Polygon", "coordinates": [[[121.47402459391799, 31.210858852429674], [121.47393971257112, 31.21082917212987], [121.47390467319416, 31.210905415870286], [121.47398955419737, 31.210935097413202], [121.47402459391799, 31.210858852429674]]]}}, {"type": "Feature", "properties": {"bid": 1062, "stakeholder": "resident"}, "geometry": {"type": "Polygon", "coordinates": [[[121.47316631868239, 31.21107636692483], [121.47318233875922, 31.211037720017252], [121.47289875435366, 31.210952990693617], [121.47277773566886, 31.21111639780206], [121.47315617063329, 31.21123704850078], [121.47317318936759, 31.211198421932522], [121.47318329481823, 31.21108070955523], [121.47316631868239, 31.21107636692483]]]}}, {"type": "Feature", "properties": {"bid": 1063, "stakeholder": "resident"}, "geometry": {"type": "Polygon", "coordinates": [[[121.47323609806098, 31.211217688713763], [121.47345784014841, 31.211225183776655], [121.47345582854825, 31.211239133340435], [121.4735736866271, 31.211250509650657], [121.47357769898792, 31.21123360247418], [121.4736366292185, 31.211238788840372], [121.47365072576508, 31.211126151627916], [121.47318329481823, 31.21108070955523], [121.47317318936759, 31.211198421932522], [121.47323810961154, 31.21120373932012], [121.47323609806098, 31.211217688713763]]]}}, {"type": "Feature", "properties": {"bid": 1064, "stakeholder": "resident"}, "geometry": {"type": "Polygon", "coordinates": [[[121.47361551315784, 31.211379265020916], [121.4736366292185, 31.211238788840372], [121.47357769898792, 31.21123360247418], [121.4735736866271, 31.211250509650657], [121.47345582854825, 31.211239133340435], [121.47345784014841, 31.211225183776655], [121.4733349885637, 31.211214700129794], [121.47333297798265, 31.211227650312757], [121.47332693538137, 31.21127749300166], [121.47361551315784, 31.211379265020916]]]}}, {"type": "Feature", "properties": {"bid": 1065, "stakeholder": "state"}, "geometry": {"type": "Polygon", "coordinates": [[[121.47408308893341, 31.211304712393382], [121.47409609405713, 31.211285985440604], [121.474017213166, 31.211248433262885], [121.47399920655128, 31.211274054799606], [121.47393530364718, 31.21124379484467], [121.4738942863604, 31.211304929229364], [121.47408998967023, 31.211397785726604], [121.47411004769378, 31.21131824193975], [121.47408308893341, 31.211304712393382]]]}}, {"type": "Feature", "properties": {"bid": 1066, "stakeholder": "developer"}, "geometry": {"type": "Polygon", "coordinates": [[[121.47374770846386, 31.21205346395936], [121.47356496285693, 31.211996816556503], [121.47353893284185, 31.212057248697075], [121.47372067805304, 31.212114877197273], [121.47374770846386, 31.21205346395936]]]}}, {"type": "Feature", "properties": {"bid": 1067, "stakeholder": "developer"}, "geometry": {"type": "Polygon", "coordinates": [[[121.47325615243086, 31.2121584456201], [121.473147308595, 31.212126252780926], [121.4730882322342, 31.212275945671543], [121.47310420854511, 31.2122812677702], [121.47319707443444, 31.212309140248415], [121.47325615243086, 31.2121584456201]]]}}, {"type": "Feature", "properties": {"bid": 1068, "stakeholder": "developer"}, "geometry": {"type": "Polygon", "coordinates": [[[121.47397425388421, 31.212273863291955], [121.47383543536603, 31.21223810164054], [121.47380638305332, 31.212324458110057], [121.47394420315084, 31.212359202120926], [121.47397425388421, 31.212273863291955]]]}}, {"type": "Feature", "properties": {"bid": 1069, "stakeholder": "developer"}, "geometry": {"type": "Polygon", "coordinates": [[[121.47316004942049, 31.212379338218167], [121.47318908666328, 31.212305979841346], [121.47310420854511, 31.2122812677702], [121.47307617037755, 31.21235464557469], [121.47316004942049, 31.212379338218167]]]}}, {"type": "Feature", "properties": {"bid": 1070, "stakeholder": "developer"}, "geometry": {"type": "Polygon", "coordinates": [[[121.47370344594708, 31.212374351407558], [121.47363554143816, 31.212351997320642], [121.47360550566897, 31.212423341972215], [121.47367541062009, 31.212442739257767], [121.47370344594708, 31.212374351407558]]]}}, {"type": "Feature", "properties": {"bid": 1071, "stakeholder": "resident"}, "geometry": {"type": "Polygon", "coordinates": [[[121.47076710732053, 31.21138232325547], [121.47086295442581, 31.211400334555837], [121.47087498267422, 31.211354620036218], [121.47098780280614, 31.211376983249174], [121.47097677402041, 31.211421719871964], [121.4711814529868, 31.211460000668403], [121.47119447917511, 31.211415305362667], [121.47127934748733, 31.211431076718785], [121.47126831941853, 31.21147481494568], [121.47137115971408, 31.21149495828604], [121.47135408100678, 31.211598528566753], [121.47144594609563, 31.211609445951588], [121.47141782109111, 31.21177574197355], [121.47155462088642, 31.211792593379872], [121.47160786264794, 31.211473926514486], [121.47157197033198, 31.21141321848978], [121.47149609905796, 31.211385650765475], [121.47079118543036, 31.21126891050392], [121.47076710732053, 31.21138232325547]]]}}, {"type": "Feature", "properties": {"bid": 1072, "stakeholder": "resident"}, "geometry": {"type": "Polygon", "coordinates": [[[121.4703844821762, 31.211558099511073], [121.47028764465733, 31.211536058599044], [121.47024658189287, 31.21166109962621], [121.4703444176471, 31.211683162661302], [121.4703844821762, 31.211558099511073]]]}}, {"type": "Feature", "properties": {"bid": 1073, "stakeholder": "resident"}, "geometry": {"type": "Polygon", "coordinates": [[[121.47120898411411, 31.211596178120004], [121.47084610346916, 31.211602997383014], [121.47084970969323, 31.211744764288312], [121.47121259088674, 31.211737944893947], [121.47120898411411, 31.211596178120004]]]}}, {"type": "Feature", "properties": {"bid": 1074, "stakeholder": "resident"}, "geometry": {"type": "Polygon", "coordinates": [[[121.47021061082353, 31.21168531822827], [121.47012475441, 31.211667504208837], [121.47011573559281, 31.21170028962644], [121.47020159195199, 31.211718103822584], [121.47021061082353, 31.21168531822827]]]}}, {"type": "Feature", "properties": {"bid": 1075, "stakeholder": "state"}, "geometry": {"type": "Polygon", "coordinates": [[[121.47075066126148, 31.21186064514712], [121.47074772301539, 31.211801623766977], [121.47061590447356, 31.21180783170564], [121.47061588304678, 31.21182981608797], [121.4706188426976, 31.21186685318883], [121.47075066126148, 31.21186064514712]]]}}, {"type": "Feature", "properties": {"bid": 1076, "stakeholder": "state"}, "geometry": {"type": "Polygon", "coordinates": [[[121.47048498299934, 31.211919981293253], [121.47063976761444, 31.21191326400816], [121.47064171909369, 31.21196027291268], [121.47074757325447, 31.21195551450945], [121.4707456198213, 31.2119105042421], [121.47086345988521, 31.21190399717466], [121.47086054491422, 31.211820992899046], [121.47074969773938, 31.211824649611287], [121.47075066126148, 31.21186064514712], [121.4706188426976, 31.21186685318883], [121.47061588304678, 31.21182981608797], [121.47048007197111, 31.21183593512285], [121.47048498299934, 31.211919981293253]]]}}, {"type": "Feature", "properties": {"bid": 1077, "stakeholder": "state"}, "geometry": {"type": "Polygon", "coordinates": [[[121.47121397971408, 31.21189738187735], [121.47117996192776, 31.211963621457404], [121.47128977342811, 31.212002900538725], [121.47130678293284, 31.211969280608628], [121.47132279290463, 31.21193663896417], [121.47121397971408, 31.21189738187735]]]}}, {"type": "Feature", "properties": {"bid": 1078, "stakeholder": "state"}, "geometry": {"type": "Polygon", "coordinates": [[[121.47117996192776, 31.211963621457404], [121.47119796988613, 31.21193002302527], [121.47107418299174, 31.21188645001718], [121.47104917048557, 31.21193489014229], [121.47106614174515, 31.21194024369726], [121.47105113272802, 31.211970906636115], [121.4711609428241, 31.21201018961989], [121.47114493511765, 31.21204083197983], [121.47123677706577, 31.212073739221754], [121.47125178627972, 31.212043075495437], [121.4713615986541, 31.21208235238243], [121.47138261337717, 31.212037823541372], [121.47139958521849, 31.212043175524226], [121.47141659584952, 31.212008555761543], [121.47130678293284, 31.211969280608628], [121.47128977342811, 31.212002900538725], [121.47117996192776, 31.211963621457404]]]}}, {"type": "Feature", "properties": {"bid": 1079, "stakeholder": "state"}, "geometry": {"type": "Polygon", "coordinates": [[[121.47042690210903, 31.212089632939755], [121.47030810218644, 31.212061130967008], [121.47024901377951, 31.212241751425722], [121.47036781319787, 31.212270255066414], [121.47042690210903, 31.212089632939755]]]}}, {"type": "Feature", "properties": {"bid": 1080, "stakeholder": "resident"}, "geometry": {"type": "Polygon", "coordinates": [[[121.47022539852526, 31.211880497970302], [121.4701435398498, 31.211858771979504], [121.46991726468195, 31.212490517834055], [121.46999712510001, 31.212512205450423], [121.47022539852526, 31.211880497970302]]]}}, {"type": "Feature", "properties": {"bid": 1081, "stakeholder": "resident"}, "geometry": {"type": "Polygon", "coordinates": [[[121.46870206986978, 31.211527122655184], [121.4687480020898, 31.21152211567545], [121.46896061298992, 31.211577653508986], [121.4689666171929, 31.211563792215138], [121.4690075415333, 31.211575663991997], [121.4691086721591, 31.211283039844663], [121.46876030678061, 31.211193608145663], [121.46865520119309, 31.211469152672414], [121.46866515177568, 31.211503343502844], [121.46870206986978, 31.211527122655184]]]}}, {"type": "Feature", "properties": {"bid": 1082, "stakeholder": "resident"}, "geometry": {"type": "Polygon", "coordinates": [[[121.46935829492226, 31.21127440283994], [121.46919159511593, 31.211230856797783], [121.46906043336604, 31.21160178284839], [121.46922713090862, 31.21164633209412], [121.46935829492226, 31.21127440283994]]]}}, {"type": "Feature", "properties": {"bid": 1083, "stakeholder": "resident"}, "geometry": {"type": "Polygon", "coordinates": [[[121.47005406735319, 31.21145514614119], [121.46999117465509, 31.211440816182236], [121.46997613826308, 31.21150045444972], [121.47003902991811, 31.211515783906176], [121.47005406735319, 31.21145514614119]]]}}, {"type": "Feature", "properties": {"bid": 1084, "stakeholder": "resident"}, "geometry": {"type": "Polygon", "coordinates": [[[121.47011077823255, 31.211664209028868], [121.46933612341729, 31.211482783207316], [121.46932009633427, 31.21153540314628], [121.47009375184517, 31.21171681027613], [121.47011077823255, 31.211664209028868]]]}}, {"type": "Feature", "properties": {"bid": 1085, "stakeholder": "resident"}, "geometry": {"type": "Polygon", "coordinates": [[[121.4702454584292, 31.2117889874682], [121.46928910252585, 31.211577709160792], [121.46926606505427, 31.211652163520636], [121.47022441848196, 31.211861490237148], [121.4702454584292, 31.2117889874682]]]}}, {"type": "Feature", "properties": {"bid": 1086, "stakeholder": "resident"}, "geometry": {"type": "Polygon", "coordinates": [[[121.46898645939656, 31.211693129596487], [121.46978104939602, 31.21188902398006], [121.46982597036072, 31.21190097484009], [121.46978791945469, 31.212012085955447], [121.46994862740382, 31.212065478258463], [121.47001169644807, 31.211897937793932], [121.4700037376167, 31.211867788988346], [121.46997580012886, 31.21184620848191], [121.46903245505963, 31.211624166059032], [121.46892062848873, 31.211625760207866], [121.46884571647502, 31.211656127182373], [121.46878275839536, 31.211714731240367], [121.46875674536876, 31.21177013278752], [121.46894840946074, 31.211805233986983], [121.46898645939656, 31.211693129596487]]]}}, {"type": "Feature", "properties": {"bid": 1087, "stakeholder": "resident"}, "geometry": {"type": "Polygon", "coordinates": [[[121.46982597036072, 31.21190097484009], [121.46898645939656, 31.211693129596487], [121.46894840946074, 31.211805233986983], [121.46978791945469, 31.212012085955447], [121.46982597036072, 31.21190097484009]]]}}, {"type": "Feature", "properties": {"bid": 1088, "stakeholder": "resident"}, "geometry": {"type": "Polygon", "coordinates": [[[121.46994862740382, 31.212065478258463], [121.46978791945469, 31.212012085955447], [121.46899233101351, 31.21181517168173], [121.46875674536876, 31.21177013278752], [121.4686015815855, 31.21219249835156], [121.46978045410901, 31.212506587162185], [121.46994862740382, 31.212065478258463]]]}}, {"type": "Feature", "properties": {"bid": 1089, "stakeholder": "resident"}, "geometry": {"type": "Polygon", "coordinates": [[[121.46948290521222, 31.212506224288], [121.46950593658983, 31.212436764991708], [121.4688860534568, 31.212273570442257], [121.46886002477197, 31.21234596065147], [121.46948290521222, 31.212506224288]]]}}, {"type": "Feature", "properties": {"bid": 1090, "stakeholder": "resident"}, "geometry": {"type": "Polygon", "coordinates": [[[121.46858643675057, 31.212368051396204], [121.46863033625687, 31.212399976039595], [121.46959358372986, 31.212666483619504], [121.46967745973187, 31.212663279454375], [121.46973941357588, 31.212613637329806], [121.46978045410901, 31.212506587162185], [121.4696027652883, 31.212461820016642], [121.46956572860493, 31.212558961147867], [121.46953976005159, 31.212567399628377], [121.46875517410103, 31.21236269164479], [121.46873523389571, 31.212333282275093], [121.46876826847857, 31.21224305570097], [121.4686015815855, 31.21219249835156], [121.46856452013061, 31.21231761331564], [121.46858643675057, 31.212368051396204]]]}}, {"type": "Feature", "properties": {"bid": 1091, "stakeholder": "developer"}, "geometry": {"type": "Polygon", "coordinates": [[[121.47275138430508, 31.211886424591864], [121.47266977060282, 31.2118581559503], [121.47266154792709, 31.21187569214373], [121.47274316164544, 31.211903960787904], [121.47275138430508, 31.211886424591864]]]}}, {"type": "Feature", "properties": {"bid": 1092, "stakeholder": "developer"}, "geometry": {"type": "Polygon", "coordinates": [[[121.47192131470104, 31.211612364549914], [121.4718464224877, 31.21160181349869], [121.47172897235565, 31.21222193846801], [121.4718028660584, 31.212231472179447], [121.47192131470104, 31.211612364549914]]]}}, {"type": "Feature", "properties": {"bid": 1093, "stakeholder": "developer"}, "geometry": {"type": "Polygon", "coordinates": [[[121.4728537935357, 31.211981357414288], [121.47274095324495, 31.211956061644166], [121.4727239138406, 31.21201766946171], [121.47283575612038, 31.21204194618775], [121.4728537935357, 31.211981357414288]]]}}, {"type": "Feature", "properties": {"bid": 1094, "stakeholder": "state"}, "geometry": {"type": "Polygon", "coordinates": [[[121.47133927087215, 31.212453629203594], [121.47141415641204, 31.212467189532678], [121.47155747859689, 31.21193455519711], [121.47145064159066, 31.211914333745206], [121.47131633609159, 31.212418172470215], [121.47134828721983, 31.212423838698776], [121.47133927087215, 31.212453629203594]]]}}, {"type": "Feature", "properties": {"bid": 1095, "stakeholder": "developer"}, "geometry": {"type": "Polygon", "coordinates": [[[121.47270274221864, 31.21222109474047], [121.47272278916796, 31.212147556906533], [121.47255701919208, 31.21211816959754], [121.4725289304629, 31.212245503649342], [121.47262079694052, 31.212267379093195], [121.47270274221864, 31.21222109474047]]]}}, {"type": "Feature", "properties": {"bid": 1096, "stakeholder": "developer"}, "geometry": {"type": "Polygon", "coordinates": [[[121.47229992969902, 31.212291583603825], [121.47219012845248, 31.212297128571752], [121.47219399939905, 31.21235375105331], [121.47230380071043, 31.21234820606739], [121.47229992969902, 31.212291583603825]]]}}, {"type": "Feature", "properties": {"bid": 1097, "stakeholder": "developer"}, "geometry": {"type": "Polygon", "coordinates": [[[121.47211927796049, 31.212301168704368], [121.47192160086743, 31.212310628110362], [121.47192526951756, 31.21236726057597], [121.4721229467276, 31.212357801137927], [121.47211927796049, 31.212301168704368]]]}}, {"type": "Feature", "properties": {"bid": 1098, "stakeholder": "developer"}, "geometry": {"type": "Polygon", "coordinates": [[[121.47283510792718, 31.21244515738439], [121.47289669489125, 31.212404334791803], [121.47281119946018, 31.212309057124205], [121.47274961249703, 31.212349879668807], [121.47283510792718, 31.21244515738439]]]}}, {"type": "Feature", "properties": {"bid": 1099, "stakeholder": "developer"}, "geometry": {"type": "Polygon", "coordinates": [[[121.47202182236668, 31.21241702977748], [121.47201725875902, 31.212454639245692], [121.47213759607264, 31.212465425436132], [121.47213189162767, 31.212512437264913], [121.47226316876, 31.212524203871236], [121.47227343663688, 31.212439582595298], [121.47202182236668, 31.21241702977748]]]}}, {"type": "Feature", "properties": {"bid": 1100, "stakeholder": "state"}, "geometry": {"type": "Polygon", "coordinates": [[[121.47144009406124, 31.212495713267508], [121.4713272606043, 31.212481358309912], [121.47130315909601, 31.212621756573974], [121.4714159923209, 31.212636112318084], [121.47144009406124, 31.212495713267508]]]}}, {"type": "Feature", "properties": {"bid": 1101, "stakeholder": "state"}, "geometry": {"type": "Polygon", "coordinates": [[[121.47119108777987, 31.212259273711183], [121.47089434788485, 31.212114926217993], [121.47084017049352, 31.212197196845793], [121.4711369106431, 31.21234154442941], [121.47119108777987, 31.212259273711183]]]}}, {"type": "Feature", "properties": {"bid": 1102, "stakeholder": "state"}, "geometry": {"type": "Polygon", "coordinates": [[[121.47077310102567, 31.21240674377225], [121.47080512046148, 31.21233946619674], [121.4706943133399, 31.212302150323872], [121.4706793032484, 31.212334810491264], [121.47066229513437, 31.212368427689174], [121.47077310102567, 31.21240674377225]]]}}, {"type": "Feature", "properties": {"bid": 1103, "stakeholder": "state"}, "geometry": {"type": "Polygon", "coordinates": [[[121.47053051232841, 31.212338658293685], [121.47054748184348, 31.2123450134165], [121.47053347246231, 31.212375695603612], [121.47064227991542, 31.212413973021455], [121.47062727095694, 31.21244563372931], [121.47071910863838, 31.21247855359131], [121.47073411674229, 31.212447891825768], [121.47084392393516, 31.21248718413773], [121.47086593756023, 31.212440680574044], [121.4708819090497, 31.21244701321444], [121.47089792078782, 31.212411375405452], [121.4707891097562, 31.212374104306893], [121.47077310102567, 31.21240674377225], [121.47066229513437, 31.212368427689174], [121.4706793032484, 31.212334810491264], [121.47055352595532, 31.212290179063068], [121.47053051232841, 31.212338658293685]]]}}, {"type": "Feature", "properties": {"bid": 1104, "stakeholder": "state"}, "geometry": {"type": "Polygon", "coordinates": [[[121.47032374454842, 31.212408224831787], [121.47022888402229, 31.21240721005813], [121.47022678465078, 31.212514092217763], [121.47032264368147, 31.212515128224254], [121.47032374454842, 31.212408224831787]]]}}, {"type": "Feature", "properties": {"bid": 1105, "stakeholder": "state"}, "geometry": {"type": "Polygon", "coordinates": [[[121.47060144510735, 31.212578835742917], [121.47053607958878, 31.21267738859573], [121.47095652818736, 31.21288337908091], [121.47102189327504, 31.2127848260726], [121.47060144510735, 31.212578835742917]]]}}, {"type": "Feature", "properties": {"bid": 1106, "stakeholder": "state"}, "geometry": {"type": "Polygon", "coordinates": [[[121.4710940917132, 31.21299510902957], [121.47109814550801, 31.212932237166115], [121.47098130915799, 31.212930778243386], [121.4709812921757, 31.21294876562439], [121.4709802511735, 31.212993713062296], [121.4710940917132, 31.21299510902957]]]}}, {"type": "Feature", "properties": {"bid": 1107, "stakeholder": "state"}, "geometry": {"type": "Polygon", "coordinates": [[[121.47016641205643, 31.212999477011124], [121.47025225431423, 31.213033279165078], [121.47027225764896, 31.21299872775193], [121.47040301862911, 31.213050468858107], [121.47038601445888, 31.213081087218253], [121.4704728560787, 31.213115905469802], [121.47049086358935, 31.213080311398983], [121.4705707180749, 31.21311298094946], [121.47063073451989, 31.213004325355254], [121.47016857894882, 31.21281964567141], [121.47011556249447, 31.212919449578976], [121.47019341806288, 31.212951084349132], [121.47016641205643, 31.212999477011124]]]}}, {"type": "Feature", "properties": {"bid": 1108, "stakeholder": "state"}, "geometry": {"type": "Polygon", "coordinates": [[[121.47126255075693, 31.213324425448487], [121.47128751430832, 31.213326947696707], [121.47140597365033, 31.212669879326306], [121.47130013086179, 31.21265566983675], [121.47129210196191, 31.21269747277933], [121.47126514025263, 31.212695907969756], [121.47116974156438, 31.213256522044], [121.47127159056207, 31.213268653074923], [121.47126255075693, 31.213324425448487]]]}}, {"type": "Feature", "properties": {"bid": 1109, "stakeholder": "state"}, "geometry": {"type": "Polygon", "coordinates": [[[121.4709802511735, 31.212993713062296], [121.4709812921757, 31.21294876562439], [121.4708784372358, 31.212947597840305], [121.47087535767719, 31.213036472325665], [121.47100617212209, 31.21303922813814], [121.47100513781027, 31.21307718051571], [121.47109101783622, 31.213077987918382], [121.47109204933612, 31.213043033417417], [121.4712018966966, 31.213044342062503], [121.47120297441836, 31.21296042187702], [121.4710981200368, 31.212959218238264], [121.47109812758174, 31.2129512238459], [121.4710940917132, 31.21299510902957], [121.4709802511735, 31.212993713062296]]]}}, {"type": "Feature", "properties": {"bid": 1110, "stakeholder": "state"}, "geometry": {"type": "Polygon", "coordinates": [[[121.4710378033501, 31.213385658844803], [121.47019114798469, 31.213241838323253], [121.47017710907564, 31.21330549654312], [121.47102176917328, 31.213446280116386], [121.4710378033501, 31.213385658844803]]]}}, {"type": "Feature", "properties": {"bid": 1111, "stakeholder": "developer"}, "geometry": {"type": "Polygon", "coordinates": [[[121.47180552354952, 31.212584285504526], [121.47175959429364, 31.212573335880563], [121.47172653637837, 31.212679573878116], [121.47177246455, 31.212691523270223], [121.47180552354952, 31.212584285504526]]]}}, {"type": "Feature", "properties": {"bid": 1112, "stakeholder": "developer"}, "geometry": {"type": "Polygon", "coordinates": [[[121.47170753706335, 31.212705160071543], [121.47161666595856, 31.212696269141997], [121.47161263523991, 31.21273415903642], [121.47170250765214, 31.212743029256323], [121.47170753706335, 31.212705160071543]]]}}, {"type": "Feature", "properties": {"bid": 1113, "stakeholder": "developer"}, "geometry": {"type": "Polygon", "coordinates": [[[121.47238157955668, 31.212802083791985], [121.4720441054094, 31.212698168743717], [121.47202008062403, 31.21275663000955], [121.47235855180895, 31.212861567665122], [121.47238157955668, 31.212802083791985]]]}}, {"type": "Feature", "properties": {"bid": 1114, "stakeholder": "developer"}, "geometry": {"type": "Polygon", "coordinates": [[[121.47178830943415, 31.212832756958395], [121.47173239070459, 31.212824596861253], [121.47171632317135, 31.21291819786092], [121.47177324143628, 31.212925379737378], [121.47178830943415, 31.212832756958395]]]}}, {"type": "Feature", "properties": {"bid": 1115, "stakeholder": "developer"}, "geometry": {"type": "Polygon", "coordinates": [[[121.47260814511323, 31.212965640717695], [121.47240644856142, 31.21290752509248], [121.4723904290746, 31.21294916605091], [121.47259112749975, 31.21300626296636], [121.47260814511323, 31.212965640717695]]]}}, {"type": "Feature", "properties": {"bid": 1116, "stakeholder": "developer"}, "geometry": {"type": "Polygon", "coordinates": [[[121.47169236286119, 31.212909703773732], [121.4716254604448, 31.21290031347775], [121.4715853006294, 31.213126320435382], [121.47165320240778, 31.213134733082313], [121.47169236286119, 31.212909703773732]]]}}, {"type": "Feature", "properties": {"bid": 1117, "stakeholder": "developer"}, "geometry": {"type": "Polygon", "coordinates": [[[121.47273583319816, 31.21313215046342], [121.47265495425268, 31.21310750633438], [121.47261290478868, 31.213214569026604], [121.47269578188606, 31.213238256060436], [121.47273583319816, 31.21313215046342]]]}}, {"type": "Feature", "properties": {"bid": 1118, "stakeholder": "developer"}, "geometry": {"type": "Polygon", "coordinates": [[[121.47239425734723, 31.213126124467692], [121.47195087043087, 31.21307297631944], [121.47189456288028, 31.213479529178183], [121.47233794660804, 31.213533684835227], [121.47239425734723, 31.213126124467692]]]}}, {"type": "Feature", "properties": {"bid": 1119, "stakeholder": "developer"}, "geometry": {"type": "Polygon", "coordinates": [[[121.4730333372464, 31.2132841362328], [121.4727877162784, 31.21319017519494], [121.4726736492911, 31.213408685672224], [121.47291826868138, 31.213502636528357], [121.4730333372464, 31.2132841362328]]]}}, {"type": "Feature", "properties": {"bid": 1120, "stakeholder": "developer"}, "geometry": {"type": "Polygon", "coordinates": [[[121.47152615521873, 31.213365921037685], [121.47149021533812, 31.213353177766756], [121.47147220447346, 31.213390775298592], [121.47150514744897, 31.213404455426893], [121.47152615521873, 31.213365921037685]]]}}, {"type": "Feature", "properties": {"bid": 1121, "stakeholder": "state"}, "geometry": {"type": "Polygon", "coordinates": [[[121.47022684528986, 31.21351041523315], [121.47032966249924, 31.213545575869663], [121.47039868527338, 31.213413130614416], [121.47027490602932, 31.213369532069013], [121.47026390276676, 31.213390284204145], [121.4702010082326, 31.213375957003908], [121.47022100553636, 31.213347401535675], [121.4700622918506, 31.21329106279699], [121.47004628971604, 31.21331870325424], [121.46996843668227, 31.21328506727383], [121.46988942743396, 31.21342129013954], [121.47020785125972, 31.213533995464616], [121.47022684528986, 31.21351041523315]]]}}, {"type": "Feature", "properties": {"bid": 1122, "stakeholder": "state"}, "geometry": {"type": "Polygon", "coordinates": [[[121.47025378955063, 31.21352797603646], [121.47035660609959, 31.21356413534238], [121.47042562896958, 31.21343168962971], [121.47030184940343, 31.213388091858235], [121.47029084705468, 31.213407844761548], [121.47022894995155, 31.21339453846099], [121.47024794970035, 31.213364962352095], [121.4700892346815, 31.213309623865094], [121.47007323345565, 31.213336265118357], [121.46999537929368, 31.213303628890632], [121.469916369938, 31.213439852229726], [121.47023579400546, 31.213551577597514], [121.47025378955063, 31.21352797603646]]]}}, {"type": "Feature", "properties": {"bid": 1123, "stakeholder": "state"}, "geometry": {"type": "Polygon", "coordinates": [[[121.47081779695884, 31.213724790688506], [121.47091164656264, 31.21374475750087], [121.47092464099558, 31.213731040773375], [121.47099253283545, 31.2137454619164], [121.4709725188179, 31.213791009482133], [121.47107535723397, 31.213811161485065], [121.47120525374623, 31.21372894825822], [121.47125745993947, 31.21342924746852], [121.4711296547897, 31.213408576061905], [121.47109555583815, 31.213565752340852], [121.47102566342379, 31.213554288971586], [121.47098467131639, 31.213607389605837], [121.47085488437325, 31.21357367569152], [121.47084088769043, 31.213591368318472], [121.4705084770709, 31.21346642256941], [121.47044641772197, 31.213626998342875], [121.47078083055897, 31.213744996394546], [121.47081779695884, 31.213724790688506]]]}}, {"type": "Feature", "properties": {"bid": 1124, "stakeholder": "state"}, "geometry": {"type": "Polygon", "coordinates": [[[121.47079582656534, 31.213726325727983], [121.47088867647403, 31.213747271331435], [121.47090366895632, 31.21373259746913], [121.47097056207213, 31.21374699796024], [121.47094954859779, 31.213793523682334], [121.47105338629568, 31.213812698018437], [121.47118428112628, 31.213730506541367], [121.47123548857826, 31.21343078509278], [121.47110768370862, 31.213410112909905], [121.47107358484095, 31.213567288988816], [121.47100269306235, 31.21355680348937], [121.4709636982234, 31.213609945936135], [121.4708329138921, 31.213575210937776], [121.4708189172401, 31.213592903485445], [121.47048650637112, 31.213468955213383], [121.47042344954957, 31.213628510193985], [121.47075886024413, 31.213746531226384], [121.47079582656534, 31.213726325727983]]]}}, {"type": "Feature", "properties": {"bid": 1125, "stakeholder": "resident"}, "geometry": {"type": "Polygon", "coordinates": [[[121.47553844305594, 31.210592840766473], [121.47554041820774, 31.21061586282685], [121.47557938733507, 31.210614616670963], [121.47557936318424, 31.21063859941052], [121.47562832319612, 31.21063854440598], [121.47562835741462, 31.210604568859647], [121.47574526502422, 31.210602821660643], [121.47574524489029, 31.210622807274717], [121.47580319987618, 31.210621921545908], [121.47580222786702, 31.210594921795515], [121.47584019833597, 31.210594650721877], [121.47584022956869, 31.21056367302771], [121.47588319628677, 31.210563496898878], [121.47588225154004, 31.21050951663756], [121.47584028301729, 31.210510711178248], [121.47584034259138, 31.21045175366999], [121.47568246696574, 31.210452718263582], [121.47568244878438, 31.210470705298], [121.47552957168728, 31.210472753397987], [121.47552951215143, 31.210531710916875], [121.4754945419153, 31.210531034863376], [121.47549547757751, 31.210594008852077], [121.47553844305594, 31.210592840766473]]]}}, {"type": "Feature", "properties": {"bid": 1126, "stakeholder": "resident"}, "geometry": {"type": "Polygon", "coordinates": [[[121.47667045800993, 31.210738298368195], [121.47617301281446, 31.210529052733715], [121.4761469718577, 31.210588515776006], [121.47663941864027, 31.210797674617023], [121.47667045800993, 31.210738298368195]]]}}, {"type": "Feature", "properties": {"bid": 1127, "stakeholder": "resident"}, "geometry": {"type": "Polygon", "coordinates": [[[121.47536231427932, 31.21086823550161], [121.4753103718657, 31.21085523529553], [121.47527532777191, 31.210929501758926], [121.47532627281349, 31.21094048486793], [121.47536231427932, 31.21086823550161]]]}}, {"type": "Feature", "properties": {"bid": 1128, "stakeholder": "resident"}, "geometry": {"type": "Polygon", "coordinates": [[[121.47632736712033, 31.211061608526727], [121.47646822166894, 31.21110923657295], [121.47651928571587, 31.211010267848224], [121.47636943958354, 31.210959475855017], [121.47639047051383, 31.210913905254756], [121.47602986804804, 31.210778151474816], [121.47598281430079, 31.21086719057979], [121.4763554007327, 31.21100817632817], [121.47632736712033, 31.211061608526727]]]}}, {"type": "Feature", "properties": {"bid": 1129, "stakeholder": "resident"}, "geometry": {"type": "Polygon", "coordinates": [[[121.47623326094379, 31.211235703275175], [121.47637310835374, 31.211289315150115], [121.47642016508587, 31.211199266998726], [121.47626932879031, 31.211141453211205], [121.47628935493843, 31.211100861145496], [121.4759387497403, 31.210965279482654], [121.47589769927755, 31.21104743631275], [121.47625829214348, 31.211186212701364], [121.47623326094379, 31.211235703275175]]]}}, {"type": "Feature", "properties": {"bid": 1130, "stakeholder": "resident"}, "geometry": {"type": "Polygon", "coordinates": [[[121.47535290103862, 31.21129075811279], [121.4754967143665, 31.21135650060744], [121.47550271914294, 31.211346623676892], [121.47557563264229, 31.211373014885794], [121.4755846438668, 31.211354201992158], [121.47561860453413, 31.211365849374705], [121.47563662613857, 31.211329222459202], [121.47562064540261, 31.211322918609817], [121.47564467395613, 31.211274415776252], [121.47556576679585, 31.211245912748442], [121.47557277379633, 31.21123305705538], [121.47546390210961, 31.211194977747827], [121.47545789435333, 31.211207852409025], [121.4753859803742, 31.211182475720378], [121.47536295375699, 31.211228996325136], [121.47534697468097, 31.211221691070072], [121.4753279516674, 31.21126129388267], [121.47536191100939, 31.211272945485682], [121.47535290103862, 31.21129075811279]]]}}, {"type": "Feature", "properties": {"bid": 1131, "stakeholder": "resident"}, "geometry": {"type": "Polygon", "coordinates": [[[121.47574750211209, 31.211364333106022], [121.47576454171349, 31.2113106979981], [121.47569461577996, 31.211292365541333], [121.4756765801302, 31.211342982961238], [121.47574750211209, 31.211364333106022]]]}}, {"type": "Feature", "properties": {"bid": 1132, "stakeholder": "resident"}, "geometry": {"type": "Polygon", "coordinates": [[[121.47611508132661, 31.211504269702], [121.4762449368011, 31.211554702944344], [121.47628799489928, 31.211464582068068], [121.47614914937753, 31.21140998365513], [121.47617017511574, 31.211368412452487], [121.47583156494056, 31.211234038441887], [121.47579151587752, 31.211315213122926], [121.47613911347003, 31.211453762265595], [121.47611508132661, 31.211504269702]]]}}, {"type": "Feature", "properties": {"bid": 1133, "stakeholder": "resident"}, "geometry": {"type": "Polygon", "coordinates": [[[121.47564836265849, 31.211586270146714], [121.47566939642536, 31.211534711314474], [121.475599474359, 31.21151337768732], [121.47558043910739, 31.211564974355426], [121.47564836265849, 31.211586270146714]]]}}, {"type": "Feature", "properties": {"bid": 1134, "stakeholder": "resident"}, "geometry": {"type": "Polygon", "coordinates": [[[121.47599594664973, 31.21173183960803], [121.47612979402857, 31.211785354769397], [121.47617385006244, 31.211695255278357], [121.47603001351865, 31.211637555468425], [121.47605003840975, 31.21159696571629], [121.47571243394054, 31.21146159087107], [121.47567238607053, 31.211542763324875], [121.47601897784352, 31.21168231376987], [121.47599594664973, 31.21173183960803]]]}}, {"type": "Feature", "properties": {"bid": 1135, "stakeholder": "state"}, "geometry": {"type": "Polygon", "coordinates": [[[121.47463947109885, 31.21136872728026], [121.47463749875, 31.21134270639851], [121.47455157538252, 31.21134900289143], [121.47455454672411, 31.211375043610527], [121.4744786143574, 31.211381534908867], [121.47448851952947, 31.211467671460802], [121.4746563696349, 31.211455001122253], [121.47465539329166, 31.21143199781421], [121.47470734773879, 31.21142802594261], [121.47470041671806, 31.211364933052266], [121.47463947109885, 31.21136872728026]]]}}, {"type": "Feature", "properties": {"bid": 1136, "stakeholder": "state"}, "geometry": {"type": "Polygon", "coordinates": [[[121.4746563696349, 31.211455001122253], [121.47448851952947, 31.211467671460802], [121.47408998967023, 31.211397785726604], [121.47401210669375, 31.21136125260023], [121.47395902612129, 31.211499093294083], [121.47451034516473, 31.211622996257013], [121.47460125619934, 31.211623795021065], [121.4746872026983, 31.211594512981726], [121.4747521959805, 31.211538833170547], [121.47478924818678, 31.211450624151613], [121.47470734773879, 31.21142802594261], [121.47465539329166, 31.21143199781421], [121.4746563696349, 31.211455001122253]]]}}, {"type": "Feature", "properties": {"bid": 1137, "stakeholder": "resident"}, "geometry": {"type": "Polygon", "coordinates": [[[121.47503579916781, 31.211676307466345], [121.475013778291, 31.21171784755859], [121.47504973240552, 31.211731541871817], [121.47503572080632, 31.21175625055776], [121.47511661836347, 31.21178681127566], [121.47512963003659, 31.21176308184778], [121.47515459860836, 31.21177256274513], [121.47513257843038, 31.211813104797095], [121.4752284579098, 31.211849949410173], [121.47524747809575, 31.211812345896647], [121.47527144799481, 31.211821805976445], [121.47525543191739, 31.211852472998093], [121.47535031403415, 31.211889292641054], [121.47536132686207, 31.211866522271293], [121.47538429804557, 31.21187596167397], [121.47541132441665, 31.211825520904714], [121.47538835413015, 31.211815082514306], [121.47540937600525, 31.211774518426058], [121.4753324695223, 31.211746045108505], [121.47534748282398, 31.211719355285485], [121.47517370001879, 31.211652018974238], [121.47515968909546, 31.21167572916681], [121.4750787911156, 31.211645170097707], [121.47505677300865, 31.21168371275371], [121.47503579916781, 31.211676307466345]]]}}, {"type": "Feature", "properties": {"bid": 1138, "stakeholder": "resident"}, "geometry": {"type": "Polygon", "coordinates": [[[121.47527144799481, 31.211821805976445], [121.47524747809575, 31.211812345896647], [121.4752284579098, 31.211849949410173], [121.47513257843038, 31.211813104797095], [121.47515459860836, 31.21177256274513], [121.47512963003659, 31.21176308184778], [121.47511661836347, 31.21178681127566], [121.47503572080632, 31.21175625055776], [121.47504973240552, 31.211731541871817], [121.475013778291, 31.21171784755859], [121.47503579916781, 31.211676307466345], [121.47505677300865, 31.21168371275371], [121.47508780154465, 31.211626359299824], [121.47503187253301, 31.2116052798429], [121.47498282364484, 31.211700253328495], [121.47499480761996, 31.211705484529947], [121.47499175361578, 31.21176338459599], [121.47504364892337, 31.21182235996139], [121.47503764565135, 31.211831236331644], [121.47532428614113, 31.21194075134252], [121.47535031403415, 31.211889292641054], [121.47525543191739, 31.211852472998093], [121.47527144799481, 31.211821805976445]]]}}, {"type": "Feature", "properties": {"bid": 1139, "stakeholder": "developer"}, "geometry": {"type": "Polygon", "coordinates": [[[121.4750458464789, 31.212649832869715], [121.47519371111309, 31.212653718442475], [121.47516782625848, 31.212557279767108], [121.47510495135248, 31.212485101699315], [121.47486828452111, 31.212362548374355], [121.47479624048083, 31.212478052090596], [121.47499098038678, 31.2125618189557], [121.4750458464789, 31.212649832869715]]]}}, {"type": "Feature", "properties": {"bid": 1140, "stakeholder": "developer"}, "geometry": {"type": "Polygon", "coordinates": [[[121.474494406923, 31.21260600263218], [121.47483898159693, 31.212706736028906], [121.47490508072623, 31.212539149738625], [121.47475226536254, 31.212495174315], [121.47476628357403, 31.212462472941294], [121.47456752903155, 31.212404588950157], [121.47454449511349, 31.2124630928676], [121.47464936412088, 31.212494145136255], [121.47462032160492, 31.21256752098816], [121.47443954806101, 31.21251497719822], [121.47439047411262, 31.212642915122277], [121.4742316786468, 31.212595787575648], [121.4742156474508, 31.212645433925957], [121.47445434198711, 31.212715133432713], [121.474494406923, 31.21260600263218]]]}}, {"type": "Feature", "properties": {"bid": 1141, "stakeholder": "developer"}, "geometry": {"type": "Polygon", "coordinates": [[[121.4751736709162, 31.212714286069506], [121.47512672578216, 31.212700379298443], [121.47513573860044, 31.21267857025095], [121.47499290970484, 31.212633807353207], [121.4749798912178, 31.212665530491055], [121.47495392399276, 31.212656027931807], [121.47492388147954, 31.212729388281602], [121.4751376187329, 31.212802522018706], [121.4751736709162, 31.212714286069506]]]}}, {"type": "Feature", "properties": {"bid": 1142, "stakeholder": "developer"}, "geometry": {"type": "Polygon", "coordinates": [[[121.47483097871088, 31.212717571223497], [121.47450138180047, 31.212625127737745], [121.4744653262069, 31.212720347721135], [121.47479492263187, 31.212811797268277], [121.47483097871088, 31.212717571223497]]]}}, {"type": "Feature", "properties": {"bid": 1143, "stakeholder": "resident"}, "geometry": {"type": "Polygon", "coordinates": [[[121.47429242154739, 31.212800857090432], [121.47408969318906, 31.212732859104683], [121.47406265985114, 31.212797274362682], [121.47426638655851, 31.212865294586095], [121.47429242154739, 31.212800857090432]]]}}, {"type": "Feature", "properties": {"bid": 1144, "stakeholder": "developer"}, "geometry": {"type": "Polygon", "coordinates": [[[121.4751525909136, 31.212817803826], [121.47494483899993, 31.212753782745835], [121.47491780056383, 31.212820206737426], [121.47512355359434, 31.212884191454904], [121.4751525909136, 31.212817803826]]]}}, {"type": "Feature", "properties": {"bid": 1145, "stakeholder": "resident"}, "geometry": {"type": "Polygon", "coordinates": [[[121.47755681617014, 31.211875904776043], [121.47764894508828, 31.21169770726504], [121.47728826792546, 31.211560202219104], [121.47719714443328, 31.21173739974193], [121.47755681617014, 31.211875904776043]]]}}, {"type": "Feature", "properties": {"bid": 1146, "stakeholder": "resident"}, "geometry": {"type": "Polygon", "coordinates": [[[121.47758074315925, 31.211938298029796], [121.4772780242847, 31.211813837561014], [121.47724398412096, 31.211874168737488], [121.47754870039023, 31.211998671602082], [121.47758074315925, 31.211938298029796]]]}}, {"type": "Feature", "properties": {"bid": 1147, "stakeholder": "resident"}, "geometry": {"type": "Polygon", "coordinates": [[[121.47666571800083, 31.21201951080953], [121.47669042262233, 31.211977282097056], [121.47663146265894, 31.21195180256965], [121.47660675801049, 31.211994031274745], [121.47666571800083, 31.21201951080953]]]}}, {"type": "Feature", "properties": {"bid": 1148, "stakeholder": "resident"}, "geometry": {"type": "Polygon", "coordinates": [[[121.47681421165777, 31.21196490824432], [121.4767486865933, 31.211958162665358], [121.47674083805981, 31.212014479642686], [121.47680636316595, 31.212021225217246], [121.47681421165777, 31.21196490824432]]]}}, {"type": "Feature", "properties": {"bid": 1149, "stakeholder": "resident"}, "geometry": {"type": "Polygon", "coordinates": [[[121.47691607259107, 31.211980022092398], [121.47682113414373, 31.211977254463417], [121.47681602069964, 31.212097076153945], [121.47690995970196, 31.212099825452356], [121.47691607259107, 31.211980022092398]]]}}, {"type": "Feature", "properties": {"bid": 1150, "stakeholder": "resident"}, "geometry": {"type": "Polygon", "coordinates": [[[121.4776094803425, 31.212193645165026], [121.47763140231677, 31.21226299651391], [121.47773137734826, 31.21223883040978], [121.47770745894549, 31.21216644620057], [121.47779943725652, 31.212144129594936], [121.47776555375606, 31.212040587347975], [121.47784153575844, 31.21202297518448], [121.47783057310903, 31.211989799889967], [121.47788756090925, 31.211975839444207], [121.4778666390025, 31.211905510300653], [121.47783264724332, 31.2119128906931], [121.47780474074126, 31.211830442865004], [121.47775075223569, 31.21184445486062], [121.47778463414545, 31.211948996542795], [121.47767566056133, 31.21197500085651], [121.47769260141524, 31.21202727256809], [121.47764161445163, 31.21203933701263], [121.47765855820944, 31.21208861121265], [121.47760557259302, 31.21210063825976], [121.47763447337091, 31.212188104152236], [121.4776094803425, 31.212193645165026]]]}}, {"type": "Feature", "properties": {"bid": 1151, "stakeholder": "resident"}, "geometry": {"type": "Polygon", "coordinates": [[[121.47758946740761, 31.212217264121808], [121.47756548760742, 31.212208832618845], [121.47757750848676, 31.212181071069885], [121.4775215552611, 31.21216206285902], [121.47752856707939, 31.21214620191199], [121.47736870311985, 31.21209231175476], [121.4773807227092, 31.212065550875764], [121.4773177772895, 31.212044409254307], [121.47725768325074, 31.212175212850696], [121.47756142295248, 31.212277710893826], [121.47758946740761, 31.212217264121808]]]}}, {"type": "Feature", "properties": {"bid": 1152, "stakeholder": "resident"}, "geometry": {"type": "Polygon", "coordinates": [[[121.47670972223091, 31.212475827511355], [121.47694956671, 31.212481299209784], [121.47694957631565, 31.21247130626767], [121.4770045422257, 31.212472326751655], [121.47700660157433, 31.21240940831143], [121.47697562167933, 31.212407834075236], [121.47693567260932, 31.212380110504746], [121.47693568802366, 31.212364121810474], [121.47695067864277, 31.212364400405253], [121.47695579618687, 31.212239581637448], [121.47684486735591, 31.212236518125913], [121.47684483835815, 31.212266496899822], [121.47681785573947, 31.21226599377361], [121.47681788473746, 31.212236014999633], [121.47670895708143, 31.212232980541607], [121.4767038474456, 31.212349804288184], [121.4767158394833, 31.21235002869054], [121.47671482472754, 31.212365998686384], [121.47668380972222, 31.212402392664888], [121.47664083954761, 31.21240058816256], [121.47663878031778, 31.2124635062031], [121.47671073117318, 31.2124658532693], [121.47670972223091, 31.212475827511355]]]}}, {"type": "Feature", "properties": {"bid": 1153, "stakeholder": "resident"}, "geometry": {"type": "Polygon", "coordinates": [[[121.47707639475675, 31.212581583947323], [121.47731625378913, 31.212587006936808], [121.47731626432585, 31.212576014691866], [121.47737123264255, 31.2125780231782], [121.47737329290521, 31.212514104982517], [121.47734230918991, 31.212514535706184], [121.47730235856397, 31.212485821019406], [121.47730237393593, 31.21246983231254], [121.47731836490766, 31.212470126199374], [121.47732148355273, 31.212345269584535], [121.47721154643376, 31.21234324638055], [121.47721051809629, 31.21237320675396], [121.47718353480877, 31.212371709799754], [121.47718456314226, 31.2123417494418], [121.47707462854181, 31.21233971778218], [121.4770715186702, 31.21245558033354], [121.47708251203426, 31.21245578382127], [121.47708249569757, 31.212472771821073], [121.47705147988178, 31.212508172778257], [121.47700750677245, 31.212507357667445], [121.47700444916609, 31.212569258323924], [121.47707740469036, 31.212570610201283], [121.47707639475675, 31.212581583947323]]]}}, {"type": "Feature", "properties": {"bid": 1154, "stakeholder": "resident"}, "geometry": {"type": "Polygon", "coordinates": [[[121.47665650122418, 31.212742646788392], [121.47681931671286, 31.212826635437864], [121.47714203032183, 31.212923563755332], [121.47719601374787, 31.212908571145366], [121.47725105409245, 31.21283363746579], [121.4768834138771, 31.212682929330242], [121.47635402247649, 31.212413175908534], [121.47619111222639, 31.21244106810196], [121.47638184497475, 31.212577588899823], [121.47665650122418, 31.212742646788392]]]}}, {"type": "Feature", "properties": {"bid": 1155, "stakeholder": "resident"}, "geometry": {"type": "Polygon", "coordinates": [[[121.47562618775454, 31.211782706357084], [121.47556525940797, 31.211760545552014], [121.47555224297786, 31.21178827484215], [121.47561217107807, 31.211811416062794], [121.47562618775454, 31.211782706357084]]]}}, {"type": "Feature", "properties": {"bid": 1156, "stakeholder": "resident"}, "geometry": {"type": "Polygon", "coordinates": [[[121.47643264369505, 31.211718141794165], [121.47631676319658, 31.211678978161444], [121.47622663543903, 31.21187513341317], [121.47634151519526, 31.211914283662054], [121.47643264369505, 31.211718141794165]]]}}, {"type": "Feature", "properties": {"bid": 1157, "stakeholder": "resident"}, "geometry": {"type": "Polygon", "coordinates": [[[121.47638764436523, 31.21174927031187], [121.47627176466348, 31.211710103936472], [121.47618063747996, 31.211907237443313], [121.47629651570504, 31.211946409370565], [121.47638764436523, 31.21174927031187]]]}}, {"type": "Feature", "properties": {"bid": 1158, "stakeholder": "resident"}, "geometry": {"type": "Polygon", "coordinates": [[[121.47585785013733, 31.211939053262643], [121.47601266210542, 31.212009966331667], [121.47606670621076, 31.211923057602004], [121.47574809505318, 31.21177705802837], [121.47562800459512, 31.211968612769507], [121.47579279920546, 31.212043732628786], [121.47585785013733, 31.211939053262643]]]}}, {"type": "Feature", "properties": {"bid": 1159, "stakeholder": "resident"}, "geometry": {"type": "Polygon", "coordinates": [[[121.47622916191553, 31.212360845960294], [121.47646898686094, 31.212367378634273], [121.47646899649476, 31.212357385700503], [121.47652395810917, 31.212358420492983], [121.47652601844277, 31.21229450333345], [121.4764940407067, 31.21229390150142], [121.47645509509948, 31.212265187088175], [121.47645510959241, 31.212250197699635], [121.47647109930665, 31.212249499721555], [121.47647421821272, 31.21212464470084], [121.4763642963402, 31.212122570612227], [121.47636326797885, 31.212152530477226], [121.47633628745359, 31.21215202039655], [121.47633731678025, 31.21212106125426], [121.47622739729435, 31.21211897927361], [121.47622428720456, 31.2122348402732], [121.47623426337213, 31.212252017792135], [121.4762032496766, 31.212289403152003], [121.47615928354686, 31.212287568762463], [121.47615622697435, 31.21234846866593], [121.47623017080923, 31.212350871980952], [121.47622916191553, 31.212360845960294]]]}}, {"type": "Feature", "properties": {"bid": 1160, "stakeholder": "resident"}, "geometry": {"type": "Polygon", "coordinates": [[[121.47559597430721, 31.21306923837631], [121.47565388639032, 31.21311232599799], [121.47575090101566, 31.213014260540373], [121.47557017488101, 31.21287986968815], [121.47544919446308, 31.212965470705228], [121.4753850752909, 31.21314910197736], [121.47555490146533, 31.21318236791319], [121.47559597430721, 31.21306923837631]]]}}, {"type": "Feature", "properties": {"bid": 1161, "stakeholder": "resident"}, "geometry": {"type": "Polygon", "coordinates": [[[121.47574531274037, 31.213042985428697], [121.47583036688695, 31.21310292470263], [121.47587221112623, 31.213059064200845], [121.47578715700956, 31.212999124952685], [121.47574531274037, 31.213042985428697]]]}}, {"type": "Feature", "properties": {"bid": 1162, "stakeholder": "resident"}, "geometry": {"type": "Polygon", "coordinates": [[[121.47569280429866, 31.213166039074956], [121.47561888913845, 31.21313963250752], [121.47559384330533, 31.213210101103297], [121.47566875834889, 31.213235528532547], [121.47569280429866, 31.213166039074956]]]}}, {"type": "Feature", "properties": {"bid": 1163, "stakeholder": "resident"}, "geometry": {"type": "Polygon", "coordinates": [[[121.47618437276572, 31.21322340396079], [121.47577678180188, 31.21311868661558], [121.47573769603468, 31.21324285056795], [121.47614528395707, 31.21334857537073], [121.47618437276572, 31.21322340396079]]]}}, {"type": "Feature", "properties": {"bid": 1164, "stakeholder": "resident"}, "geometry": {"type": "Polygon", "coordinates": [[[121.47562877465634, 31.213252746039814], [121.47535507511043, 31.213176500885766], [121.47532699269063, 31.213289878044467], [121.47560069132614, 31.213366126980866], [121.47562877465634, 31.213252746039814]]]}}, {"type": "Feature", "properties": {"bid": 1165, "stakeholder": "developer"}, "geometry": {"type": "Polygon", "coordinates": [[[121.47365538484449, 31.212492301335768], [121.47367541062009, 31.212442739257767], [121.47360550566897, 31.212423341972215], [121.47358647988938, 31.212471924356915], [121.47365538484449, 31.212492301335768]]]}}, {"type": "Feature", "properties": {"bid": 1166, "stakeholder": "resident"}, "geometry": {"type": "Polygon", "coordinates": [[[121.4739627224277, 31.212841242934587], [121.47395073905888, 31.21283700557251], [121.47386673379617, 31.212936251811804], [121.47391167390936, 31.21294914528511], [121.4739627224277, 31.212841242934587]]]}}, {"type": "Feature", "properties": {"bid": 1167, "stakeholder": "resident"}, "geometry": {"type": "Polygon", "coordinates": [[[121.47422426912577, 31.213034339816886], [121.47415835180938, 31.21301803587329], [121.47414533143024, 31.213053751518828], [121.47382673936433, 31.212975421379504], [121.47377767400201, 31.213100349291597], [121.47416816921067, 31.213201107016978], [121.47422426912577, 31.213034339816886]]]}}, {"type": "Feature", "properties": {"bid": 1168, "stakeholder": "resident"}, "geometry": {"type": "Polygon", "coordinates": [[[121.47416611692769, 31.213259026611915], [121.47389248240712, 31.213173606963903], [121.47384142699458, 31.213290501865792], [121.47412903966678, 31.213382202435405], [121.47416611692769, 31.213259026611915]]]}}, {"type": "Feature", "properties": {"bid": 1169, "stakeholder": "resident"}, "geometry": {"type": "Polygon", "coordinates": [[[121.47386053106426, 31.213157975950082], [121.47375068381724, 31.213120792082687], [121.47347842995235, 31.213712893515257], [121.47358827487596, 31.213749090187772], [121.47386053106426, 31.213157975950082]]]}}, {"type": "Feature", "properties": {"bid": 1170, "stakeholder": "resident"}, "geometry": {"type": "Polygon", "coordinates": [[[121.47412102193755, 31.213410023346853], [121.47382941104229, 31.213321239446316], [121.473763332981, 31.213480801861866], [121.47407192099627, 31.213572931210585], [121.47412102193755, 31.213410023346853]]]}}, {"type": "Feature", "properties": {"bid": 1171, "stakeholder": "resident"}, "geometry": {"type": "Polygon", "coordinates": [[[121.47406290547087, 31.213599732703187], [121.47374632745732, 31.213506442103203], [121.47369125918965, 31.21364423923603], [121.47402081869835, 31.21374079485469], [121.47406290547087, 31.213599732703187]]]}}, {"type": "Feature", "properties": {"bid": 1172, "stakeholder": "resident"}, "geometry": {"type": "Polygon", "coordinates": [[[121.4739528782668, 31.213753425028017], [121.47371020957632, 31.213675599922734], [121.47366015973478, 31.21378851449908], [121.47390382509457, 31.213867363945162], [121.4739528782668, 31.213753425028017]]]}}, {"type": "Feature", "properties": {"bid": 1173, "stakeholder": "resident"}, "geometry": {"type": "Polygon", "coordinates": [[[121.47392769940882, 31.213976769128745], [121.47362211466736, 31.213882683189354], [121.47360710296118, 31.213913359410345], [121.47391668562842, 31.214004529428045], [121.47392769940882, 31.213976769128745]]]}}, {"type": "Feature", "properties": {"bid": 1174, "stakeholder": "resident"}, "geometry": {"type": "Polygon", "coordinates": [[[121.47393968653499, 31.213977009409238], [121.4736331024269, 31.213882904809054], [121.47361809069957, 31.21391358109542], [121.47392767381065, 31.21400474973717], [121.47393968653499, 31.213977009409238]]]}}, {"type": "Feature", "properties": {"bid": 1175, "stakeholder": "developer"}, "geometry": {"type": "Polygon", "coordinates": [[[121.47473754740015, 31.212891354425697], [121.47499997282058, 31.212961940939792], [121.47501968359308, 31.212907810125486], [121.47475725833519, 31.2128372236229], [121.47473754740015, 31.212891354425697]]]}}, {"type": "Feature", "properties": {"bid": 1176, "stakeholder": "resident"}, "geometry": {"type": "Polygon", "coordinates": [[[121.47427935330245, 31.212886538298164], [121.47398871934752, 31.212815781367], [121.47394263967976, 31.212950765403548], [121.47423427105569, 31.213021547927198], [121.47427935330245, 31.212886538298164]]]}}, {"type": "Feature", "properties": {"bid": 1177, "stakeholder": "resident"}, "geometry": {"type": "Polygon", "coordinates": [[[121.47500552832228, 31.213022788275673], [121.47438031576075, 31.21281959230151], [121.47434827616985, 31.212894903982082], [121.47497448540084, 31.213098128595618], [121.47500552832228, 31.213022788275673]]]}}, {"type": "Feature", "properties": {"bid": 1178, "stakeholder": "resident"}, "geometry": {"type": "Polygon", "coordinates": [[[121.47498644319853, 31.213131340283606], [121.47436221367627, 31.21294614603289], [121.47431114575375, 31.213072044452407], [121.47493736957041, 31.213257292259176], [121.47498644319853, 31.213131340283606]]]}}, {"type": "Feature", "properties": {"bid": 1179, "stakeholder": "resident"}, "geometry": {"type": "Polygon", "coordinates": [[[121.47513937362817, 31.21305938063415], [121.4750294901272, 31.213040245543652], [121.47493620510024, 31.21343414906783], [121.47504608731651, 31.213453288958934], [121.47513937362817, 31.21305938063415]]]}}, {"type": "Feature", "properties": {"bid": 1180, "stakeholder": "resident"}, "geometry": {"type": "Polygon", "coordinates": [[[121.47496031533387, 31.213292718158186], [121.47429413960742, 31.213096689177583], [121.47424607337496, 31.213218648746643], [121.47491224528481, 31.213414692110746], [121.47496031533387, 31.213292718158186]]]}}, {"type": "Feature", "properties": {"bid": 1181, "stakeholder": "resident"}, "geometry": {"type": "Polygon", "coordinates": [[[121.47471934798261, 31.213497840612888], [121.47463744995092, 31.21347224165277], [121.4746654822643, 31.213408838328238], [121.47419608386133, 31.21326162282179], [121.4741590055254, 31.21338579841852], [121.4746933164704, 31.2135582861452], [121.47471934798261, 31.213497840612888]]]}}, {"type": "Feature", "properties": {"bid": 1182, "stakeholder": "resident"}, "geometry": {"type": "Polygon", "coordinates": [[[121.47475524180788, 31.213575495345133], [121.47487709694941, 31.213608870014358], [121.4749381864624, 31.21345217568523], [121.47470047347883, 31.213382546724468], [121.47467143263658, 31.213455923791564], [121.47478829006809, 31.213490204093375], [121.47475524180788, 31.213575495345133]]]}}, {"type": "Feature", "properties": {"bid": 1183, "stakeholder": "resident"}, "geometry": {"type": "Polygon", "coordinates": [[[121.47429668529516, 31.21357941152042], [121.47441253684076, 31.213614690668518], [121.47443256026315, 31.213568119715607], [121.47457538081517, 31.213610920520804], [121.4746054190091, 31.213538563632824], [121.47414600696914, 31.213398530226982], [121.47409690394956, 31.21356343719578], [121.47428066556529, 31.213618066386005], [121.47429668529516, 31.21357941152042]]]}}, {"type": "Feature", "properties": {"bid": 1184, "stakeholder": "resident"}, "geometry": {"type": "Polygon", "coordinates": [[[121.4748511011412, 31.213630344592733], [121.47463435997963, 31.213572112807654], [121.47460030438945, 31.213667375153594], [121.47481604561756, 31.213725590656217], [121.4748511011412, 31.213630344592733]]]}}, {"type": "Feature", "properties": {"bid": 1185, "stakeholder": "resident"}, "geometry": {"type": "Polygon", "coordinates": [[[121.47617323674683, 31.21337708754436], [121.47568871277281, 31.213266891512824], [121.47564561459592, 31.213408964368167], [121.4761311359573, 31.21351819073197], [121.47617323674683, 31.21337708754436]]]}}, {"type": "Feature", "properties": {"bid": 1186, "stakeholder": "resident"}, "geometry": {"type": "Polygon", "coordinates": [[[121.475584675787, 31.213396796936706], [121.47531197779574, 31.213319565973567], [121.47528289505681, 31.213434921877035], [121.47555659220176, 31.213511176718043], [121.475584675787, 31.213396796936706]]]}}, {"type": "Feature", "properties": {"bid": 1187, "stakeholder": "resident"}, "geometry": {"type": "Polygon", "coordinates": [[[121.47535108800538, 31.213166430319518], [121.47527317075071, 31.21314992677629], [121.47515179487266, 31.213666210181998], [121.47521872079142, 31.21368250428639], [121.47535108800538, 31.213166430319518]]]}}, {"type": "Feature", "properties": {"bid": 1188, "stakeholder": "resident"}, "geometry": {"type": "Polygon", "coordinates": [[[121.47628095283459, 31.213597981983646], [121.4763401045011, 31.21339024351027], [121.47627916103089, 31.21337609893975], [121.47624407762613, 31.21349235449321], [121.47621701207812, 31.21358377863754], [121.47628095283459, 31.213597981983646]]]}}, {"type": "Feature", "properties": {"bid": 1189, "stakeholder": "resident"}, "geometry": {"type": "Polygon", "coordinates": [[[121.47630493716508, 31.213596437477403], [121.47636208677011, 31.21339265770637], [121.47630314069501, 31.21337955097062], [121.47626906108904, 31.213490829384455], [121.47624099709581, 31.213581235626247], [121.47630493716508, 31.213596437477403]]]}}, {"type": "Feature", "properties": {"bid": 1190, "stakeholder": "resident"}, "geometry": {"type": "Polygon", "coordinates": [[[121.47612712410194, 31.21353410355715], [121.47564160299204, 31.213424876202332], [121.47559850579547, 31.21356694825744], [121.47608402412322, 31.213676186220134], [121.47612712410194, 31.21353410355715]]]}}, {"type": "Feature", "properties": {"bid": 1191, "stakeholder": "resident"}, "geometry": {"type": "Polygon", "coordinates": [[[121.47553955360333, 31.21356780895531], [121.47527584630893, 31.21349374474772], [121.47524274843148, 31.213630007941667], [121.4755064556391, 31.213703077109123], [121.47553955360333, 31.21356780895531]]]}}, {"type": "Feature", "properties": {"bid": 1192, "stakeholder": "resident"}, "geometry": {"type": "Polygon", "coordinates": [[[121.47606601198231, 31.21370382414284], [121.47558149406939, 31.21359460105964], [121.47553940361342, 31.21372969623008], [121.47602391882312, 31.21383892959607], [121.47606601198231, 31.21370382414284]]]}}, {"type": "Feature", "properties": {"bid": 1193, "stakeholder": "resident"}, "geometry": {"type": "Polygon", "coordinates": [[[121.47549643644584, 31.213732863057594], [121.47514778553987, 31.21368012249457], [121.47510054942883, 31.213981995691015], [121.47541723506335, 31.214024131831817], [121.47549643644584, 31.213732863057594]]]}}, {"type": "Feature", "properties": {"bid": 1194, "stakeholder": "resident"}, "geometry": {"type": "Polygon", "coordinates": [[[121.47586299918635, 31.213885819758566], [121.47566020276793, 31.213839953047618], [121.4756201166524, 31.213969092814743], [121.47582391028413, 31.214015982071142], [121.47586299918635, 31.213885819758566]]]}}, {"type": "Feature", "properties": {"bid": 1195, "stakeholder": "resident"}, "geometry": {"type": "Polygon", "coordinates": [[[121.4742686408789, 31.213657799994447], [121.47408387962673, 31.21360414919456], [121.47404179275361, 31.21374521171884], [121.47421356938264, 31.213795609197735], [121.4742686408789, 31.213657799994447]]]}}, {"type": "Feature", "properties": {"bid": 1196, "stakeholder": "resident"}, "geometry": {"type": "Polygon", "coordinates": [[[121.47502696450329, 31.21360381247773], [121.47490609283295, 31.213584456023735], [121.47483184824624, 31.213923767413515], [121.47495371695801, 31.213944146910922], [121.47502696450329, 31.21360381247773]]]}}, {"type": "Feature", "properties": {"bid": 1197, "stakeholder": "resident"}, "geometry": {"type": "Polygon", "coordinates": [[[121.47477406080884, 31.213751746553612], [121.47456731007698, 31.213695703383273], [121.4745322552401, 31.21379194436309], [121.47473800607133, 31.213847971130352], [121.47477406080884, 31.213751746553612]]]}}, {"type": "Feature", "properties": {"bid": 1198, "stakeholder": "resident"}, "geometry": {"type": "Polygon", "coordinates": [[[121.47439053683787, 31.213638237806652], [121.47429565666835, 31.213611369374572], [121.47417147343504, 31.21394666732397], [121.47426635317277, 31.213972541565905], [121.47439053683787, 31.213638237806652]]]}}, {"type": "Feature", "properties": {"bid": 1199, "stakeholder": "resident"}, "geometry": {"type": "Polygon", "coordinates": [[[121.47457336241496, 31.213632865711364], [121.47445151244551, 31.21359947448376], [121.47430129257306, 31.214000218530607], [121.47442413939383, 31.214033637654268], [121.47457336241496, 31.213632865711364]]]}}, {"type": "Feature", "properties": {"bid": 1200, "stakeholder": "resident"}, "geometry": {"type": "Polygon", "coordinates": [[[121.47420455018745, 31.21382640850419], [121.47405874161156, 31.213781526290454], [121.4740076853808, 31.21390042393154], [121.47415349402799, 31.21394431000817], [121.47420455018745, 31.21382640850419]]]}}, {"type": "Feature", "properties": {"bid": 1201, "stakeholder": "resident"}, "geometry": {"type": "Polygon", "coordinates": [[[121.47471800054917, 31.213874558773508], [121.47452623358254, 31.213821804916783], [121.47447816297574, 31.213949765933133], [121.47467092787645, 31.214002543636585], [121.47471800054917, 31.213874558773508]]]}}, {"type": "Feature", "properties": {"bid": 1202, "stakeholder": "resident"}, "geometry": {"type": "Polygon", "coordinates": [[[121.4748188523514, 31.213932505891417], [121.4747439323578, 31.213922037853028], [121.47473087985065, 31.213992732851], [121.47480679877195, 31.214003220981002], [121.4748188523514, 31.213932505891417]]]}}, {"type": "Feature", "properties": {"bid": 1203, "stakeholder": "resident"}, "geometry": {"type": "Polygon", "coordinates": [[[121.47492273034914, 31.213960527976838], [121.47486079785381, 31.213949319283465], [121.47484374988937, 31.21401893716649], [121.47490568316937, 31.214029147039632], [121.47492273034914, 31.213960527976838]]]}}, {"type": "Feature", "properties": {"bid": 1204, "stakeholder": "unknown"}, "geometry": {"type": "Polygon", "coordinates": [[[121.47466392645765, 31.214011399445837], [121.47448115356816, 31.213956820456133], [121.4744471080594, 31.21404308706673], [121.47462988021982, 31.21409766884068], [121.47466392645765, 31.214011399445837]]]}}, {"type": "Feature", "properties": {"bid": 1205, "stakeholder": "resident"}, "geometry": {"type": "Polygon", "coordinates": [[[121.47389363100886, 31.21409100841345], [121.47361700581052, 31.214007495823868], [121.47360399565274, 31.214034215131736], [121.47388361993988, 31.214114791397893], [121.47389363100886, 31.21409100841345]]]}}, {"type": "Feature", "properties": {"bid": 1206, "stakeholder": "resident"}, "geometry": {"type": "Polygon", "coordinates": [[[121.47347919734032, 31.213964738878698], [121.47333439297074, 31.213928827855053], [121.47332637471789, 31.21395864496383], [121.4732864263474, 31.21395183822817], [121.47318820203999, 31.214321591878676], [121.4733779507268, 31.214360421141457], [121.47347919734032, 31.213964738878698]]]}}, {"type": "Feature", "properties": {"bid": 1207, "stakeholder": "developer"}, "geometry": {"type": "Polygon", "coordinates": [[[121.47313471993812, 31.21382183937151], [121.47303785101462, 31.213801877412727], [121.47284444548688, 31.21449845425958], [121.47294131252931, 31.21451842317833], [121.47313471993812, 31.21382183937151]]]}}, {"type": "Feature", "properties": {"bid": 1208, "stakeholder": "resident"}, "geometry": {"type": "Polygon", "coordinates": [[[121.47373146975396, 31.214460499265048], [121.47374549667562, 31.2144138130622], [121.47376846696409, 31.21441927180961], [121.47379152391046, 31.21432879649331], [121.47388361993988, 31.214114791397893], [121.47360399565274, 31.214034215131736], [121.47343385977923, 31.214391533572144], [121.47373146975396, 31.214460499265048]]]}}, {"type": "Feature", "properties": {"bid": 1209, "stakeholder": "resident"}, "geometry": {"type": "Polygon", "coordinates": [[[121.47390342598419, 31.214305060981644], [121.47392144734975, 31.214260452604716], [121.47420607507468, 31.21434508930327], [121.47423911602971, 31.21426280333003], [121.47395648420387, 31.214179209964918], [121.47397450405687, 31.214136599864034], [121.47425713736845, 31.214219191751], [121.47427516426502, 31.21416958419701], [121.47395856667686, 31.21408631428233], [121.47385944637631, 31.214334158327183], [121.47388740888847, 31.21434271415484], [121.47386938682088, 31.214388321626068], [121.47404715229573, 31.214440850191583], [121.47405716423759, 31.214416067148015], [121.47406914886744, 31.21441930471524], [121.4740581379682, 31.21444406783831], [121.4741550127477, 31.21447198520968], [121.47419706364042, 31.21436789424877], [121.47415911219458, 31.214357144139342], [121.47415110158761, 31.214377970219406], [121.47390342598419, 31.214305060981644]]]}}, {"type": "Feature", "properties": {"bid": 1210, "stakeholder": "resident"}, "geometry": {"type": "Polygon", "coordinates": [[[121.47342184191518, 31.214426266762352], [121.4731791602237, 31.21437936903806], [121.47316210990812, 31.214456969830163], [121.47336084870166, 31.214494983975786], [121.47340179640628, 31.214501809827304], [121.47342184191518, 31.214426266762352]]]}}, {"type": "Feature", "properties": {"bid": 1211, "stakeholder": "resident"}, "geometry": {"type": "Polygon", "coordinates": [[[121.47399711550042, 31.214539782057837], [121.47400810110925, 31.21454299993622], [121.47399709129614, 31.214566763495903], [121.47410395040367, 31.21459987948082], [121.47413799097012, 31.214515616050097], [121.4738513666639, 31.214431930361176], [121.47381933038993, 31.21451023396213], [121.47398710463517, 31.214563565568078], [121.47399711550042, 31.214539782057837]]]}}, {"type": "Feature", "properties": {"bid": 1212, "stakeholder": "resident"}, "geometry": {"type": "Polygon", "coordinates": [[[121.47339175134017, 31.21456456413716], [121.47341677750217, 31.214504111940478], [121.47336084870166, 31.214494983975786], [121.47334381708937, 31.214551600453483], [121.47339175134017, 31.21456456413716]]]}}, {"type": "Feature", "properties": {"bid": 1213, "stakeholder": "resident"}, "geometry": {"type": "Polygon", "coordinates": [[[121.4737653722749, 31.21452813652565], [121.47351871043395, 31.214452210505662], [121.47350969900458, 31.214476012262704], [121.4734717518412, 31.214464252196144], [121.47347876190021, 31.214444407410944], [121.47344980377274, 31.21443382816841], [121.47341176794771, 31.214520999095445], [121.473754292099, 31.214630844709962], [121.47378532260838, 31.214559516968055], [121.47375636151013, 31.214550939868843], [121.4737653722749, 31.21452813652565]]]}}, {"type": "Feature", "properties": {"bid": 1214, "stakeholder": "resident"}, "geometry": {"type": "Polygon", "coordinates": [[[121.47315409592306, 31.214482789314165], [121.47312502512239, 31.214599119166387], [121.47322688882433, 31.214620178903086], [121.47325895644123, 31.214503908791695], [121.47315409592306, 31.214482789314165]]]}}, {"type": "Feature", "properties": {"bid": 1215, "stakeholder": "resident"}, "geometry": {"type": "Polygon", "coordinates": [[[121.47611782023102, 31.21386969879802], [121.47590402366177, 31.213824647143152], [121.47580181388014, 31.214140473909303], [121.47578483125663, 31.214136150690926], [121.47581689944799, 31.21403383546987], [121.47561310509379, 31.21398794480672], [121.47553295627813, 31.21422323809395], [121.47604158014032, 31.214194026678115], [121.47611782023102, 31.21386969879802]]]}}, {"type": "Feature", "properties": {"bid": 1216, "stakeholder": "resident"}, "geometry": {"type": "Polygon", "coordinates": [[[121.47614973727582, 31.213934262501027], [121.476091601946, 31.21412902418604], [121.47620049979197, 31.214153079612803], [121.47621754277179, 31.214092444203235], [121.47625763763232, 31.213957296382493], [121.47614973727582, 31.213934262501027]]]}}, {"type": "Feature", "properties": {"bid": 1217, "stakeholder": "resident"}, "geometry": {"type": "Polygon", "coordinates": [[[121.47652639504871, 31.214017333935537], [121.47625763763232, 31.213957296382493], [121.47621754277179, 31.214092444203235], [121.4764882982222, 31.214151525797092], [121.47652639504871, 31.214017333935537]]]}}, {"type": "Feature", "properties": {"bid": 1218, "stakeholder": "state"}, "geometry": {"type": "Polygon", "coordinates": [[[121.47550996218446, 31.214237783615033], [121.4755450535015, 31.214105551277946], [121.4750905237845, 31.214019774242903], [121.4750393864798, 31.214220638669648], [121.47523319533502, 31.21424140865219], [121.47550996218446, 31.214237783615033]]]}}, {"type": "Feature", "properties": {"bid": 1219, "stakeholder": "resident"}, "geometry": {"type": "Polygon", "coordinates": [[[121.47653205709094, 31.214384193067772], [121.47634319527687, 31.214375634904858], [121.47634016853613, 31.2144075561597], [121.47608837282348, 31.21438379101783], [121.47608233767914, 31.214427646526183], [121.47653599204034, 31.214453220689453], [121.47653205709094, 31.214384193067772]]]}}, {"type": "Feature", "properties": {"bid": 1220, "stakeholder": "resident"}, "geometry": {"type": "Polygon", "coordinates": [[[121.47584247754901, 31.214476028350422], [121.47583856823324, 31.21437901857246], [121.47562173476888, 31.214386842424048], [121.47562564399256, 31.21448385264295], [121.47584247754901, 31.214476028350422]]]}}, {"type": "Feature", "properties": {"bid": 1221, "stakeholder": "resident"}, "geometry": {"type": "Polygon", "coordinates": [[[121.47604539851932, 31.214390966901362], [121.4758625517668, 31.214376480164553], [121.4758514631511, 31.214484195179807], [121.47603330950017, 31.214499663202897], [121.47604539851932, 31.214390966901362]]]}}, {"type": "Feature", "properties": {"bid": 1222, "stakeholder": "resident"}, "geometry": {"type": "Polygon", "coordinates": [[[121.47647191879697, 31.21458292672912], [121.4765138885665, 31.21458471628023], [121.47652497712761, 31.214477996722728], [121.4760763395552, 31.214430530274008], [121.47606024110405, 31.214553141015305], [121.4764679018715, 31.214604836293397], [121.47647191879697, 31.21458292672912]]]}}, {"type": "Feature", "properties": {"bid": 1223, "stakeholder": "resident"}, "geometry": {"type": "Polygon", "coordinates": [[[121.47581345944037, 31.21452144110361], [121.4756156361392, 31.214501647643942], [121.4756035680465, 31.214588356605926], [121.47580139013428, 31.21460915056644], [121.47581345944037, 31.21452144110361]]]}}, {"type": "Feature", "properties": {"bid": 1224, "stakeholder": "resident"}, "geometry": {"type": "Polygon", "coordinates": [[[121.47559770430541, 31.214442341446674], [121.47556873406269, 31.214435786480855], [121.4755757777998, 31.21438095937321], [121.47540791844688, 31.214380710912216], [121.47531464541441, 31.214773636386948], [121.47550645345017, 31.214806334177396], [121.47559770430541, 31.214442341446674]]]}}, {"type": "Feature", "properties": {"bid": 1225, "stakeholder": "resident"}, "geometry": {"type": "Polygon", "coordinates": [[[121.47772702307044, 31.211580207844758], [121.47764593188869, 31.211712642062817], [121.47796564812882, 31.211851333808], [121.47804274609221, 31.211717813141146], [121.47772702307044, 31.211580207844758]]]}}, {"type": "Feature", "properties": {"bid": 1226, "stakeholder": "resident"}, "geometry": {"type": "Polygon", "coordinates": [[[121.47649296029864, 31.213431101971768], [121.47659986316582, 31.213458094768548], [121.4766319292154, 31.213364760391535], [121.47667489094273, 31.213375558800976], [121.47670295839589, 31.21328414699382], [121.47638824143178, 31.21320827783944], [121.47635016087123, 31.21332247994343], [121.47651500848644, 31.21336356326378], [121.47649296029864, 31.213431101971768]]]}}, {"type": "Feature", "properties": {"bid": 1227, "stakeholder": "resident"}, "geometry": {"type": "Polygon", "coordinates": [[[121.47687262825583, 31.213522154683975], [121.47704947996225, 31.21356641166551], [121.47702342434822, 31.213642876496806], [121.47699544711487, 31.213636361672393], [121.47696638821277, 31.213718765925773], [121.4770033570079, 31.21372844599085], [121.47694523901998, 31.213894253788563], [121.47704815254475, 31.213921146336304], [121.47714542144934, 31.213569185713023], [121.47710150626017, 31.213505416840015], [121.47695663774778, 31.21345676281038], [121.47691569889423, 31.213418027702286], [121.47680678066526, 31.213403007484654], [121.47678183242533, 31.21336456767302], [121.47670690047676, 31.213343180568636], [121.4766677901873, 31.213488348897556], [121.47686961993281, 31.21353309118013], [121.47687262825583, 31.213522154683975]]]}}, {"type": "Feature", "properties": {"bid": 1228, "stakeholder": "resident"}, "geometry": {"type": "Polygon", "coordinates": [[[121.47677916269073, 31.214090025530137], [121.47671122020392, 31.214074764968082], [121.47669819140754, 31.214115493464412], [121.47676813245994, 31.214130791846515], [121.47677916269073, 31.214090025530137]]]}}, {"type": "Feature", "properties": {"bid": 1229, "stakeholder": "resident"}, "geometry": {"type": "Polygon", "coordinates": [[[121.47671623151155, 31.214058869532035], [121.47652639504871, 31.214017333935537], [121.4764882982222, 31.214151525797092], [121.47667613592705, 31.21419202855931], [121.47671623151155, 31.214058869532035]]]}}, {"type": "Feature", "properties": {"bid": 1230, "stakeholder": "resident"}, "geometry": {"type": "Polygon", "coordinates": [[[121.47694592305629, 31.21423903348227], [121.47697098847961, 31.214150559094776], [121.47684109427348, 31.21412216006234], [121.47684710684929, 31.214104284276175], [121.47677916269073, 31.214090025530137], [121.47676813245994, 31.214130791846515], [121.4767470861118, 31.21419635406527], [121.47694592305629, 31.21423903348227]]]}}, {"type": "Feature", "properties": {"bid": 1231, "stakeholder": "resident"}, "geometry": {"type": "Polygon", "coordinates": [[[121.47695777330146, 31.214396147935247], [121.47695780042626, 31.21436616862234], [121.47693983429087, 31.214340851628723], [121.47688288653535, 31.214321804449742], [121.47686183657017, 31.214391365337463], [121.47693078024179, 31.214406638925933], [121.47685561009098, 31.21464707742399], [121.47687659221617, 31.214652464884804], [121.47695777330146, 31.214396147935247]]]}}, {"type": "Feature", "properties": {"bid": 1232, "stakeholder": "resident"}, "geometry": {"type": "Polygon", "coordinates": [[[121.47692478671911, 31.214403529511507], [121.47692581320769, 31.214373568778395], [121.47690684688678, 31.214349232184702], [121.47685089879418, 31.214330202596674], [121.47682984986271, 31.214398763812362], [121.47689879227289, 31.214415037920844], [121.47682462194132, 31.214655493762738], [121.47684360613971, 31.214659845014754], [121.47692478671911, 31.214403529511507]]]}}, {"type": "Feature", "properties": {"bid": 1233, "stakeholder": "resident"}, "geometry": {"type": "Polygon", "coordinates": [[[121.47664070576037, 31.214694026574193], [121.47679158161247, 31.21472383106959], [121.47685575919571, 31.214481191613118], [121.47678681453498, 31.214467913810278], [121.47679884822763, 31.21442216935281], [121.4766000122039, 31.214383471240918], [121.47657795142085, 31.214467000545085], [121.47669485348878, 31.214490178506143], [121.47664070576037, 31.214694026574193]]]}}, {"type": "Feature", "properties": {"bid": 1234, "stakeholder": "resident"}, "geometry": {"type": "Polygon", "coordinates": [[[121.47665261379655, 31.21478818686637], [121.47652571389654, 31.21477081414957], [121.47647350100647, 31.215050643578024], [121.47660040086247, 31.215067020539504], [121.47665261379655, 31.21478818686637]]]}}, {"type": "Feature", "properties": {"bid": 1235, "stakeholder": "developer"}, "geometry": {"type": "Polygon", "coordinates": [[[121.4716388658819, 31.213515175433365], [121.47154500212069, 31.213503222098154], [121.4714877761163, 31.21383080349483], [121.47158163849677, 31.21384375774442], [121.4716388658819, 31.213515175433365]]]}}, {"type": "Feature", "properties": {"bid": 1236, "stakeholder": "unknown"}, "geometry": {"type": "Polygon", "coordinates": [[[121.47139182030152, 31.2139237313762], [121.47132891147999, 31.213917416787407], [121.47131684584313, 31.214007103292033], [121.47137875597356, 31.21401339718363], [121.47139182030152, 31.2139237313762]]]}}, {"type": "Feature", "properties": {"bid": 1237, "stakeholder": "unknown"}, "geometry": {"type": "Polygon", "coordinates": [[[121.47172723034464, 31.214078639082793], [121.47141075314698, 31.2139690974999], [121.47137973637597, 31.214033404263706], [121.47169721050828, 31.214143968930273], [121.47172723034464, 31.214078639082793]]]}}, {"type": "Feature", "properties": {"bid": 1238, "stakeholder": "unknown"}, "geometry": {"type": "Polygon", "coordinates": [[[121.47194791123957, 31.214112211332857], [121.47180014853984, 31.214063169413176], [121.47176912431702, 31.214134474970706], [121.4719188848991, 31.214182560540394], [121.47194791123957, 31.214112211332857]]]}}, {"type": "Feature", "properties": {"bid": 1239, "stakeholder": "unknown"}, "geometry": {"type": "Polygon", "coordinates": [[[121.47281851560298, 31.21445495219751], [121.47265077326291, 31.214393551098905], [121.47262275565616, 31.214450936701315], [121.47278949966108, 31.214511319713893], [121.47281851560298, 31.21445495219751]]]}}, {"type": "Feature", "properties": {"bid": 1240, "stakeholder": "unknown"}, "geometry": {"type": "Polygon", "coordinates": [[[121.47399482342689, 31.214869515658048], [121.47368324990988, 31.214764324240146], [121.47367324141489, 31.214786107894717], [121.47366325515611, 31.214782908643134], [121.47367326275106, 31.21476212434374], [121.47357739719111, 31.21472921140737], [121.47355236562827, 31.214795661187793], [121.47396978813926, 31.21493896768993], [121.47399482342689, 31.214869515658048]]]}}, {"type": "Feature", "properties": {"bid": 1241, "stakeholder": "unknown"}, "geometry": {"type": "Polygon", "coordinates": [[[121.47402678144977, 31.21487914921335], [121.47399775033286, 31.214948521600316], [121.47406965373308, 31.21497294454678], [121.47409868507577, 31.214903571273958], [121.47402678144977, 31.21487914921335]]]}}, {"type": "Feature", "properties": {"bid": 1242, "stakeholder": "resident"}, "geometry": {"type": "Polygon", "coordinates": [[[121.47427726329157, 31.214058700714364], [121.47398365047182, 31.213965898242115], [121.47395061353814, 31.21404418322436], [121.47424422617883, 31.214135990525673], [121.47427726329157, 31.214058700714364]]]}}, {"type": "Feature", "properties": {"bid": 1243, "stakeholder": "unknown"}, "geometry": {"type": "Polygon", "coordinates": [[[121.47489864957127, 31.214072979368897], [121.47473284775299, 31.214025749355926], [121.47469779945608, 31.214114998040426], [121.47486360057292, 31.214162230718102], [121.47489864957127, 31.214072979368897]]]}}, {"type": "Feature", "properties": {"bid": 1244, "stakeholder": "resident"}, "geometry": {"type": "Polygon", "coordinates": [[[121.4744568906849, 31.214271127514962], [121.47446687795322, 31.214274323434374], [121.47445786523711, 31.214298128685474], [121.47451878989727, 31.214315324679088], [121.47452780177207, 31.214292518494226], [121.4745497754493, 31.214297949879384], [121.47453976273268, 31.21432273500852], [121.47477347964515, 31.21438830575522], [121.47477555725891, 31.21430040575399], [121.474313127154, 31.21416834070317], [121.4742810873072, 31.214247649595965], [121.47444687807729, 31.21429591223073], [121.4744568906849, 31.214271127514962]]]}}, {"type": "Feature", "properties": {"bid": 1245, "stakeholder": "resident"}, "geometry": {"type": "Polygon", "coordinates": [[[121.47401228227898, 31.214337221737654], [121.47415110158761, 31.214377970219406], [121.47415911219458, 31.214357144139342], [121.47402129079707, 31.214317415428184], [121.47401228227898, 31.214337221737654]]]}}, {"type": "Feature", "properties": {"bid": 1246, "stakeholder": "resident"}, "geometry": {"type": "Polygon", "coordinates": [[[121.47427301316691, 31.21433842778254], [121.4742829992864, 31.214342623810058], [121.47427398865807, 31.214364429739184], [121.47445975306334, 31.214420084186486], [121.47448873037992, 31.214413663020306], [121.47455065617179, 31.21442887933881], [121.47455967161056, 31.21440207575921], [121.474570658949, 31.214404291670174], [121.47456164349832, 31.214431095294056], [121.47466651895854, 31.214457150608546], [121.47470155980706, 31.21437489730698], [121.4745237776964, 31.214323418026083], [121.4745157666621, 31.21434424535613], [121.47427007776422, 31.21427041504524], [121.47423603681796, 31.21435368087412], [121.47426400074211, 31.21436223229376], [121.47427301316691, 31.21433842778254]]]}}, {"type": "Feature", "properties": {"bid": 1247, "stakeholder": "resident"}, "geometry": {"type": "Polygon", "coordinates": [[[121.47490537611041, 31.214366913523914], [121.47486247267739, 31.214304113039642], [121.47479555443374, 31.21428281127448], [121.4747643317494, 31.214562009022245], [121.47485723150601, 31.2145768269267], [121.47490537611041, 31.214366913523914]]]}}, {"type": "Feature", "properties": {"bid": 1248, "stakeholder": "resident"}, "geometry": {"type": "Polygon", "coordinates": [[[121.47497711453777, 31.214584174880027], [121.47507701431402, 31.214595123118624], [121.4751172037453, 31.21434507638633], [121.47504028046127, 31.214336578147936], [121.47503625793331, 31.214365479995255], [121.47499430122855, 31.21435966234986], [121.47497722051389, 31.214466256054035], [121.47499520291922, 31.21446760750365], [121.47497711453777, 31.214584174880027]]]}}, {"type": "Feature", "properties": {"bid": 1249, "stakeholder": "resident"}, "geometry": {"type": "Polygon", "coordinates": [[[121.47444363072202, 31.214573661368206], [121.4745215367084, 31.214593192601], [121.47452454537459, 31.214580260851612], [121.4745475189942, 31.21458471272785], [121.47455553886914, 31.21455389211422], [121.47457851258446, 31.21455834367492], [121.47457049089633, 31.214591162996435], [121.47462342896426, 31.2146032016243], [121.47463045167787, 31.21457036238718], [121.47465442376495, 31.21457583221019], [121.47464740013778, 31.214609670836293], [121.47469734258243, 31.214620649255377], [121.47472839059435, 31.214534319375442], [121.47450564323321, 31.214491945636606], [121.47451967429244, 31.214442256927956], [121.47447772334317, 31.21443343155966], [121.47447371113448, 31.214451339993673], [121.47443476013437, 31.21443957527965], [121.4744267492779, 31.21446040232092], [121.47421801481778, 31.21439829165689], [121.47418497341813, 31.214481576750412], [121.47444664115642, 31.214558731098347], [121.47444363072202, 31.214573661368206]]]}}, {"type": "Feature", "properties": {"bid": 1250, "stakeholder": "resident"}, "geometry": {"type": "Polygon", "coordinates": [[[121.47416988944201, 31.21459220159994], [121.47419186209014, 31.214597636400637], [121.47418084936216, 31.21462439875956], [121.474365611071, 31.214682039557093], [121.4743756241485, 31.21465625579088], [121.47439360057116, 31.214662608655946], [121.47438259027115, 31.214686374040987], [121.47441454902332, 31.21469700162334], [121.47444162466626, 31.21458261556773], [121.47440267379204, 31.214570850296642], [121.47439366317565, 31.21459265673667], [121.47416795158414, 31.214525207809857], [121.47413291195154, 31.214609451737424], [121.47415887853153, 31.214616965228974], [121.47416988944201, 31.21459220159994]]]}}, {"type": "Feature", "properties": {"bid": 1251, "stakeholder": "resident"}, "geometry": {"type": "Polygon", "coordinates": [[[121.47526804743381, 31.21437100003158], [121.47514917203466, 31.214348698154083], [121.47502781237176, 31.214870976005606], [121.47514668866687, 31.214890286785657], [121.47526804743381, 31.21437100003158]]]}}, {"type": "Feature", "properties": {"bid": 1252, "stakeholder": "resident"}, "geometry": {"type": "Polygon", "coordinates": [[[121.47325795401105, 31.21450788575015], [121.47322288097077, 31.214634088077894], [121.47324884360582, 31.21464261035605], [121.47326685847825, 31.21460300305409], [121.47327684421725, 31.214606203845904], [121.4732979014475, 31.214515692254388], [121.47325795401105, 31.21450788575015]]]}}, {"type": "Feature", "properties": {"bid": 1253, "stakeholder": "resident"}, "geometry": {"type": "Polygon", "coordinates": [[[121.47380622096809, 31.214647878183477], [121.47385526170434, 31.214543933523643], [121.47381132294356, 31.21452806100968], [121.47378532260838, 31.214559516968055], [121.473754292099, 31.214630844709962], [121.47380622096809, 31.214647878183477]]]}}, {"type": "Feature", "properties": {"bid": 1254, "stakeholder": "resident"}, "geometry": {"type": "Polygon", "coordinates": [[[121.47335480177183, 31.21455482120377], [121.47332977948393, 31.214611275580914], [121.47337471621402, 31.214625178106818], [121.47339674562784, 31.214564665329082], [121.47335480177183, 31.21455482120377]]]}}, {"type": "Feature", "properties": {"bid": 1255, "stakeholder": "resident"}, "geometry": {"type": "Polygon", "coordinates": [[[121.47337669159367, 31.214650201433123], [121.4734306147899, 31.214668282439003], [121.47344062484115, 31.21464450113655], [121.4734625936152, 31.214651941085826], [121.4734515855688, 31.21467470294562], [121.47354944817585, 31.214706661671077], [121.47358048482488, 31.214627341903217], [121.4733957440834, 31.214567643029685], [121.47337471621402, 31.214625178106818], [121.47338669980287, 31.214628418969657], [121.47337669159367, 31.214650201433123]]]}}, {"type": "Feature", "properties": {"bid": 1256, "stakeholder": "resident"}, "geometry": {"type": "Polygon", "coordinates": [[[121.47405388878246, 31.214726793473233], [121.47408792876719, 31.214642530655002], [121.47384625711595, 31.214559742009722], [121.47380622096809, 31.214647878183477], [121.47405388878246, 31.214726793473233]]]}}, {"type": "Feature", "properties": {"bid": 1257, "stakeholder": "unknown"}, "geometry": {"type": "Polygon", "coordinates": [[[121.47311901787647, 31.21461498612764], [121.47316392664493, 31.214658871651807], [121.47332868871968, 31.21471418462414], [121.47336571758889, 31.21463498901159], [121.47326685847825, 31.21460300305409], [121.47324884360582, 31.21464261035605], [121.47322288097077, 31.214634088077894], [121.47322688882433, 31.214620178903086], [121.47312502512239, 31.214599119166387], [121.47311901787647, 31.21461498612764]]]}}, {"type": "Feature", "properties": {"bid": 1258, "stakeholder": "unknown"}, "geometry": {"type": "Polygon", "coordinates": [[[121.47354444310042, 31.21471855254583], [121.47344658232726, 31.214684594997944], [121.47343757205363, 31.214707397240133], [121.4734176001658, 31.214700996847224], [121.47342661042138, 31.21467819467609], [121.4733627022754, 31.2146559138452], [121.47333867187513, 31.214720383125442], [121.47351841541354, 31.214781983861837], [121.47354444310042, 31.21471855254583]]]}}, {"type": "Feature", "properties": {"bid": 1259, "stakeholder": "resident"}, "geometry": {"type": "Polygon", "coordinates": [[[121.47361937256767, 31.214705075212812], [121.47363535119814, 31.21470939482163], [121.47362434294894, 31.21473215744027], [121.4736822625798, 31.214751313027076], [121.47369327089778, 31.21472855015054], [121.47370625299119, 31.21473280894332], [121.47369524376802, 31.21475657119236], [121.47395589076336, 31.214839755286103], [121.47396489977541, 31.21481894977751], [121.47397388838705, 31.21482112848236], [121.4739648775917, 31.214843932655132], [121.47400082944978, 31.214855645221512], [121.47403586866164, 31.214770403717917], [121.47361444239085, 31.214633023873144], [121.47357740698749, 31.214718218951532], [121.4736083643379, 31.214727837760897], [121.47361937256767, 31.214705075212812]]]}}, {"type": "Feature", "properties": {"bid": 1260, "stakeholder": "resident"}, "geometry": {"type": "Polygon", "coordinates": [[[121.47471330831911, 31.214641949887042], [121.47453052508877, 31.21459636847601], [121.47451349634503, 31.214646997309615], [121.474697277348, 31.21469359912999], [121.47471330831911, 31.214641949887042]]]}}, {"type": "Feature", "properties": {"bid": 1261, "stakeholder": "resident"}, "geometry": {"type": "Polygon", "coordinates": [[[121.47463632777179, 31.214702390064687], [121.47449648289728, 31.21468063770783], [121.47451353033331, 31.214609023411242], [121.47444361280589, 31.21459364762262], [121.47440952107924, 31.2147338771365], [121.47462028283714, 31.214770027817174], [121.47463632777179, 31.214702390064687]]]}}, {"type": "Feature", "properties": {"bid": 1262, "stakeholder": "resident"}, "geometry": {"type": "Polygon", "coordinates": [[[121.4748332121576, 31.214623323560776], [121.47484719619581, 31.21462659632095], [121.4748522183171, 31.214596715062772], [121.47475532514727, 31.214578820336726], [121.4747472710742, 31.21464761556633], [121.47472429590947, 31.214644165048064], [121.47469019771928, 31.214790394728357], [121.47479308881704, 31.214803413674414], [121.4748332121576, 31.214623323560776]]]}}, {"type": "Feature", "properties": {"bid": 1263, "stakeholder": "resident"}, "geometry": {"type": "Polygon", "coordinates": [[[121.47440650006365, 31.21476079915418], [121.47438444410216, 31.21484830264501], [121.47455624900454, 31.21487768958309], [121.47456226701888, 31.214850826605467], [121.4746661517679, 31.214867868420356], [121.47468119222742, 31.214806206465134], [121.47440650006365, 31.21476079915418]]]}}, {"type": "Feature", "properties": {"bid": 1264, "stakeholder": "resident"}, "geometry": {"type": "Polygon", "coordinates": [[[121.4742045434805, 31.2149406601311], [121.47445422325688, 31.215019573572935], [121.4744782760538, 31.214933108171188], [121.47426254376911, 31.21487386070345], [121.47426656004622, 31.21485095598695], [121.47437444802087, 31.21485509950538], [121.47440753468142, 31.21472084640958], [121.47436858394019, 31.214709080548978], [121.47435957435617, 31.214729887570687], [121.47411589042042, 31.21465308247644], [121.47408384822985, 31.21473738562349], [121.4741088157175, 31.214744879709198], [121.47411882571477, 31.21472209496426], [121.47412781361355, 31.21472527240337], [121.47411780360652, 31.214748057186853], [121.47432653321503, 31.214813174923506], [121.47432152854833, 31.214824068094693], [121.47430255240626, 31.214818694108768], [121.47429754598271, 31.214831585859017], [121.47424761066952, 31.21481560210054], [121.4742405992456, 31.214836448465704], [121.47406582805127, 31.214780996097655], [121.47403178855382, 31.214865258713754], [121.47421155214374, 31.214922811800314], [121.4742045434805, 31.2149406601311]]]}}, {"type": "Feature", "properties": {"bid": 1265, "stakeholder": "resident"}, "geometry": {"type": "Polygon", "coordinates": [[[121.47455624900454, 31.21487768958309], [121.47465913553924, 31.21489371265163], [121.4746661517679, 31.214867868420356], [121.47456226701888, 31.214850826605467], [121.47455624900454, 31.21487768958309]]]}}, {"type": "Feature", "properties": {"bid": 1266, "stakeholder": "resident"}, "geometry": {"type": "Polygon", "coordinates": [[[121.47478606618974, 31.214836253493672], [121.47468617404752, 31.214821294690584], [121.47466111145593, 31.21491873496615], [121.47473303286553, 31.2149301461356], [121.47476399863945, 31.214935752531122], [121.47478606618974, 31.214836253493672]]]}}, {"type": "Feature", "properties": {"bid": 1267, "stakeholder": "unknown"}, "geometry": {"type": "Polygon", "coordinates": [[[121.47409868507577, 31.214903571273958], [121.47406965373308, 31.21497294454678], [121.47417451284616, 31.21501001479998], [121.47420354274936, 31.214942638853362], [121.47409868507577, 31.214903571273958]]]}}, {"type": "Feature", "properties": {"bid": 1268, "stakeholder": "resident"}, "geometry": {"type": "Polygon", "coordinates": [[[121.4746211620235, 31.214904955076914], [121.47459119500706, 31.21490036575937], [121.47457315877443, 31.214960968606587], [121.47450724271448, 31.214938678522113], [121.47448319159834, 31.215023145598987], [121.47460004313463, 31.215062432675378], [121.4746211620235, 31.214904955076914]]]}}, {"type": "Feature", "properties": {"bid": 1269, "stakeholder": "unknown"}, "geometry": {"type": "Polygon", "coordinates": [[[121.47417451284616, 31.21501001479998], [121.47426938815887, 31.215041885016667], [121.47429341907537, 31.21497940510602], [121.47420053879056, 31.214950573650356], [121.47417451284616, 31.21501001479998]]]}}, {"type": "Feature", "properties": {"bid": 1270, "stakeholder": "resident"}, "geometry": {"type": "Polygon", "coordinates": [[[121.47658479569179, 31.214635016344566], [121.47604724390101, 31.21456088794213], [121.47602415144367, 31.214683365194677], [121.47656170063647, 31.214758499439426], [121.47658479569179, 31.214635016344566]]]}}, {"type": "Feature", "properties": {"bid": 1271, "stakeholder": "resident"}, "geometry": {"type": "Polygon", "coordinates": [[[121.47538993405567, 31.214380362275385], [121.47528304228365, 31.214362297651963], [121.47513461812616, 31.214981989952477], [121.47524150789015, 31.21500006217815], [121.47538993405567, 31.214380362275385]]]}}, {"type": "Feature", "properties": {"bid": 1272, "stakeholder": "resident"}, "geometry": {"type": "Polygon", "coordinates": [[[121.47628591248805, 31.21473530876323], [121.47602213958567, 31.21469831677723], [121.47600306156846, 31.21480188320021], [121.47626683468174, 31.214837878483422], [121.47628591248805, 31.21473530876323]]]}}, {"type": "Feature", "properties": {"bid": 1273, "stakeholder": "resident"}, "geometry": {"type": "Polygon", "coordinates": [[[121.47591917357556, 31.214748315225112], [121.47561146829423, 31.214692439299487], [121.47557837744195, 31.214824712056892], [121.47588707971012, 31.214881611535596], [121.47591917357556, 31.214748315225112]]]}}, {"type": "Feature", "properties": {"bid": 1274, "stakeholder": "resident"}, "geometry": {"type": "Polygon", "coordinates": [[[121.47625982205443, 31.214857732230477], [121.47599704843344, 31.214821755064516], [121.47597697257835, 31.214924302968203], [121.47624074562748, 31.214959302496304], [121.47625982205443, 31.214857732230477]]]}}, {"type": "Feature", "properties": {"bid": 1275, "stakeholder": "resident"}, "geometry": {"type": "Polygon", "coordinates": [[[121.47535444178469, 31.214964282251746], [121.47540938599742, 31.214974341811505], [121.4754033708764, 31.21499720989726], [121.475483289674, 31.215012748090025], [121.47551337556513, 31.21488741389401], [121.47530558754545, 31.214847410972883], [121.47527449978317, 31.214976719966035], [121.47534842405616, 31.214990148126162], [121.47535444178469, 31.214964282251746]]]}}, {"type": "Feature", "properties": {"bid": 1276, "stakeholder": "resident"}, "geometry": {"type": "Polygon", "coordinates": [[[121.47649062000482, 31.214903064760225], [121.47627679625533, 31.214873043818386], [121.47625772424986, 31.214969617686222], [121.47647254761752, 31.214998660295972], [121.47649062000482, 31.214903064760225]]]}}, {"type": "Feature", "properties": {"bid": 1277, "stakeholder": "resident"}, "geometry": {"type": "Polygon", "coordinates": [[[121.47565421997967, 31.21493210344988], [121.47556530409044, 31.214919396300104], [121.47555025129213, 31.214993056311137], [121.47563816783806, 31.215005744870844], [121.47565421997967, 31.21493210344988]]]}}, {"type": "Feature", "properties": {"bid": 1278, "stakeholder": "resident"}, "geometry": {"type": "Polygon", "coordinates": [[[121.47623773015266, 31.214979231971597], [121.47597395720766, 31.214944232031762], [121.47595488194169, 31.21504579959895], [121.47621865244241, 31.21508280077188], [121.47623773015266, 31.214979231971597]]]}}, {"type": "Feature", "properties": {"bid": 1279, "stakeholder": "resident"}, "geometry": {"type": "Polygon", "coordinates": [[[121.47567667751368, 31.215530138453623], [121.47570274713438, 31.21542570964015], [121.47541602389812, 31.21538020049968], [121.47542103872742, 31.215358312254864], [121.47491764302627, 31.21517661294951], [121.47506799479129, 31.214625926108802], [121.47494912805689, 31.21459761719074], [121.47481572272635, 31.215193598983774], [121.47485164829288, 31.21524027442058], [121.47567667751368, 31.215530138453623]]]}}, {"type": "Feature", "properties": {"bid": 1280, "stakeholder": "unknown"}, "geometry": {"type": "Polygon", "coordinates": [[[121.47429341907537, 31.21497940510602], [121.47426938815887, 31.215041885016667], [121.47433630111495, 31.21506420180617], [121.47436133119163, 31.215001741034484], [121.47429341907537, 31.21497940510602]]]}}, {"type": "Feature", "properties": {"bid": 1281, "stakeholder": "unknown"}, "geometry": {"type": "Polygon", "coordinates": [[[121.47443217756835, 31.215096085243545], [121.47444921945772, 31.215029467725635], [121.47436133119163, 31.215001741034484], [121.47433630111495, 31.21506420180617], [121.47443217756835, 31.215096085243545]]]}}, {"type": "Feature", "properties": {"bid": 1282, "stakeholder": "resident"}, "geometry": {"type": "Polygon", "coordinates": [[[121.4746571029649, 31.214932646541854], [121.47462713490926, 31.21492905701905], [121.4746170431863, 31.2150437811298], [121.474679976448, 31.2150510191567], [121.47467596272735, 31.215070926687076], [121.47460004489506, 31.215060434041035], [121.47459903003802, 31.2150784020132], [121.4745640741852, 31.215066718412622], [121.47455306042605, 31.21509448198043], [121.47454207482768, 31.215090267339175], [121.47455308857366, 31.215062503825717], [121.47448417473993, 31.215041153092447], [121.47446412964655, 31.215114706709706], [121.47469184009312, 31.21519315866772], [121.47472681851663, 31.21517985732618], [121.47475791963531, 31.21503156890991], [121.47471896159199, 31.21502580496258], [121.47473303286553, 31.2149301461356], [121.47466111145593, 31.21491873496615], [121.4746571029649, 31.214932646541854]]]}}, {"type": "Feature", "properties": {"bid": 1283, "stakeholder": "resident"}, "geometry": {"type": "Polygon", "coordinates": [[[121.47515349694253, 31.21510027964359], [121.4751305212735, 31.215095834093862], [121.47513553874, 31.215070948635407], [121.47510956498265, 31.215067443695027], [121.47513669239925, 31.21489608777165], [121.47502680353979, 31.21488194893027], [121.47501973829571, 31.214962756686305], [121.47498277430019, 31.21496003447965], [121.47493063260653, 31.215174869002798], [121.4751253977613, 31.21524163704919], [121.47515349694253, 31.21510027964359]]]}}, {"type": "Feature", "properties": {"bid": 1284, "stakeholder": "resident"}, "geometry": {"type": "Polygon", "coordinates": [[[121.47578899552343, 31.215063608720754], [121.47544432488155, 31.21500999530872], [121.47542325664938, 31.215107521988948], [121.47576892553923, 31.215161158182763], [121.47578899552343, 31.215063608720754]]]}}, {"type": "Feature", "properties": {"bid": 1285, "stakeholder": "resident"}, "geometry": {"type": "Polygon", "coordinates": [[[121.47644749725964, 31.215075136862936], [121.47623167630344, 31.215045073150684], [121.47621560452046, 31.21513970498142], [121.47642942730488, 31.215168733510666], [121.47644749725964, 31.215075136862936]]]}}, {"type": "Feature", "properties": {"bid": 1286, "stakeholder": "resident"}, "geometry": {"type": "Polygon", "coordinates": [[[121.47586295110023, 31.215048038087268], [121.47580799958202, 31.215041988028645], [121.4757908778977, 31.21519555699631], [121.4758458310505, 31.215199608893272], [121.47586295110023, 31.215048038087268]]]}}, {"type": "Feature", "properties": {"bid": 1287, "stakeholder": "resident"}, "geometry": {"type": "Polygon", "coordinates": [[[121.47621764437837, 31.215092774983933], [121.47595487224397, 31.215056792083878], [121.47593579653996, 31.21515935889545], [121.4761985680009, 31.21519534438186], [121.47621764437837, 31.215092774983933]]]}}, {"type": "Feature", "properties": {"bid": 1288, "stakeholder": "resident"}, "geometry": {"type": "Polygon", "coordinates": [[[121.47513651759562, 31.21509395242556], [121.47516349055549, 31.215097476518572], [121.47513638166822, 31.215248846732546], [121.47521630093298, 31.215260397860554], [121.47521429048857, 31.215274349414976], [121.47535815012192, 31.21529213599928], [121.47540735770076, 31.215008279839545], [121.47526549539236, 31.214990535523672], [121.47526047599693, 31.21501741990192], [121.47512361220731, 31.214999763185688], [121.47511256577639, 31.21506350494138], [121.47514053685359, 31.215068048145387], [121.47513651759562, 31.21509395242556]]]}}, {"type": "Feature", "properties": {"bid": 1289, "stakeholder": "resident"}, "geometry": {"type": "Polygon", "coordinates": [[[121.4754471158152, 31.21524489299031], [121.47573483851762, 31.215291416254285], [121.47575891699002, 31.215179953326853], [121.47546419939671, 31.215133298146718], [121.47546720824823, 31.21512036502617], [121.47542125398058, 31.215112479861997], [121.47539917476685, 31.2152239774964], [121.47545112375076, 31.215231979223912], [121.4754471158152, 31.21524489299031]]]}}, {"type": "Feature", "properties": {"bid": 1290, "stakeholder": "resident"}, "geometry": {"type": "Polygon", "coordinates": [[[121.47616355824653, 31.21523565219729], [121.47596473258535, 31.215206880635268], [121.47594365021268, 31.215319402685786], [121.47614247357433, 31.21535017504732], [121.47616355824653, 31.21523565219729]]]}}, {"type": "Feature", "properties": {"bid": 1291, "stakeholder": "resident"}, "geometry": {"type": "Polygon", "coordinates": [[[121.47641234823993, 31.21527234211754], [121.4761835406406, 31.215239029794127], [121.47616346300924, 31.21534457797465], [121.47639327101513, 31.215375912941802], [121.47641234823993, 31.21527234211754]]]}}, {"type": "Feature", "properties": {"bid": 1292, "stakeholder": "unknown"}, "geometry": {"type": "Polygon", "coordinates": [[[121.47542801962506, 31.215373437545395], [121.47570475331202, 31.21541675419559], [121.47572882945099, 31.21530729012806], [121.47544010697356, 31.215261745982893], [121.47544412102026, 31.215241836996427], [121.47539916601455, 31.215233970682622], [121.47537709430492, 31.215337473657716], [121.47543403796247, 31.21534657202597], [121.47542801962506, 31.215373437545395]]]}}, {"type": "Feature", "properties": {"bid": 1293, "stakeholder": "resident"}, "geometry": {"type": "Polygon", "coordinates": [[[121.4758587978879, 31.215225840063397], [121.47578186852708, 31.215214371437185], [121.4757156402435, 31.21553688408847], [121.47578955493941, 31.215567284863138], [121.4758587978879, 31.215225840063397]]]}}, {"type": "Feature", "properties": {"bid": 1294, "stakeholder": "resident"}, "geometry": {"type": "Polygon", "coordinates": [[[121.47640304374818, 31.215629929143287], [121.4764561828232, 31.215427066552028], [121.47615644735129, 31.215368428724283], [121.4761113285532, 31.215543454053655], [121.47631811784095, 31.215613334124775], [121.47640304374818, 31.215629929143287]]]}}, {"type": "Feature", "properties": {"bid": 1295, "stakeholder": "resident"}, "geometry": {"type": "Polygon", "coordinates": [[[121.47613742423596, 31.21541103856669], [121.47592762442719, 31.215363067090834], [121.47587048218999, 31.215577830442843], [121.4760732591037, 31.215656653870102], [121.47613742423596, 31.21541103856669]]]}}, {"type": "Feature", "properties": {"bid": 1296, "stakeholder": "resident"}, "geometry": {"type": "Polygon", "coordinates": [[[121.47632010517519, 31.21562636312632], [121.47611331752273, 31.215554484617822], [121.47608323855252, 31.215671834019304], [121.47629103421833, 31.21573274218173], [121.47632010517519, 31.21562636312632]]]}}, {"type": "Feature", "properties": {"bid": 1297, "stakeholder": "resident"}, "geometry": {"type": "Polygon", "coordinates": [[[121.47656737587226, 31.2151203643682], [121.4764484718944, 31.21510313658013], [121.4764032891535, 31.215347121319038], [121.47652219326757, 31.21536335265977], [121.47656737587226, 31.2151203643682]]]}}, {"type": "Feature", "properties": {"bid": 1298, "stakeholder": "resident"}, "geometry": {"type": "Polygon", "coordinates": [[[121.47680750345661, 31.21480007733578], [121.47670658928905, 31.214776206408136], [121.47642699050243, 31.215672353230662], [121.4763270811344, 31.215648480546403], [121.476300024216, 31.2157369097419], [121.47650184415568, 31.21578269169826], [121.47680750345661, 31.21480007733578]]]}}, {"type": "Feature", "properties": {"bid": 1299, "stakeholder": "unknown"}, "geometry": {"type": "Polygon", "coordinates": [[[121.46419312685316, 31.211122538910324], [121.46406141727732, 31.21106472428294], [121.46401140803061, 31.21116357229147], [121.46414311668241, 31.211222385613652], [121.46419312685316, 31.211122538910324]]]}}, {"type": "Feature", "properties": {"bid": 1300, "stakeholder": "resident"}, "geometry": {"type": "Polygon", "coordinates": [[[121.46565099052066, 31.21170880986586], [121.4654224802223, 31.21161490354581], [121.4653594783574, 31.21172945421575], [121.46558499474862, 31.211822295909197], [121.46565099052066, 31.21170880986586]]]}}, {"type": "Feature", "properties": {"bid": 1301, "stakeholder": "unknown"}, "geometry": {"type": "Polygon", "coordinates": [[[121.46588250807473, 31.211791789875228], [121.46580067102082, 31.21177002428181], [121.46574664147717, 31.211896761501063], [121.46585840175783, 31.21194416052623], [121.465881423483, 31.211880705071845], [121.46584649634279, 31.21186795391066], [121.46588250807473, 31.211791789875228]]]}}, {"type": "Feature", "properties": {"bid": 1302, "stakeholder": "developer"}, "geometry": {"type": "Polygon", "coordinates": [[[121.46797495513749, 31.21080491988345], [121.46801501204483, 31.21068287168418], [121.46797408865268, 31.210672992978456], [121.46797909241081, 31.21066110954934], [121.46755090274644, 31.210554907247797], [121.46749682307711, 31.21072361687789], [121.46760361992902, 31.210749914420827], [121.46760862954807, 31.21073203547291], [121.46792203669168, 31.21080977107846], [121.46792804373024, 31.210792912847012], [121.46797495513749, 31.21080491988345]]]}}, {"type": "Feature", "properties": {"bid": 1303, "stakeholder": "developer"}, "geometry": {"type": "Polygon", "coordinates": [[[121.46799870562815, 31.211016286946517], [121.46808182483393, 31.210761262525526], [121.46799598538155, 31.210740419892662], [121.46797495513749, 31.21080491988345], [121.46792804373024, 31.210792912847012], [121.46792203669168, 31.21080977107846], [121.4678669535549, 31.21098345773298], [121.46799870562815, 31.211016286946517]]]}}, {"type": "Feature", "properties": {"bid": 1304, "stakeholder": "resident"}, "geometry": {"type": "Polygon", "coordinates": [[[121.46761544141543, 31.210909060011772], [121.46758940339566, 31.210990438972434], [121.46766026891316, 31.21100796301386], [121.4676873043444, 31.21092760477984], [121.46761544141543, 31.210909060011772]]]}}, {"type": "Feature", "properties": {"bid": 1305, "stakeholder": "developer"}, "geometry": {"type": "Polygon", "coordinates": [[[121.46797066557075, 31.211102620202947], [121.46799870562815, 31.211016286946517], [121.4678669535549, 31.21098345773298], [121.46783891365578, 31.211069790577877], [121.46797066557075, 31.211102620202947]]]}}, {"type": "Feature", "properties": {"bid": 1306, "stakeholder": "resident"}, "geometry": {"type": "Polygon", "coordinates": [[[121.4673696487521, 31.211110588975586], [121.46732759010922, 31.211240586136398], [121.46757012763032, 31.211300805816446], [121.46766026891316, 31.21100796301386], [121.46758940339566, 31.210990438972434], [121.46761544141543, 31.210909060011772], [121.46758450020559, 31.210901394529856], [121.46757949066615, 31.210919273488233], [121.46747369218178, 31.210892997335062], [121.46740458092711, 31.211120340179882], [121.4673696487521, 31.211110588975586]]]}}, {"type": "Feature", "properties": {"bid": 1307, "stakeholder": "resident"}, "geometry": {"type": "Polygon", "coordinates": [[[121.46756384230946, 31.211601461667957], [121.46764390555882, 31.211402335012163], [121.46735047742207, 31.21131603059223], [121.46726841253951, 31.21152110761977], [121.46756384230946, 31.211601461667957]]]}}, {"type": "Feature", "properties": {"bid": 1308, "stakeholder": "resident"}, "geometry": {"type": "Polygon", "coordinates": [[[121.46771577077097, 31.21141888107109], [121.46764590615066, 31.211398381111675], [121.46758685958036, 31.211544999722097], [121.46765472835467, 31.21156445754713], [121.46771577077097, 31.21141888107109]]]}}, {"type": "Feature", "properties": {"bid": 1309, "stakeholder": "resident"}, "geometry": {"type": "Polygon", "coordinates": [[[121.46771676419496, 31.211423899127105], [121.46738242647132, 31.211313725477908], [121.46727736992477, 31.211549282596078], [121.46761170635318, 31.211659459385555], [121.46771676419496, 31.211423899127105]]]}}, {"type": "Feature", "properties": {"bid": 1310, "stakeholder": "unknown"}, "geometry": {"type": "Polygon", "coordinates": [[[121.46866204104481, 31.211621195034002], [121.46859017541486, 31.21160065989721], [121.46855214093, 31.21169777259519], [121.46862300705402, 31.211719285915933], [121.46866204104481, 31.211621195034002]]]}}, {"type": "Feature", "properties": {"bid": 1311, "stakeholder": "unknown"}, "geometry": {"type": "Polygon", "coordinates": [[[121.468509103197, 31.21180676902219], [121.46859412302649, 31.211647712534038], [121.46855120992485, 31.211628800116276], [121.46847519322101, 31.211770062630126], [121.46849014169868, 31.211798365691383], [121.468509103197, 31.21180676902219]]]}}, {"type": "Feature", "properties": {"bid": 1312, "stakeholder": "resident"}, "geometry": {"type": "Polygon", "coordinates": [[[121.46638640165554, 31.211018287224636], [121.46636045755497, 31.211006730916555], [121.46640644743172, 31.21093777914091], [121.4663186375167, 31.210897896805243], [121.46621665670445, 31.21105456952307], [121.46633140775737, 31.21110702942809], [121.46638640165554, 31.211018287224636]]]}}, {"type": "Feature", "properties": {"bid": 1313, "stakeholder": "resident"}, "geometry": {"type": "Polygon", "coordinates": [[[121.46723198572954, 31.21100267589765], [121.46714116268733, 31.21097772116621], [121.4671061229285, 31.211076891355276], [121.46719594656942, 31.211102823940234], [121.46723198572954, 31.21100267589765]]]}}, {"type": "Feature", "properties": {"bid": 1314, "stakeholder": "resident"}, "geometry": {"type": "Polygon", "coordinates": [[[121.46673573134284, 31.21109383122968], [121.46642835679336, 31.210991218573156], [121.4663753305879, 31.211108983492064], [121.46668270472185, 31.21121159679069], [121.46673573134284, 31.21109383122968]]]}}, {"type": "Feature", "properties": {"bid": 1315, "stakeholder": "resident"}, "geometry": {"type": "Polygon", "coordinates": [[[121.46679161260647, 31.211118029174074], [121.46676067660292, 31.211106364805616], [121.46674465855108, 31.211151984971025], [121.46677559355682, 31.21116464865161], [121.46679161260647, 31.211118029174074]]]}}, {"type": "Feature", "properties": {"bid": 1316, "stakeholder": "resident"}, "geometry": {"type": "Polygon", "coordinates": [[[121.46674465855108, 31.211151984971025], [121.46671763082249, 31.21122634588261], [121.46683738381749, 31.211270918075456], [121.46687943240545, 31.211149915752802], [121.46679161260647, 31.211118029174074], [121.46677559355682, 31.21116464865161], [121.46674465855108, 31.211151984971025]]]}}, {"type": "Feature", "properties": {"bid": 1317, "stakeholder": "resident"}, "geometry": {"type": "Polygon", "coordinates": [[[121.46683637173625, 31.21128488640737], [121.4661966785752, 31.21106712618279], [121.46614465727235, 31.21117891691108], [121.46678534691797, 31.211397699304367], [121.46683637173625, 31.21128488640737]]]}}, {"type": "Feature", "properties": {"bid": 1318, "stakeholder": "resident"}, "geometry": {"type": "Polygon", "coordinates": [[[121.46616253230457, 31.21127423977906], [121.46611554519644, 31.211343169813578], [121.46615844975067, 31.21136508809337], [121.46626041924537, 31.2112184079848], [121.46614465727235, 31.21117891691108], [121.46610067071867, 31.211241916279103], [121.46616253230457, 31.21127423977906]]]}}, {"type": "Feature", "properties": {"bid": 1319, "stakeholder": "resident"}, "geometry": {"type": "Polygon", "coordinates": [[[121.46610067071867, 31.211241916279103], [121.46605468093709, 31.211311867258193], [121.46611554519644, 31.211343169813578], [121.46616253230457, 31.21127423977906], [121.46610067071867, 31.211241916279103]]]}}, {"type": "Feature", "properties": {"bid": 1320, "stakeholder": "resident"}, "geometry": {"type": "Polygon", "coordinates": [[[121.46704397558221, 31.21133136514697], [121.46708589336754, 31.211343267413046], [121.46710290386183, 31.21130366427979], [121.46713284605313, 31.21131130926522], [121.46711483625438, 31.21135189005429], [121.46716473768117, 31.21136696330006], [121.46715073291456, 31.211395639348265], [121.46720961724634, 31.211412905995584], [121.46728365746344, 31.211246628411686], [121.46703913887268, 31.211174368817126], [121.46696510222922, 31.211337647289433], [121.46703197140528, 31.21135608727496], [121.46704397558221, 31.21133136514697]]]}}, {"type": "Feature", "properties": {"bid": 1321, "stakeholder": "resident"}, "geometry": {"type": "Polygon", "coordinates": [[[121.46618130772436, 31.211469513195194], [121.46612642003629, 31.211451331622694], [121.46610041337406, 31.21150372960658], [121.46615430179226, 31.21152288878892], [121.46618130772436, 31.211469513195194]]]}}, {"type": "Feature", "properties": {"bid": 1322, "stakeholder": "resident"}, "geometry": {"type": "Polygon", "coordinates": [[[121.46502451006029, 31.211275484049565], [121.4648189605017, 31.2111850795534], [121.46475395892446, 31.211302586041477], [121.46495950845281, 31.2113929898889], [121.46502451006029, 31.211275484049565]]]}}, {"type": "Feature", "properties": {"bid": 1323, "stakeholder": "resident"}, "geometry": {"type": "Polygon", "coordinates": [[[121.46555153407861, 31.211330907094002], [121.4653150463014, 31.211229832962214], [121.46524904485726, 31.211348315577197], [121.46548453522927, 31.211448368384318], [121.46555153407861, 31.211330907094002]]]}}, {"type": "Feature", "properties": {"bid": 1324, "stakeholder": "resident"}, "geometry": {"type": "Polygon", "coordinates": [[[121.46518515116509, 31.211353922295533], [121.46504046890392, 31.211288821731614], [121.4649764674989, 31.21140435063808], [121.46512114972222, 31.211469450848423], [121.46518515116509, 31.211353922295533]]]}}, {"type": "Feature", "properties": {"bid": 1325, "stakeholder": "resident"}, "geometry": {"type": "Polygon", "coordinates": [[[121.46491655732565, 31.211420037720295], [121.46474094274915, 31.211342275838717], [121.46468494335328, 31.21144199057084], [121.4648615561431, 31.2115197736049], [121.46491655732565, 31.211420037720295]]]}}, {"type": "Feature", "properties": {"bid": 1326, "stakeholder": "resident"}, "geometry": {"type": "Polygon", "coordinates": [[[121.46550949904726, 31.211440916586746], [121.46577193527742, 31.21155055040895], [121.46582393521123, 31.211458745206762], [121.46556049957566, 31.21135008886716], [121.46550949904726, 31.211440916586746]]]}}, {"type": "Feature", "properties": {"bid": 1327, "stakeholder": "resident"}, "geometry": {"type": "Polygon", "coordinates": [[[121.46546552756548, 31.211489926197714], [121.46522005489805, 31.211389656567917], [121.46515605643799, 31.211502187197873], [121.46540152700913, 31.21160445498839], [121.46546552756548, 31.211489926197714]]]}}, {"type": "Feature", "properties": {"bid": 1328, "stakeholder": "unknown"}, "geometry": {"type": "Polygon", "coordinates": [[[121.46509814642536, 31.21151392001264], [121.46493649830097, 31.211444454219865], [121.46488950053742, 31.21152637627938], [121.46505114960485, 31.211594842454698], [121.46509814642536, 31.21151392001264]]]}}, {"type": "Feature", "properties": {"bid": 1329, "stakeholder": "resident"}, "geometry": {"type": "Polygon", "coordinates": [[[121.46573998453073, 31.21155685089816], [121.46550049725535, 31.21145870846953], [121.46543649849299, 31.21157123860019], [121.46567498733124, 31.211669359144587], [121.46573998453073, 31.21155685089816]]]}}, {"type": "Feature", "properties": {"bid": 1330, "stakeholder": "resident"}, "geometry": {"type": "Polygon", "coordinates": [[[121.46539552783427, 31.21161431769496], [121.46517799598712, 31.211524648733985], [121.46512099827021, 31.211624340637968], [121.46533753080756, 31.21171498682969], [121.46539552783427, 31.21161431769496]]]}}, {"type": "Feature", "properties": {"bid": 1331, "stakeholder": "resident"}, "geometry": {"type": "Polygon", "coordinates": [[[121.4658896642585, 31.211619064633286], [121.46581766749762, 31.21174341241709], [121.4659104775808, 31.211773411087105], [121.46597049640069, 31.21164780353376], [121.4658896642585, 31.211619064633286]]]}}, {"type": "Feature", "properties": {"bid": 1332, "stakeholder": "resident"}, "geometry": {"type": "Polygon", "coordinates": [[[121.46615430179226, 31.21152288878892], [121.46604951886218, 31.211485634798116], [121.46603551487682, 31.211514310303247], [121.46595667817168, 31.211486614143045], [121.46592366830907, 31.211554848802038], [121.46600250496829, 31.211582544985497], [121.46610928432415, 31.211619842453956], [121.46615430179226, 31.21152288878892]]]}}, {"type": "Feature", "properties": {"bid": 1333, "stakeholder": "resident"}, "geometry": {"type": "Polygon", "coordinates": [[[121.46640777138305, 31.211620335409297], [121.4664995792913, 31.211656307358957], [121.46647354039067, 31.21174168219596], [121.46652044761346, 31.211754693369407], [121.46660249553713, 31.211562610053583], [121.4665346302744, 31.211543147720374], [121.46657066422587, 31.2114459984378], [121.46632016657749, 31.21137060236031], [121.46628513990946, 31.211458779450815], [121.46623124537156, 31.211445616112485], [121.46614419610297, 31.211648582181173], [121.46624998560584, 31.21167786346951], [121.46628599826941, 31.211601699428], [121.46640777138305, 31.211620335409297]]]}}, {"type": "Feature", "properties": {"bid": 1334, "stakeholder": "resident"}, "geometry": {"type": "Polygon", "coordinates": [[[121.46697080680997, 31.2116285702001], [121.46700474010176, 31.211638300713055], [121.46698572759031, 31.21168385623628], [121.46712345396465, 31.21172681826312], [121.46718449300545, 31.21158224348181], [121.46688209366414, 31.211488739081343], [121.46682205347805, 31.211633334377954], [121.4669517952939, 31.211673126394025], [121.46697080680997, 31.2116285702001]]]}}, {"type": "Feature", "properties": {"bid": 1335, "stakeholder": "resident"}, "geometry": {"type": "Polygon", "coordinates": [[[121.46633092027514, 31.2116026759507], [121.46627800628458, 31.21160752155481], [121.46624998560584, 31.21167786346951], [121.46647354039067, 31.21174168219596], [121.4664995792913, 31.211656307358957], [121.46633092027514, 31.2116026759507]]]}}, {"type": "Feature", "properties": {"bid": 1336, "stakeholder": "resident"}, "geometry": {"type": "Polygon", "coordinates": [[[121.46658831196032, 31.211775155054745], [121.46665333748446, 31.211635665109668], [121.46658248599465, 31.211607144212163], [121.46652044761346, 31.211754693369407], [121.46658831196032, 31.211775155054745]]]}}, {"type": "Feature", "properties": {"bid": 1337, "stakeholder": "resident"}, "geometry": {"type": "Polygon", "coordinates": [[[121.46722731964998, 31.21168610165807], [121.46717142909587, 31.211669899327262], [121.46715141523443, 31.211718431263023], [121.46720730477716, 31.211735632965485], [121.46722731964998, 31.21168610165807]]]}}, {"type": "Feature", "properties": {"bid": 1338, "stakeholder": "resident"}, "geometry": {"type": "Polygon", "coordinates": [[[121.46610304966066, 31.211871533387065], [121.46615196730191, 31.211869598984038], [121.46618892140009, 31.211851415460544], [121.46627193087102, 31.21169532882857], [121.46612621181976, 31.211664180153832], [121.46609020631776, 31.211733349116287], [121.46611415966777, 31.21173886645789], [121.4660671569793, 31.211824784655615], [121.4660761131646, 31.211853959431828], [121.46610304966066, 31.211871533387065]]]}}, {"type": "Feature", "properties": {"bid": 1339, "stakeholder": "resident"}, "geometry": {"type": "Polygon", "coordinates": [[[121.46589747310577, 31.211801109063117], [121.4659174313497, 31.211808538194195], [121.46585840175783, 31.21194416052623], [121.46593923210844, 31.21197489807918], [121.46610928432415, 31.211619842453956], [121.46600250496829, 31.211582544985497], [121.46589747310577, 31.211801109063117]]]}}, {"type": "Feature", "properties": {"bid": 1340, "stakeholder": "resident"}, "geometry": {"type": "Polygon", "coordinates": [[[121.46639567616035, 31.211738990509783], [121.46630584854483, 31.211720049618975], [121.46623284400198, 31.21185336965378], [121.46632067391387, 31.211873266594807], [121.46639567616035, 31.211738990509783]]]}}, {"type": "Feature", "properties": {"bid": 1341, "stakeholder": "resident"}, "geometry": {"type": "Polygon", "coordinates": [[[121.46732620608248, 31.21163328458385], [121.46730824035673, 31.21162889768994], [121.46718916622628, 31.211909119657026], [121.46738777886141, 31.21196639126884], [121.46745682384496, 31.211802002367573], [121.4672751761559, 31.211751095740567], [121.46732620608248, 31.21163328458385]]]}}, {"type": "Feature", "properties": {"bid": 1342, "stakeholder": "resident"}, "geometry": {"type": "Polygon", "coordinates": [[[121.4669436998837, 31.211784873468893], [121.46675509510762, 31.21170682826022], [121.46664207254037, 31.211927219337504], [121.46683067677783, 31.212005265674748], [121.4669436998837, 31.211784873468893]]]}}, {"type": "Feature", "properties": {"bid": 1343, "stakeholder": "resident"}, "geometry": {"type": "Polygon", "coordinates": [[[121.46654137834831, 31.211789124827316], [121.46644457491334, 31.21175704163607], [121.46637052243068, 31.211941304108223], [121.46646632937643, 31.21197136727067], [121.46654137834831, 31.211789124827316]]]}}, {"type": "Feature", "properties": {"bid": 1344, "stakeholder": "resident"}, "geometry": {"type": "Polygon", "coordinates": [[[121.46705336119305, 31.21194314691854], [121.46700036629285, 31.2120299360244], [121.46707820174653, 31.212064602993447], [121.46713119677192, 31.211977813611387], [121.46705336119305, 31.21194314691854]]]}}, {"type": "Feature", "properties": {"bid": 1345, "stakeholder": "resident"}, "geometry": {"type": "Polygon", "coordinates": [[[121.46659299358997, 31.212095036850645], [121.46657599011132, 31.212128644040025], [121.46662089628717, 31.212146608168727], [121.46664990227737, 31.21208927820004], [121.46668383036058, 31.212104005741878], [121.46675184109029, 31.211973573876204], [121.46664207254037, 31.211927219337504], [121.46656305585896, 31.212083393844637], [121.46659299358997, 31.212095036850645]]]}}, {"type": "Feature", "properties": {"bid": 1346, "stakeholder": "resident"}, "geometry": {"type": "Polygon", "coordinates": [[[121.46672659600608, 31.212271820353845], [121.46683067677783, 31.212005265674748], [121.46675184109029, 31.211973573876204], [121.46668383036058, 31.212104005741878], [121.46664990227737, 31.21208927820004], [121.46662089628717, 31.212146608168727], [121.46657599011132, 31.212128644040025], [121.46659299358997, 31.212095036850645], [121.46656305585896, 31.212083393844637], [121.46650605882392, 31.212181087296695], [121.46672659600608, 31.212271820353845]]]}}, {"type": "Feature", "properties": {"bid": 1347, "stakeholder": "resident"}, "geometry": {"type": "Polygon", "coordinates": [[[121.46732478645119, 31.2120669551798], [121.46726079429436, 31.21216949580468], [121.46730569809144, 31.212191455420342], [121.46726270250554, 31.212261474140746], [121.46728166176831, 31.21227087923893], [121.46738665206851, 31.212099275496374], [121.46732478645119, 31.2120669551798]]]}}, {"type": "Feature", "properties": {"bid": 1348, "stakeholder": "resident"}, "geometry": {"type": "Polygon", "coordinates": [[[121.4670550244223, 31.212288945634782], [121.46713684586518, 31.212331693423383], [121.46712684751174, 31.212347465489703], [121.46718571877716, 31.212378722474288], [121.46722674131307, 31.21228367824506], [121.46720478909744, 31.21227220950357], [121.46725478038923, 31.212194348203408], [121.46711608129044, 31.212123385329622], [121.46706908510214, 31.212201311133366], [121.46704713212127, 31.21219084146571], [121.46701813726533, 31.21223618051578], [121.46700316952591, 31.212228860371802], [121.46697717350492, 31.21227026720766], [121.46704402779254, 31.212304695974293], [121.4670550244223, 31.212288945634782]]]}}, {"type": "Feature", "properties": {"bid": 1349, "stakeholder": "developer"}, "geometry": {"type": "Polygon", "coordinates": [[[121.46713684586518, 31.212331693423383], [121.4670550244223, 31.212288945634782], [121.46704402779254, 31.212304695974293], [121.46697717350492, 31.21227026720766], [121.46692518457633, 31.212350082923088], [121.46706089267413, 31.2124159860997], [121.46710482078163, 31.212413941608197], [121.46718571877716, 31.212378722474288], [121.46712684751174, 31.212347465489703], [121.46713684586518, 31.212331693423383]]]}}, {"type": "Feature", "properties": {"bid": 1350, "stakeholder": "resident"}, "geometry": {"type": "Polygon", "coordinates": [[[121.46748077674205, 31.211809516763424], [121.46753080776296, 31.211692682380885], [121.46732620608248, 31.21163328458385], [121.4672751761559, 31.211751095740567], [121.46748077674205, 31.211809516763424]]]}}, {"type": "Feature", "properties": {"bid": 1351, "stakeholder": "resident"}, "geometry": {"type": "Polygon", "coordinates": [[[121.46862372955981, 31.212003105999997], [121.46860376657968, 31.21199767932631], [121.46856272537447, 31.212107718646898], [121.46858268734877, 31.2121141447339], [121.46862372955981, 31.212003105999997]]]}}, {"type": "Feature", "properties": {"bid": 1352, "stakeholder": "resident"}, "geometry": {"type": "Polygon", "coordinates": [[[121.46853385427404, 31.212022154719023], [121.46840311957419, 31.211964373118906], [121.46833409060628, 31.212108783221655], [121.46846482684873, 31.212164567503866], [121.46853385427404, 31.212022154719023]]]}}, {"type": "Feature", "properties": {"bid": 1353, "stakeholder": "resident"}, "geometry": {"type": "Polygon", "coordinates": [[[121.4686107388643, 31.21201481786966], [121.46859077590047, 31.212009391158347], [121.46854973476708, 31.212119430414248], [121.46856869833789, 31.212125835021418], [121.4686107388643, 31.21201481786966]]]}}, {"type": "Feature", "properties": {"bid": 1354, "stakeholder": "developer"}, "geometry": {"type": "Polygon", "coordinates": [[[121.4683817062105, 31.212428592185802], [121.46843560328466, 31.21244574401192], [121.46846262074907, 31.212382370530005], [121.46833287395829, 31.2123356013214], [121.46821309180861, 31.212310030785822], [121.46817316303316, 31.21230317237087], [121.46816514545729, 31.21233497723875], [121.46839270746786, 31.21240884324202], [121.4683817062105, 31.212428592185802]]]}}, {"type": "Feature", "properties": {"bid": 1355, "stakeholder": "developer"}, "geometry": {"type": "Polygon", "coordinates": [[[121.46835274666104, 31.21243496246648], [121.46840564621404, 31.21245109366436], [121.4684346594148, 31.212388762653802], [121.4683039154413, 31.212340972119602], [121.46818413350991, 31.212315401150423], [121.46814420384726, 31.212309541890363], [121.46813618725048, 31.21234034743776], [121.46836374789395, 31.212415213563013], [121.46835274666104, 31.21243496246648]]]}}, {"type": "Feature", "properties": {"bid": 1356, "stakeholder": "resident"}, "geometry": {"type": "Polygon", "coordinates": [[[121.46838962255129, 31.212502712390734], [121.46815407638746, 31.212425675800837], [121.46813606960075, 31.21246326073083], [121.46837261394296, 31.2125403194151], [121.46838962255129, 31.212502712390734]]]}}, {"type": "Feature", "properties": {"bid": 1357, "stakeholder": "resident"}, "geometry": {"type": "Polygon", "coordinates": [[[121.46814983536423, 31.212685406553817], [121.46829555211752, 31.212735521668726], [121.4682435197351, 31.212858313699147], [121.46821557493922, 31.212847716983788], [121.46819756759169, 31.21288630147672], [121.46814666528189, 31.212870211989465], [121.46816367422674, 31.212831606042066], [121.46801895595456, 31.21278250948217], [121.46802789482251, 31.212831669375923], [121.46805481734077, 31.212867227597197], [121.46809073834254, 31.21288898976758], [121.46823646047345, 31.212933110206055], [121.46825046869048, 31.21290043517116], [121.46831035291369, 31.21292071517905], [121.4683943986196, 31.212729660457626], [121.46836847024747, 31.212698122129776], [121.46809900074119, 31.212598366718392], [121.46806198557194, 31.21267751203572], [121.46814183141227, 31.212703221332617], [121.46814983536423, 31.212685406553817]]]}}, {"type": "Feature", "properties": {"bid": 1358, "stakeholder": "resident"}, "geometry": {"type": "Polygon", "coordinates": [[[121.46829555211752, 31.212735521668726], [121.46814983536423, 31.212685406553817], [121.46814183141227, 31.212703221332617], [121.46806198557194, 31.21267751203572], [121.46801895595456, 31.21278250948217], [121.46816367422674, 31.212831606042066], [121.4682435197351, 31.212858313699147], [121.46829555211752, 31.212735521668726]]]}}, {"type": "Feature", "properties": {"bid": 1359, "stakeholder": "unknown"}, "geometry": {"type": "Polygon", "coordinates": [[[121.46814666528189, 31.212870211989465], [121.46819756759169, 31.21288630147672], [121.46821557493922, 31.212847716983788], [121.46816367422674, 31.212831606042066], [121.46814666528189, 31.212870211989465]]]}}, {"type": "Feature", "properties": {"bid": 1360, "stakeholder": "resident"}, "geometry": {"type": "Polygon", "coordinates": [[[121.47003700210676, 31.212579009317878], [121.46997710746301, 31.212561744943102], [121.46993906283251, 31.21266786136186], [121.46999895827878, 31.212684126942012], [121.47003700210676, 31.212579009317878]]]}}, {"type": "Feature", "properties": {"bid": 1361, "stakeholder": "resident"}, "geometry": {"type": "Polygon", "coordinates": [[[121.46900647481698, 31.212680881811472], [121.4690264384592, 31.212686307272634], [121.46904344770358, 31.212648698562138], [121.46898256219345, 31.2126284035133], [121.46896254351522, 31.212680937133424], [121.46900047196665, 31.212693743969904], [121.46900647481698, 31.212680881811472]]]}}, {"type": "Feature", "properties": {"bid": 1362, "stakeholder": "resident"}, "geometry": {"type": "Polygon", "coordinates": [[[121.4699540963527, 31.21260922196273], [121.46986525455632, 31.21258234551374], [121.46976817015093, 31.21282410786455], [121.46985601290875, 31.212850964864337], [121.4699540963527, 31.21260922196273]]]}}, {"type": "Feature", "properties": {"bid": 1363, "stakeholder": "resident"}, "geometry": {"type": "Polygon", "coordinates": [[[121.46906432726189, 31.21274108420494], [121.46902731372052, 31.212816237425095], [121.46967809442447, 31.213048030698012], [121.46971111735934, 31.21297078905548], [121.46906432726189, 31.21274108420494]]]}}, {"type": "Feature", "properties": {"bid": 1364, "stakeholder": "resident"}, "geometry": {"type": "Polygon", "coordinates": [[[121.46874573184914, 31.2128421605858], [121.46875770887607, 31.212846415664558], [121.46876471468876, 31.212828578714326], [121.46875373700355, 31.212823345840672], [121.4687267887208, 31.212813771868976], [121.46861372060233, 31.213076156438213], [121.46864066780472, 31.213086730177217], [121.46874573184914, 31.2128421605858]]]}}, {"type": "Feature", "properties": {"bid": 1365, "stakeholder": "resident"}, "geometry": {"type": "Polygon", "coordinates": [[[121.46943439585472, 31.213121765456098], [121.46928567813393, 31.21306461624323], [121.4692656737127, 31.2131021615724], [121.46941439126215, 31.213159311342682], [121.46943439585472, 31.213121765456098]]]}}, {"type": "Feature", "properties": {"bid": 1366, "stakeholder": "resident"}, "geometry": {"type": "Polygon", "coordinates": [[[121.46895324135482, 31.213015509022224], [121.46889422432311, 31.213132160114522], [121.46952602687043, 31.213366561540287], [121.46957406662875, 31.213245671636518], [121.46895324135482, 31.213015509022224]]]}}, {"type": "Feature", "properties": {"bid": 1367, "stakeholder": "resident"}, "geometry": {"type": "Polygon", "coordinates": [[[121.46974086327704, 31.213193273306384], [121.46963805344706, 31.21315610115107], [121.46956398229872, 31.213352383473527], [121.46966778925287, 31.213390577823137], [121.46974086327704, 31.213193273306384]]]}}, {"type": "Feature", "properties": {"bid": 1368, "stakeholder": "resident"}, "geometry": {"type": "Polygon", "coordinates": [[[121.46855883172157, 31.213050989931446], [121.46860976363202, 31.213037097681408], [121.46870379816573, 31.21284225711941], [121.46868685944706, 31.212805916898283], [121.46847926462338, 31.212727493751572], [121.46842933235247, 31.212740407280464], [121.46833529619175, 31.21293824201803], [121.46835024167058, 31.212970542815064], [121.46855883172157, 31.213050989931446]]]}}, {"type": "Feature", "properties": {"bid": 1369, "stakeholder": "unknown"}, "geometry": {"type": "Polygon", "coordinates": [[[121.46823646047345, 31.212933110206055], [121.46829734585378, 31.212950413978888], [121.46831035291369, 31.21292071517905], [121.46825046869048, 31.21290043517116], [121.46823646047345, 31.212933110206055]]]}}]}