building,amenity,office,shop,tourism,name,height_m,height_source,area_m2,wkt
school,,,,,,14.0,levels_x3.5,2364.3,"POLYGON ((359436.8409229204 3465704.115963807, 359440.5598723525 3465703.9219874023, 359439.38847848756 3465688.9594812705, 359435.24991358304 3465689.0925618866, 359434.86947227863 3465682.722776699, 359381.8758011343 3465683.643897036, 359381.02078291087 3465690.8617554894, 359369.5967204622 3465691.3919010856, 359369.4042612804 3465705.4303197656, 359373.22283285775 3465705.5675862194, 359374.1507452609 3465725.078926562, 359363.7616185638 3465725.4178135945, 359364.6366491715 3465733.1778974733, 359374.49523398856 3465733.0235137404, 359376.7789962303 3465732.981801525, 359404.67036536685 3465732.541295369, 359404.8194284277 3465743.6593155456, 359407.2367182933 3465742.928440575, 359407.348313163 3465732.0840947987, 359407.4784705563 3465724.7540026414, 359407.44715856004 3465716.029143889, 359434.90468299144 3465715.8827926004, 359434.8836395704 3465708.6323359637, 359436.9834765035 3465708.3602806386, 359436.8409229204 3465704.115963807), (359376.91962144524 3465706.560167618, 359398.8584570498 3465705.833610698, 359398.8892672034 3465724.45895167, 359377.58895776165 3465724.5339158475, 359376.91962144524 3465706.560167618))"
yes,,,,,18#,10.5,default,1637.3,"MULTIPOLYGON (((357748.43467521004 3464114.6917895842, 357751.2213441408 3464107.480837911, 357675.08825410006 3464078.3349292045, 357672.30147705326 3464085.5348176467, 357748.43467521004 3464114.6917895842)), ((357728.5758881598 3464135.6823102105, 357733.568005707 3464123.330424204, 357663.36088840273 3464095.2351119593, 357658.3688362861 3464107.5870334147, 357728.5758881598 3464135.6823102105)))"
yes,,,,,19#,10.5,default,1357.2,"MULTIPOLYGON (((357808.65176693146 3464137.6013598363, 357811.77305281453 3464129.088733613, 357761.34745320526 3464110.7915623076, 357758.2262010579 3464119.3042046065, 357808.65176693146 3464137.6013598363)), ((357799.5860945016 3464164.0664976398, 357804.6672968927 3464151.2588815917, 357745.7995458738 3464128.1647408092, 357740.727768374 3464140.9611733407, 357799.5860945016 3464164.0664976398)))"
yes,,,,attraction,上海体育学院办公楼,10.5,default,2440.9,"POLYGON ((359239.59244888846 3465493.042195251, 359239.379643033 3465470.095452245, 359262.3443886186 3465469.887029362, 359262.15701814904 3465467.2730680867, 359291.0165214598 3465467.2849468943, 359311.53284149495 3465466.909920857, 359311.5838453797 3465469.2928898116, 359335.56893712364 3465469.2261540457, 359335.7720159433 3465492.173018995, 359310.89435731404 3465492.395858626, 359310.9541345834 3465494.723276176, 359264.75993311225 3465495.265471531, 359264.6985093055 3465492.8161214506, 359239.59244888846 3465493.042195251))"
yes,,,,,,10.5,default,2818.3,"POLYGON ((359846.89445336437 3466166.842717013, 359846.1475216298 3466110.9644356854, 359889.035846772 3466110.391234155, 359889.7961774807 3466167.2893082267, 359882.7719595947 3466176.5297370153, 359867.46488061536 3466177.74320305, 359847.03032765177 3466177.007443496, 359846.89445336437 3466166.842717013))"
yes,,,supermarket,,欧尚中原店,10.5,default,13029.4,"POLYGON ((359942.95989729615 3465612.785621804, 359943.7003320891 3465573.4400224783, 359942.0151852812 3465573.4070944167, 359942.1874690767 3465564.213896359, 359943.8726173547 3465564.2468245015, 359944.97076200374 3465506.071189542, 359947.5870545489 3465505.9808163266, 359948.1510026789 3465501.8822831353, 359948.1285871678 3465498.778299163, 360059.4552210013 3465500.3521240344, 360063.34449861466 3465504.3579665856, 360063.0344394847 3465511.080656328, 360064.5291175524 3465511.105059062, 360064.4228502563 3465516.6941840528, 360062.35688901437 3465516.655230891, 360058.1202852589 3465516.5787226516, 360056.2719816385 3465614.8760864893, 359942.95989729615 3465612.785621804))"
yes,,,,,,10.5,default,1569.8,"POLYGON ((357972.01047911646 3465151.7283422626, 357971.61620830605 3465109.95852814, 358009.1909079995 3465109.5939271557, 358009.59454599716 3465151.3636083645, 357972.01047911646 3465151.7283422626))"
yes,,,,,,10.5,default,3759.8,"POLYGON ((358031.4852699461 3465291.1492853235, 358031.8435223845 3465242.373501298, 358109.4433825996 3465241.3234091024, 358108.0664782061 3465290.1129534333, 358031.4852699461 3465291.1492853235))"
yes,,,,,,10.5,default,10715.6,"POLYGON ((358031.1587247243 3464192.982550457, 358081.02033582714 3464076.750260343, 358158.1732553417 3464108.90087792, 358105.8979168858 3464229.012535237, 358031.1587247243 3464192.982550457))"
yes,,,,,第一食品商店,10.5,default,4844.0,"POLYGON ((358108.93626479444 3464017.2468190603, 358191.0128056209 3464048.111565382, 358166.12621244637 3464099.347418848, 358085.39033808536 3464065.5267461385, 358105.59953664424 3464023.2233782946, 358108.93626479444 3464017.2468190603))"
yes,,,,,巴黎春天百货,10.5,default,6740.8,"POLYGON ((358158.08892043063 3464161.1097494983, 358207.2290189386 3464054.0677608126, 358233.6814997054 3464064.453432401, 358240.2635753861 3464071.0941873197, 358245.944060704 3464078.6451565134, 358249.8134694583 3464090.954655424, 358250.06156016665 3464100.862896277, 358248.5764797321 3464107.202431007, 358243.29785959335 3464118.8261835678, 358211.4150147142 3464184.90189469, 358158.08892043063 3464161.1097494983))"
yes,,,,,,10.5,default,7194.6,"POLYGON ((358137.83387780277 3464202.1275786557, 358193.1036792932 3464226.059645715, 358143.9127818656 3464329.266428455, 358140.9779093459 3464331.867161919, 358138.3435551982 3464332.7564653265, 358136.00035029463 3464333.3535757624, 358132.4278003865 3464333.1468863594, 358124.90499065304 3464330.144306917, 358087.2941009608 3464316.073823169, 358137.83387780277 3464202.1275786557))"
yes,,,,,百联又一城购物中心,10.5,default,12462.9,"POLYGON ((358240.90228145 3464301.5578401946, 358328.3709817893 3464118.608454628, 358334.1920417169 3464118.9511570698, 358338.29534576245 3464114.749297737, 358354.0280008955 3464109.5811053156, 358364.8362427926 3464109.8454138017, 358374.0219010974 3464112.6150746825, 358376.14705295715 3464116.311550097, 358393.1543788521 3464113.1883541867, 358291.6125270835 3464325.5630855346, 358240.90228145 3464301.5578401946))"
yes,,,,,沪东金融大厦,87.5,levels_x3.5,2754.5,"POLYGON ((358411.0865333633 3464147.5592982844, 358418.2547812171 3464144.0367527236, 358425.1694224669 3464122.4240031214, 358441.54386437824 3464114.021029951, 358470.6187567584 3464123.363003158, 358475.4376994049 3464124.9277599305, 358469.5654061332 3464137.7235066695, 358478.388616981 3464159.500888448, 358472.0910607631 3464162.645784214, 358474.66684290493 3464167.2896624077, 358451.28841010004 3464177.27270322, 358446.8091572571 3464169.838467231, 358430.4474745492 3464165.0701652896, 358423.5807595226 3464167.6573445573, 358411.0865333633 3464147.5592982844))"
yes,,,,,江湾游泳池,10.5,default,4248.9,"POLYGON ((358581.2184995719 3464777.444174041, 358581.40622799395 3464760.301472187, 358584.76027215907 3464759.8460452547, 358583.20742790174 3464706.794538011, 358591.4889808758 3464698.3234645175, 358624.65663190326 3464697.8764202893, 358632.7221704825 3464704.4530558484, 358632.2035352273 3464759.2065776912, 358635.5686351306 3464759.5714400606, 358634.55634493637 3464778.3993526916, 358624.49268925586 3464778.9451881573, 358624.58277211967 3464785.6293047704, 358617.0206033593 3464785.321013073, 358617.08813186653 3464790.3313294593, 358598.60577572125 3464790.5804491253, 358598.9665115223 3464785.5643595713, 358592.6661377099 3464785.6492880187, 358592.55900009046 3464777.70150702, 358581.2184995719 3464777.444174041))"
yes,,,,,江湾体育中心综合体育馆,10.5,default,3082.5,"POLYGON ((358578.9048095384 3464887.5449880287, 358578.8483193735 3464883.3549437807, 358570.8482820891 3464883.041505297, 358570.75786296005 3464876.3352174787, 358567.3888097298 3464876.3806420458, 358567.94230154005 3464854.5987272584, 358570.46433814726 3464854.564723215, 358570.35703162965 3464846.605856322, 358578.3569472034 3464846.9082106557, 358578.30045763566 3464842.7181666293, 358639.7525602022 3464841.8898587837, 358639.10039373697 3464886.733603669, 358578.9048095384 3464887.5449880287))"
yes,,,,,,10.5,default,3187.9,"POLYGON ((358611.1774980689 3465282.564632064, 358614.5595081149 3465221.3532086085, 358608.6629398159 3465221.011399097, 358609.24638597073 3465202.1559879696, 358656.81703895 3465201.9361122167, 358656.22292421374 3465251.790323926, 358650.320848095 3465251.0383549123, 358624.21925613284 3465281.967528554, 358636.8593108986 3465282.6397498287, 358636.52697631135 3465289.761949275, 358607.05184648535 3465289.316672993, 358606.5485293752 3465283.0483334875, 358611.1774980689 3465282.564632064))"
yes,,,,,,10.5,default,687.4,"POLYGON ((359859.7320071639 3465601.258622012, 359859.2582926005 3465565.80958305, 359866.40594535106 3465561.501112069, 359871.4916096183 3465561.0118603697, 359876.4306394259 3465560.94586619, 359876.27150831337 3465601.0376124657, 359869.06759447994 3465601.133871759, 359869.0347520065 3465606.5113756116, 359863.4853611884 3465606.4857499744, 359863.4529191569 3465601.2088989466, 359859.7320071639 3465601.258622012))"
yes,,,,,eBao Tech,10.5,default,2517.5,"POLYGON ((358111.3181201045 3464717.0469518295, 358120.7852538241 3464699.1356639797, 358187.1049832352 3464732.286495995, 358158.76370605675 3464789.0682615363, 358139.7416627762 3464779.6799624683, 358159.0678606369 3464739.0515573523, 358152.3121168711 3464735.0297002057, 358148.4624376891 3464741.0686324704, 358130.92431775545 3464732.3144010375, 358133.3056395744 3464727.5037817624, 358111.3181201045 3464717.0469518295))"
yes,,,,,"创智天地一,二号楼",10.5,default,8340.7,"POLYGON ((358148.22101686266 3464613.3962241476, 358107.61165923066 3464593.623292271, 358117.49398335314 3464569.0986572406, 358140.93079200835 3464527.6164042996, 358189.1047056373 3464551.3671594774, 358245.2895965524 3464579.0565579543, 358225.3939547929 3464618.450737213, 358240.31288822996 3464626.3868396236, 358228.1209335207 3464651.1864719247, 358160.04096530966 3464618.824154647, 358174.4560559931 3464590.1916092355, 358181.67208356014 3464595.160726837, 358188.6616937452 3464583.3807492596, 358174.2165032354 3464575.992651352, 358163.4713817724 3464570.5058241733, 358158.00044921855 3464581.2563863774, 358164.16133856843 3464584.22196031, 358148.22101686266 3464613.3962241476))"
yes,,,,,,10.5,default,2070.1,"POLYGON ((358037.9718119734 3464730.234767398, 358057.38019354123 3464692.8867472075, 358087.7016823583 3464707.210889493, 358097.15237211494 3464688.7898082077, 358109.4930974025 3464694.7206281964, 358085.33574521437 3464744.1176308244, 358058.3932116881 3464730.4684219165, 358053.8839900182 3464738.412160723, 358037.9718119734 3464730.234767398))"
yes,,,,,,10.5,default,235.2,"POLYGON ((358364.6337327823 3464228.8315518345, 358367.7993678052 3464219.342874889, 358389.98351754167 3464226.68223244, 358386.7814404442 3464236.2933484353, 358364.6337327823 3464228.8315518345))"
yes,,,,,,10.5,default,541.7,"POLYGON ((358374.068682345 3464303.673056086, 358396.89691572916 3464311.491544387, 358404.50398157735 3464290.412675455, 358380.9177396005 3464282.859396549, 358374.068682345 3464303.673056086))"
yes,,,,,,10.5,default,242.4,"POLYGON ((358377.67829576705 3464206.4818924293, 358380.8438348203 3464195.5741131916, 358401.3615620441 3464201.4614468543, 358398.19600415375 3464212.369219279, 358377.67829576705 3464206.4818924293))"
yes,,,,,特力时尚汇,10.5,default,6495.2,"POLYGON ((357990.69249421393 3464281.6813862156, 358023.3770907427 3464206.037235217, 358099.91940539825 3464239.5482447846, 358067.1382680213 3464308.0868024994, 357990.69249421393 3464281.6813862156))"
yes,,,,,,10.5,default,450.9,"POLYGON ((357791.2424654272 3465195.9639784964, 357795.4275966347 3465185.2084398703, 357831.8833026015 3465199.2158099776, 357827.70780835685 3465209.9822889017, 357791.2424654272 3465195.9639784964))"
yes,,,,,,10.5,default,39.8,"POLYGON ((357779.8868536488 3465217.027721914, 357782.4181546286 3465210.662815427, 357787.83473569073 3465212.8067379203, 357785.2937649769 3465219.1606872613, 357779.8868536488 3465217.027721914))"
yes,,,,,,10.5,default,1440.6,"POLYGON ((357764.9672289387 3465253.2289974187, 357770.3691182975 3465255.694627615, 357772.3936104219 3465260.3901664456, 357767.24062558904 3465269.9614649327, 357769.56167561037 3465271.9588801577, 357765.8462737201 3465280.1470039017, 357849.7851339915 3465281.1931196097, 357870.0517307468 3465289.045106126, 357869.9369103906 3465293.21531096, 357767.0057214855 3465290.5418205825, 357762.9093556448 3465289.588471258, 357758.79209270165 3465287.0943364403, 357755.164829073 3465282.830750318, 357753.81797725346 3465278.2701528524, 357754.29053968977 3465275.2148632947, 357764.9672289387 3465253.2289974187))"
yes,,,,,,10.5,default,1802.8,"POLYGON ((358097.82594149734 3464801.2120479667, 358119.715354767 3464757.9767461494, 358133.8494981462 3464764.9033209914, 358123.1552292022 3464786.3900636337, 358154.52819466684 3464802.4740510853, 358154.885530976 3464828.900172326, 358135.21963756124 3464828.911118956, 358135.57211106527 3464816.9658573633, 358114.24251057964 3464806.5777395167, 358112.74802812666 3464809.391830294, 358097.82594149734 3464801.2120479667))"
yes,,,,,,10.5,default,2317.5,"POLYGON ((358002.64020711044 3464800.7705556634, 358014.14787744056 3464777.5098633165, 358019.21698731766 3464779.991220254, 358021.25526197656 3464775.861510961, 358018.10264570976 3464774.3187662205, 358031.6022811454 3464747.0177095286, 358044.6535560388 3464753.404482228, 358043.12461445376 3464756.4851330994, 358049.238153856 3464759.4734512335, 358051.03559645294 3464755.8348273467, 358065.78294410766 3464763.052359228, 358054.1825222257 3464786.5027188747, 358049.4966625157 3464784.204635315, 358047.63440555765 3464787.9771787385, 358052.617247071 3464790.4153713286, 358038.75635252876 3464818.453021587, 358002.64020711044 3464800.7705556634))"
yes,,,,,,10.5,default,3402.6,"POLYGON ((358029.7477525821 3464883.5880315863, 358060.08610445523 3464823.219971868, 358098.391551166 3464843.0238527264, 358098.55382839055 3464892.3136282577, 358048.46892480453 3464893.2573702848, 358029.7477525821 3464883.5880315863))"
yes,,,,,,10.5,default,2401.4,"POLYGON ((357967.188865096 3464869.4566162485, 357980.0750464424 3464843.9709344395, 357983.80317957734 3464845.838480055, 357986.1763901072 3464841.138799942, 357981.5953763605 3464838.8504143637, 357993.276664158 3464815.764731963, 358008.16988248855 3464823.213029771, 358006.50120629976 3464826.517315145, 358010.7755695291 3464828.6546468833, 358012.48141506163 3464825.2833382166, 358030.24985538167 3464834.1783816325, 358015.5093279382 3464863.3255703286, 358009.8836110205 3464860.50805978, 358008.15918862936 3464863.912881289, 358014.474938704 3464867.075828917, 358003.3593579893 3464889.056237062, 357984.8722464571 3464879.8051066725, 357986.7539474608 3464876.065546878, 357981.8279310369 3464873.604443521, 357980.54863564903 3464876.138471776, 357967.188865096 3464869.4566162485))"
yes,,,,,,10.5,default,2132.2,"POLYGON ((358114.5989486017 3464899.0812772335, 358113.886505874 3464841.4838374453, 358136.45195902506 3464841.200812756, 358136.8885079241 3464876.295752086, 358173.86309360596 3464875.8401174294, 358174.13878409547 3464898.3426129348, 358114.5989486017 3464899.0812772335))"
apartments,,,,,创智66商务楼,10.5,default,552.6,"POLYGON ((357706.2873997624 3464521.48454601, 357719.80081492395 3464489.6151146567, 357734.5157616285 3464495.8015732565, 357721.00231191854 3464527.67098459, 357706.2873997624 3464521.48454601))"
yes,,,,,,10.5,default,1618.6,"POLYGON ((358506.0480480696 3464888.27250011, 358505.6436791785 3464839.2410759693, 358512.2805612343 3464839.4065509755, 358512.2566391907 3464837.6329871267, 358536.766703334 3464837.557417296, 358536.78375125653 3464857.879272661, 358540.86659458524 3464857.824212733, 358540.6340986285 3464869.5239111073, 358537.31262838864 3464869.5687035383, 358537.79442124907 3464888.354315231, 358506.0480480696 3464888.27250011))"
yes,,,,,,10.5,default,4126.4,"POLYGON ((358156.55440874933 3464480.6410136446, 358191.037110658 3464414.0420839596, 358195.6995884344 3464411.783877179, 358200.5983585183 3464409.4005240984, 358220.3449439998 3464416.0074679004, 358221.1474767816 3464427.493633423, 358232.7087920278 3464435.6081532985, 358200.8862749004 3464507.4704739084, 358192.9045238706 3464504.307753341, 358175.07649597246 3464493.8499842854, 358156.55440874933 3464480.6410136446))"
yes,,,,,平盛大厦,10.5,default,1256.9,"POLYGON ((358262.2154399046 3464367.036762986, 358278.3585106219 3464333.7911248645, 358271.15928108967 3464330.0745169693, 358272.7698894855 3464327.391929114, 358267.76905419223 3464325.0425627176, 358265.78020441975 3464328.6172047295, 358261.6697468502 3464326.643850812, 358260.03088776453 3464329.3489957536, 358251.179860033 3464325.2666786727, 358237.049506417 3464356.700191292, 358232.5910762043 3464365.6076992983, 358250.11748255056 3464374.1627181377, 358252.0339362984 3464369.458197068, 358256.6489604882 3464371.4358165557, 358259.39397874847 3464366.0548951793, 358262.2154399046 3464367.036762986))"
apartments,,,,,,10.5,default,1935.4,"POLYGON ((357851.52372971573 3464511.089668715, 357857.1791293312 3464495.0036744126, 357952.4343741905 3464534.113856894, 357953.2955956477 3464534.445887254, 357959.3190627046 3464520.927112037, 357966.2303381092 3464523.061990223, 357959.31696577824 3464537.6460572765, 357957.06911413674 3464536.8449808867, 357955.09505830496 3464542.204467115, 357953.3738343691 3464546.5516303047, 357949.5623290825 3464548.3771292255, 357945.198371134 3464546.6623291248, 357943.70043906406 3464549.221493242, 357851.52372971573 3464511.089668715))"
apartments,,,,,,10.5,default,720.2,"POLYGON ((357780.7256017727 3464433.5655651633, 357784.6637195976 3464423.522954134, 357829.3349227755 3464440.8781588757, 357819.31465902866 3464466.424945109, 357807.93630771386 3464462.0002975175, 357814.0184058355 3464446.496097447, 357780.7256017727 3464433.5655651633))"
apartments,,,,,,10.5,default,1808.8,"POLYGON ((357827.53976222826 3464645.576308449, 357827.05333663046 3464575.9687377163, 357840.4130035365 3464576.2866008542, 357841.19094029965 3464633.694712237, 357884.3399659732 3464633.6200783784, 357887.5521436336 3464626.2038280494, 357907.33194645797 3464634.5725291125, 357902.1224210974 3464646.3286003396, 357827.53976222826 3464645.576308449))"
apartments,,,,,,10.5,default,1325.2,"POLYGON ((357717.00766375475 3464446.503066027, 357729.2582917883 3464414.1629623636, 357767.1376771624 3464428.361574201, 357770.7036484631 3464418.9559516115, 357723.66768131836 3464401.3226248804, 357707.64881988824 3464443.5922045247, 357703.76425933547 3464442.13708269, 357699.9869707641 3464452.0999393375, 357740.36371223687 3464467.251304784, 357744.3432025907 3464456.7535547325, 357717.00766375475 3464446.503066027))"
apartments,,,,,,10.5,default,1253.5,"POLYGON ((357832.9038697138 3464549.702378114, 357837.33555261313 3464537.4468194623, 357930.02687422006 3464576.3365332247, 357931.8403121673 3464578.096952726, 357930.8701376775 3464581.668959381, 357928.65279608173 3464588.0406470713, 357832.9038697138 3464549.702378114))"
apartments,,,,,,10.5,default,2241.0,"POLYGON ((357739.3902992265 3464507.786852724, 357743.09146128356 3464497.8250425626, 357816.0095304216 3464528.090294392, 357804.135897247 3464555.9461089117, 357695.14314622834 3464558.177894557, 357694.72769516497 3464546.4980119467, 357802.9555677059 3464544.0105117178, 357805.6599912923 3464536.357207946, 357739.3902992265 3464507.786852724))"
apartments,,,,,,10.5,default,1511.9,"POLYGON ((357859.53367119376 3464480.4923869623, 357868.91112323233 3464455.9743386437, 357961.0607687725 3464492.077813217, 357959.5731797217 3464495.401824433, 357966.76206576644 3464498.353369352, 357964.77418982977 3464502.6930530467, 357967.85952120315 3464504.181262501, 357963.38640141336 3464513.3884441634, 357954.15043373767 3464509.699628481, 357956.1046231163 3464503.575421384, 357874.218985246 3464471.146806404, 357868.7861268179 3464484.6908925287, 357859.53367119376 3464480.4923869623))"
apartments,,,,,,10.5,default,1029.3,"POLYGON ((357755.708735114 3464474.2718487554, 357766.1496624107 3464447.466479213, 357775.7188707298 3464451.1506177126, 357769.3807104252 3464467.423305363, 357829.9539318984 3464490.7715505054, 357825.85124649055 3464501.3152818065, 357755.708735114 3464474.2718487554))"
apartments,,,,,,10.5,default,639.4,"POLYGON ((357859.32681621134 3464596.6074589044, 357863.26859674364 3464586.1324400078, 357917.6838082497 3464607.502438058, 357913.73507770244 3464617.467535008, 357859.32681621134 3464596.6074589044))"
apartments,,,,,,10.5,default,1886.0,"POLYGON ((357565.02020118 3464357.9527330683, 357571.0331783203 3464349.999450968, 357609.4783993677 3464379.2014026716, 357622.9058665286 3464361.3467671643, 357697.8128878421 3464387.2604035907, 357691.54339366464 3464405.7828353415, 357681.2793297706 3464402.108196072, 357683.23944575 3464395.7288547624, 357629.1218279464 3464378.1698302105, 357630.3386706959 3464373.8405408366, 357627.5206034148 3464373.1137909386, 357610.7105579553 3464394.939066868, 357565.02020118 3464357.9527330683))"
yes,,,,,,10.5,default,2163.7,"POLYGON ((359142.1341659331 3465140.7272572266, 359141.7214069865 3465122.7500718483, 359143.4423978985 3465117.6492229323, 359146.1919664602 3465113.2995481556, 359149.9733880318 3465109.9449131135, 359154.03900688514 3465108.615340622, 359209.6936555511 3465107.8681440875, 359210.38434080523 3465140.8863270567, 359142.1341659331 3465140.7272572266))"
yes,,,,,,10.5,default,1382.4,"POLYGON ((359472.88026614353 3465374.1236051717, 359472.8978140302 3465354.8324271673, 359497.9170477807 3465354.4972237353, 359497.59550172684 3465349.678796307, 359513.6786217779 3465349.463348805, 359513.48967724375 3465354.543609616, 359537.4811117126 3465354.2222681465, 359538.25020660565 3465373.2700830395, 359512.20932798134 3465373.3638825924, 359512.4574070815 3465378.3828558284, 359498.3533413302 3465378.5385341644, 359497.91195312515 3465373.300415681, 359472.88026614353 3465374.1236051717))"
yes,,,,,,10.5,default,2417.2,"POLYGON ((359146.6128628853 3465543.65995167, 359146.4013051591 3465527.9084947887, 359225.27395996643 3465526.8494554744, 359224.6211486956 3465554.796865446, 359204.96965402114 3465555.060678425, 359205.1823994551 3465551.765052739, 359179.40556828957 3465552.3550595627, 359179.8433602246 3465565.8196032243, 359173.5465360376 3465572.511872234, 359160.52461144456 3465572.431750749, 359153.79949430516 3465565.659360182, 359153.7630105893 3465543.8078292254, 359146.6128628853 3465543.65995167))"
yes,,,,museum,中国武术博物馆,10.5,default,4551.8,"POLYGON ((359459.4073398504 3465600.3630019976, 359458.90476168995 3465553.627986749, 359556.29005400505 3465552.578344747, 359556.7921979941 3465599.3133489, 359459.4073398504 3465600.3630019976))"
yes,,,,,,10.5,default,1404.2,"POLYGON ((359472.1893587697 3465339.6087273094, 359471.6907593878 3465321.5772685925, 359497.39452998666 3465321.177462056, 359497.89338636876 3465314.3635166446, 359512.1874264242 3465314.1720370194, 359512.27250625717 3465320.5236027986, 359537.285716253 3465320.44357314, 359536.5293104559 3465340.010721486, 359513.21591487987 3465339.7908172663, 359513.360498052 3465344.899870604, 359498.30516847246 3465345.101549344, 359497.9800586394 3465340.0170877776, 359472.1893587697 3465339.6087273094))"
yes,,,,,,10.5,default,1279.5,"POLYGON ((359360.0530439634 3465507.7901282837, 359360.2073737237 3465474.583222173, 359365.6900843743 3465474.5983926826, 359365.71761648863 3465469.5535494317, 359359.20682012 3465469.5299922605, 359359.3194886504 3465443.862640645, 359366.34434371354 3465443.8903920967, 359366.42754974286 3465426.6715450226, 359378.13575919886 3465426.7251985203, 359377.79406936374 3465500.6230046554, 359370.52182350843 3465500.598564803, 359370.48550642806 3465507.8276169854, 359360.0530439634 3465507.7901282837))"
yes,,,,,,10.5,levels_x3.5,8411.7,"POLYGON ((358703.08524782636 3464353.0964495456, 358722.3580009208 3464229.0974612264, 358744.6727332944 3464217.8765458874, 358886.28176727355 3464267.2916355487, 358875.85467531864 3464299.594580619, 358752.35743976384 3464257.663281611, 358749.13306102157 3464267.76238955, 358720.1322458982 3464358.5987419635, 358703.08524782636 3464353.0964495456))"
yes,,,,,凯迪金融大厦,87.5,levels_x3.5,2425.0,"POLYGON ((358580.12237059267 3464222.2883622125, 358583.3516858682 3464212.5660795216, 358587.35964292893 3464187.8661557944, 358658.6454292302 3464210.786526419, 358657.6579457389 3464213.094791006, 358661.75806099863 3464214.303450084, 358664.08258578076 3464216.5560120554, 358664.8878623483 3464219.0951221446, 358663.7868975315 3464232.059303431, 358662.7967663501 3464234.8775948705, 358660.523463237 3464236.427106455, 358657.9761602776 3464236.7164175706, 358625.90939779347 3464225.7179847546, 358620.9036603966 3464232.892057895, 358607.5683855656 3464228.759001785, 358606.8282254024 3464231.05285212, 358580.12237059267 3464222.2883622125))"
yes,,,,,,10.5,default,262.0,"POLYGON ((358367.0244783916 3464897.355123397, 358356.91373875656 3464888.7663345044, 358369.7710905441 3464873.769677269, 358379.8818326986 3464882.358478513, 358369.8638545837 3464894.0350932823, 358367.0244783916 3464897.355123397))"
yes,,,,,江湾体育场,10.5,default,6781.8,"POLYGON ((358393.65294818365 3464599.392761698, 358387.8126270168 3464614.5274631963, 358394.4003272007 3464618.7956482605, 358402.4538328055 3464626.5807392956, 358411.4813162647 3464637.412645209, 358419.3279171505 3464655.9658161695, 358421.7027210586 3464671.8211396844, 358420.42690260685 3464685.9074984044, 358415.86133781984 3464703.098212792, 358388.6107319149 3464754.742469335, 358379.23643612076 3464772.5081151193, 358340.73899604095 3464849.1277102996, 358328.5713110929 3464863.7381373886, 358317.071368819 3464872.1087789168, 358303.8336595526 3464878.673585604, 358291.71745224716 3464881.5867876243, 358273.30777832516 3464881.56942313, 358262.9273254138 3464880.5012179045, 358253.9518873126 3464878.449484837, 358247.4755078154 3464892.2735536466, 358258.6614362017 3464895.891911008, 358270.9374914338 3464897.76600922, 358278.7047026378 3464898.4593160627, 358290.3428375378 3464897.503833723, 358299.10426710173 3464896.3987489315, 358314.3582082796 3464891.114943586, 358328.0429969381 3464883.823469298, 358340.67848651536 3464874.25121657, 358351.2463511898 3464862.4119329704, 358363.4638797764 3464840.91595887, 358380.81993385206 3464803.0752096684, 358387.9841202821 3464806.3377915756, 358391.0969525903 3464807.7592265396, 358411.96999280923 3464765.3033025144, 358408.7485720689 3464763.5950699816, 358404.5203621908 3464761.3460882474, 358429.8540177445 3464709.428401891, 358434.01901773666 3464696.411733975, 358436.6791210462 3464685.4442592924, 358437.957860291 3464666.634890902, 358434.9719533372 3464653.459728377, 358431.73251281737 3464640.5429841853, 358427.5261703751 3464631.4531456893, 358418.66819469735 3464618.368320179, 358408.0611231683 3464607.5799010256, 358400.1855872144 3464603.1073542447, 358393.65294818365 3464599.392761698))"
yes,,,,,江湾体育场,10.5,default,7586.8,"POLYGON ((358233.6597853529 3464682.0881461645, 358234.3785252105 3464682.4442976867, 358239.7249715244 3464685.021793755, 358240.3737361629 3464683.0174023267, 358252.8108994625 3464689.0468650046, 358255.10684944654 3464684.958072614, 358250.745630512 3464682.7331206356, 358242.7994798162 3464678.671856717, 358244.7435882591 3464674.6099900925, 358249.2663062434 3464676.8105839374, 358271.30267413426 3464633.8175741467, 358279.28330499283 3464619.9953869726, 358289.00206925697 3464609.409246674, 358306.80314437114 3464596.751586049, 358322.0411303344 3464590.9580390104, 358337.2040161957 3464586.6511597363, 358352.6124270825 3464585.722460366, 358372.9725667421 3464588.4520961004, 358378.87276509 3464590.4456743216, 358384.62008470495 3464592.396972304, 358377.43704719876 3464608.9023944074, 358363.87416167307 3464604.8059976217, 358345.1126408956 3464603.4406442475, 358326.71312914806 3464607.735788438, 358309.56881023047 3464616.1604748517, 358298.27883946395 3464627.4108527685, 358287.3202816131 3464644.1669065743, 358250.8401282687 3464717.2007119465, 358220.82674473786 3464772.84076975, 358211.3708221297 3464793.7009029454, 358208.59399377124 3464807.984982414, 358209.76290594204 3464820.5194471045, 358212.9031309651 3464835.2335408195, 358218.18007256906 3464846.759015018, 358228.90176194976 3464860.3950038906, 358242.2635686684 3464872.875556296, 358234.3771712228 3464886.6078208038, 358226.059332654 3464880.389671769, 358217.356754296 3464873.87738539, 358207.7716353446 3464863.341437428, 358202.5442138687 3464854.775476173, 358196.49352634687 3464841.6417948045, 358192.74942273914 3464828.731931127, 358190.5487371212 3464817.3311829073, 358191.12392277713 3464802.8440369708, 358193.7871878059 3464792.131438813, 358198.9358873184 3464776.5624833684, 358223.30169925996 3464728.471188278, 358215.07762249885 3464724.2695740126, 358217.32236772066 3464719.9153808006, 358228.5469973278 3464724.9744762983, 358233.65174805594 3464727.2780647613, 358235.74482325825 3464722.9702727245, 358223.92158640246 3464717.2873119614, 358225.41611255764 3464714.473238947, 358219.5062109399 3464711.7592374906, 358233.6597853529 3464682.0881461645))"
yes,,,,,,10.5,default,293.9,"POLYGON ((359384.7123674869 3465509.0337826125, 359384.6788402053 3465496.5948923025, 359408.2925692303 3465496.5222121403, 359408.32621711784 3465508.972186272, 359384.7123674869 3465509.0337826125))"
yes,,,,,,10.5,default,436.0,"POLYGON ((359418.4741212531 3465442.337802149, 359418.4129034148 3465437.7708805706, 359413.055079024 3465437.8427014854, 359413.0364362947 3465427.9313941826, 359418.28006689926 3465427.8611042285, 359418.23920562374 3465424.812794977, 359427.6925804492 3465424.941076162, 359427.73343897884 3465427.9893853515, 359439.7277346001 3465428.083619857, 359439.7617557348 3465430.622029999, 359445.1325167268 3465430.8050448103, 359445.48557234346 3465438.6829933724, 359440.0977136012 3465438.6443355037, 359440.178706401 3465442.556873358, 359418.4741212531 3465442.337802149))"
yes,,,,,,10.5,default,662.8,"POLYGON ((359420.9494189221 3465492.0841437653, 359420.8537011001 3465487.783766449, 359418.5623008811 3465487.9696965874, 359418.517022033 3465480.3315303265, 359420.67875868065 3465480.413420432, 359420.57769182604 3465475.7139917617, 359420.4880661715 3465471.8680897583, 359427.0630975012 3465471.7134358096, 359426.9700569579 3465467.612584346, 359440.634017586 3465467.296401374, 359440.611847908 3465468.4829809866, 359444.05653583107 3465468.414640137, 359444.10334988515 3465470.487235345, 359448.73730641464 3465470.380783611, 359449.16591314523 3465488.867741656, 359444.1038702013 3465488.9910177398, 359444.1667376747 3465491.5512149534, 359437.7723842398 3465491.6923504155, 359437.8316956971 3465493.2769611003, 359426.4213989853 3465493.4298997717, 359426.54438535287 3465491.953713059, 359420.9494189221 3465492.0841437653))"
yes,,,,,,10.5,default,296.4,"POLYGON ((359421.8143737614 3465462.881127969, 359420.21059245657 3465457.5588108306, 359419.9127845491 3465454.513945723, 359420.1153488909 3465450.45347885, 359421.09617644595 3465447.6464696615, 359438.714732476 3465447.66531357, 359439.179226075 3465463.1472806865, 359433.82885156973 3465463.063777254, 359433.7626656629 3465464.5170289334, 359425.1290862622 3465464.477536174, 359425.1368345153 3465462.925286909, 359421.8143737614 3465462.881127969))"
yes,,,,,,10.5,default,1091.7,"POLYGON ((359236.23935491755 3465636.084288621, 359236.04161347874 3465621.352631533, 359260.553189344 3465621.5336357336, 359260.59067774995 3465624.3269971777, 359296.3213294407 3465623.592537893, 359296.3519669571 3465625.875999854, 359323.9209630899 3465625.506139065, 359323.70134429086 3465631.1300729215, 359338.6749365741 3465631.2507355628, 359338.7012508826 3465635.3413971174, 359320.72762368096 3465635.0835911664, 359236.23935491755 3465636.084288621))"
yes,,,,,,10.5,default,23.2,"POLYGON ((359335.20256842556 3465557.581445916, 359335.25892900047 3465553.267940654, 359340.62799641874 3465553.3289673775, 359340.5717823182 3465557.6535572964, 359335.20256842556 3465557.581445916))"
yes,,,,,老教学楼,10.5,default,1849.3,"POLYGON ((359243.1202887951 3465616.1798794535, 359243.15896999906 3465599.9150763126, 359246.9879929052 3465600.1186791207, 359246.93681375706 3465596.305519067, 359263.02641245513 3465596.599572635, 359263.03535060945 3465599.3933171057, 359281.9539938951 3465599.139442416, 359282.17345492204 3465596.342633436, 359299.27446583007 3465596.1131800385, 359299.31536417326 3465599.1614907775, 359317.17768298497 3465598.921852103, 359317.1402099901 3465596.1284910976, 359332.9660187324 3465595.9161995733, 359333.0103270505 3465599.219459696, 359337.6101766812 3465599.4127560155, 359337.3075667978 3465615.171100689, 359332.9646669513 3465614.974358217, 359332.99529639503 3465617.2578199706, 359247.2232093522 3465617.6436969396, 359246.94588390423 3465616.128532375, 359243.1202887951 3465616.1798794535))"
yes,,,,,中国武术研究学院,10.5,default,9161.0,"POLYGON ((359465.0565511689 3465489.220212936, 359464.97827048204 3465483.378544057, 359460.89241583995 3465483.1893883604, 359460.50943773903 3465435.4327973705, 359464.33509590756 3465435.381532006, 359464.23631807574 3465428.010166683, 359611.27752789494 3465426.8058020864, 359612.34702252713 3465487.502490305, 359465.0565511689 3465489.220212936))"
yes,,,,,,10.5,default,2185.8,"POLYGON ((359356.38130691217 3465552.6742164646, 359357.03773959423 3465524.9706923016, 359376.4357538319 3465524.9655613163, 359376.21284644806 3465527.507417524, 359413.7329151819 3465526.749380512, 359413.6988865845 3465524.2109699007, 359433.8745666142 3465524.705510836, 359434.2966703371 3465556.197320334, 359431.0394732031 3465560.3098179633, 359422.36047046114 3465560.4261548035, 359418.9881133684 3465556.657517533, 359418.9268932661 3465552.090595258, 359400.17917311366 3465552.3197536403, 359400.32770002284 3465554.878802916, 359388.0705042366 3465555.0431409543, 359387.9723849511 3465551.9845118024, 359356.38130691217 3465552.6742164646))"
yes,,,,,篮球、武术馆,10.5,default,3212.0,"POLYGON ((359470.68278187234 3465299.6279266845, 359470.1518100265 3465259.9999186997, 359504.87222407525 3465259.7897582497, 359504.913057775 3465262.8380662524, 359517.90515908645 3465262.7970790938, 359517.89451251924 3465259.870321085, 359553.0657683342 3465259.9203632246, 359553.120592747 3465299.5547360107, 359517.99794401537 3465299.5705696763, 359518.0045342068 3465297.22009139, 359505.0900938962 3465297.370907678, 359504.8900546589 3465299.4911558335, 359470.68278187234 3465299.6279266845))"
yes,,,,,,10.5,default,830.5,"POLYGON ((359397.51019470487 3465121.058699524, 359397.1884093664 3465105.57482522, 359450.7820375265 3465104.457413762, 359451.1038921858 3465119.9523715796, 359397.51019470487 3465121.058699524))"
yes,,,,,,10.5,default,1022.0,"POLYGON ((359331.1020563485 3465121.9823777312, 359330.98062673135 3465105.121056284, 359391.5700483817 3465104.6855940204, 359391.691529191 3465121.5579973897, 359331.1020563485 3465121.9823777312))"
yes,,,,,,10.5,default,376.3,"POLYGON ((359213.89574556967 3465120.2510833326, 359213.9182468952 3465107.0353654437, 359242.3890021137 3465107.0856380374, 359242.3664649472 3465120.3013545666, 359213.89574556967 3465120.2510833326))"
yes,,,,,,10.5,default,770.8,"POLYGON ((358350.5451915115 3463785.993789992, 358361.5560286711 3463756.8088858523, 358366.4835943788 3463758.6493044165, 358367.3565476622 3463756.3203851595, 358379.18272998335 3463760.739616916, 358378.2174357438 3463763.2804301274, 358382.8292518975 3463765.0031627836, 358372.05701035145 3463793.530702157, 358367.68435355736 3463791.8934410345, 358366.654682945 3463794.6014263094, 358354.3979733637 3463790.021719667, 358355.2527825129 3463787.7595646367, 358350.5451915115 3463785.993789992))"
yes,,,,,,10.5,default,78.5,"POLYGON ((358198.4934763305 3463823.9685630556, 358192.25558647054 3463810.40501889, 358197.04312443506 3463808.2227456504, 358203.2811588693 3463821.7973772082, 358198.4934763305 3463823.9685630556))"
yes,,,,,,10.5,default,1267.5,"POLYGON ((358291.39653432154 3463890.8862092933, 358291.5111720875 3463875.4075067993, 358291.57007586956 3463867.0805346016, 358304.81688570615 3463864.6177734705, 358313.0011908546 3463864.418567809, 358323.3098428477 3463866.4413038394, 358325.53382808797 3463866.8769219443, 358334.7529902636 3463869.291329197, 358334.5501171493 3463872.5979297943, 358337.6157265019 3463873.3215312827, 358337.6672047398 3463877.134690091, 358333.7177644483 3463887.0995942997, 358334.3037185437 3463892.4244270003, 358325.6610166468 3463895.3349817027, 358316.73738627526 3463896.475451221, 358307.2955331758 3463896.602941721, 358300.3769608572 3463894.6563977953, 358291.39653432154 3463890.8862092933))"
yes,,,mall,,百联ZX造趣场,10.5,default,5924.8,"POLYGON ((358306.81366998283 3463918.7275872272, 358314.2548433787 3463919.1925355582, 358325.21176971815 3463918.4680815013, 358329.5252385767 3463917.134863573, 358333.83460807975 3463914.7928053746, 358336.3675587926 3463912.7297274154, 358347.93494965194 3463881.0649285237, 358348.253955666 3463879.3089103713, 358348.15222397266 3463877.4144436507, 358347.5410671934 3463876.5690114256, 358346.3551472512 3463876.163722703, 358341.7510627438 3463875.7158837058, 358342.41604028794 3463872.7910825047, 358353.3823170897 3463849.482756888, 358356.43680133217 3463848.676538263, 358359.47422915185 3463846.6066575595, 358362.2374648881 3463843.265498772, 358364.986937812 3463838.904542617, 358391.82501105464 3463764.260906303, 358379.764326361 3463760.099821443, 358357.9464628677 3463751.757686566, 358338.551251687 3463810.0477142255, 358334.16729920916 3463824.4975423687, 358334.5583283225 3463853.4620294375, 358323.3098428477 3463866.4413038394, 358316.69593310275 3463874.3689606604, 358291.5111720875 3463875.4075067993, 358282.51027177344 3463875.7618863117, 358296.9972815305 3463909.447463301, 358300.1306299141 3463914.482898786, 358302.9293134698 3463917.2944101547, 358306.81366998283 3463918.7275872272))"
yes,,,,,,10.5,default,80.0,"POLYGON ((358249.5838119567 3463830.1299302885, 358242.7491993515 3463816.7850691825, 358247.5050449406 3463814.3704248834, 358254.33965272177 3463827.715288877, 358249.5838119567 3463830.1299302885))"
yes,,,,,,10.5,default,2752.9,"POLYGON ((359600.4271593343 3464714.306664684, 359600.2770229154 3464703.0889018797, 359603.084603581 3464703.0513261803, 359602.69191479473 3464673.7100048675, 359600.0556367591 3464673.7452876214, 359599.9049086911 3464662.483186438, 359612.11555244157 3464662.319770752, 359612.13748354337 3464664.669864035, 359648.25562108913 3464664.197662731, 359648.22492233966 3464661.9031207175, 359659.99777084595 3464661.7456180644, 359660.1562937899 3464673.595209195, 359657.3487057969 3464673.632769331, 359657.7096284981 3464701.322587572, 359659.4893490715 3464701.29877807, 359659.64209136396 3464712.7160648066, 359647.91688611184 3464712.8729332695, 359647.8897461016 3464710.844424978, 359612.4189397424 3464711.3079724847, 359612.4569157007 3464714.1456673634, 359600.4271593343 3464714.306664684))"
yes,,,,,,10.5,default,74.0,"POLYGON ((359904.4022903776 3464642.9020117335, 359904.3944223188 3464628.05700631, 359909.3823655252 3464628.0569165135, 359909.39022653014 3464642.9019216853, 359904.4022903776 3464642.9020117335))"
yes,,,,,,10.5,default,77.8,"POLYGON ((359935.7578070193 3464552.359438078, 359937.37341357314 3464547.171460635, 359951.07082312094 3464551.4121939032, 359949.44554536213 3464556.5892113666, 359935.7578070193 3464552.359438078))"
yes,,,,,,10.5,default,126.5,"POLYGON ((359857.2221045599 3464512.1878640205, 359857.0779325413 3464505.6708016577, 359853.68051927804 3464505.738359593, 359853.4737756239 3464495.9626389667, 359864.2653250897 3464495.7297899174, 359864.36040014995 3464499.9969048984, 359862.07652071305 3464500.0495858723, 359862.342014735 3464512.0862113037, 359857.2221045599 3464512.1878640205))"
yes,,,,,翔殷路地铁站4号口,10.5,default,885.1,"POLYGON ((359852.51840179355 3464684.5271858317, 359846.4324219326 3464668.5992734167, 359845.9936478886 3464616.5197366937, 359854.6725306008 3464616.337270404, 359854.70066629373 3464618.443370697, 359859.32473702286 3464618.2818176337, 359860.94115129125 3464684.4146640906, 359852.51840179355 3464684.5271858317))"
yes,,,,,,10.5,default,57.3,"POLYGON ((358670.33889508824 3465146.541695858, 358670.46420050197 3465133.235862692, 358674.76716679067 3465133.2776645483, 358674.641855926 3465146.5834974637, 358670.33889508824 3465146.541695858))"
yes,parking,,,,上海交通投资（集团）有限公司国和路公交停车场,10.5,default,9039.9,"POLYGON ((358523.33481032157 3465175.542057224, 358523.24369477783 3465107.3927569855, 358655.89243441593 3465107.189792815, 358655.9826885449 3465175.3390628123, 358523.33481032157 3465175.542057224))"
yes,,,,,,10.5,default,1954.7,"POLYGON ((357933.97038398683 3463874.887100996, 357936.41796795605 3463867.226242303, 358150.23280949437 3463938.4045976317, 358146.7803069734 3463947.087883827, 357933.97038398683 3463874.887100996))"
yes,,,,attraction,五角场广场 彩蛋,10.5,default,3762.8,"POLYGON ((358273.28242900595 3464042.565301833, 358271.9761917833 3464040.2990665534, 358271.4409014941 3464038.02241802, 358271.4099085035 3464035.7278710473, 358268.54733596806 3464031.708771567, 358267.19369728654 3464026.638219094, 358267.6664876598 3464023.5829654965, 358268.38937384624 3464020.0143414373, 358270.13493160193 3464017.451888616, 358274.68056818156 3464013.576634771, 358283.05599514395 3464009.9157401808, 358292.64398240997 3464008.6332231713, 358297.59852765757 3464008.9543504054, 358314.89727969817 3464011.891573026, 358332.60753688414 3464018.5151678054, 358345.56655303435 3464025.069891196, 358355.11812194606 3464033.078649026, 358355.6766783984 3464036.3749711374, 358354.94343941106 3464039.178739371, 358359.142360818 3464046.99367568, 358359.19039286184 3464050.5518855765, 358357.45251026336 3464054.389199701, 358355.1972235127 3464057.9785027276, 358349.8729426247 3464060.5892525725, 358347.07550332666 3464061.392006316, 358343.5748505626 3464066.5170146683, 358332.5912609735 3464066.665304428, 358320.57483196235 3464065.0536656403, 358312.3680196357 3464062.8695176425, 358301.85656163783 3464059.2086952976, 358283.093654525 3464050.0604967824, 358273.28242900595 3464042.565301833))"
yes,,,,,,10.5,default,90.4,"POLYGON ((357909.6976094411 3464597.687900844, 357911.6750833693 3464592.583354488, 357913.4651923559 3464593.324099554, 357914.5062760318 3464590.771117771, 357923.44354828645 3464594.19785777, 357919.97175400495 3464602.1276047383, 357909.6976094411 3464597.687900844))"
yes,,,,,,10.5,default,97.4,"POLYGON ((359518.360248024 3465013.926869764, 359518.51179998217 3465006.05325418, 359522.0806563674 3465006.00545702, 359522.0401441648 3465002.269768095, 359525.35234095034 3465002.247582952, 359525.1100155888 3465006.186621024, 359528.46994429274 3465006.1748842984, 359528.3149705669 3465013.79355017, 359524.9358619646 3465013.7944571907, 359524.8873224952 3465016.5667923456, 359521.97454482556 3465016.561455054, 359521.9004024501 3465013.8683700766, 359518.360248024 3465013.926869764))"
yes,,,,attraction,长海医院仓库 (原上海博物馆),10.5,default,2558.3,"POLYGON ((359513.0931683354 3465002.311988589, 359522.0401441648 3465002.269768095, 359525.35234095034 3465002.247582952, 359544.2455715464 3465002.1497895527, 359544.50506051275 3464983.8531955415, 359525.62146241294 3464983.9619445777, 359522.5470356653 3464983.9698582636, 359512.84820357594 3464984.022147477, 359512.9249281775 3464970.5618170514, 359522.4990127674 3464970.4335920247, 359525.94416045444 3464970.3874535477, 359559.38683581376 3464969.9396377853, 359559.2609815619 3464960.5397692276, 359512.2980463606 3464961.423652454, 359512.2107911251 3464959.88376422, 359501.39948750933 3464960.0285699293, 359501.31885339564 3464961.825701975, 359485.7490556848 3464962.0342624006, 359486.1319344166 3464971.430690273, 359500.68666748115 3464971.4796343106, 359500.74068665004 3464984.040188326, 359500.82388429693 3465002.3321970208, 359500.88292494754 3465016.6887364755, 359485.46236135863 3465016.662480833, 359485.32791168423 3465025.8108445466, 359500.7670502758 3465025.803590289, 359500.6777914278 3465027.66735852, 359512.78377337346 3465027.5384682487, 359512.7794981599 3465025.7979071434, 359561.9241753055 3465025.793912765, 359561.8017343302 3465016.648992836, 359524.8873224952 3465016.5667923456, 359521.97454482556 3465016.561455054, 359513.03620733216 3465016.5370400646, 359513.0931683354 3465002.311988589))"
yes,,,,,,10.5,default,222.9,"POLYGON ((359500.82388429693 3465002.3321970208, 359500.74068665004 3464984.040188326, 359512.84820357594 3464984.022147477, 359513.0931683354 3465002.311988589, 359500.82388429693 3465002.3321970208))"
yes,,,,,,10.5,default,95.7,"POLYGON ((359522.5470356653 3464983.9698582636, 359522.52151776885 3464981.353729381, 359518.9431360251 3464981.4016535454, 359519.09469043335 3464973.528038359, 359522.53805571655 3464973.348881708, 359522.4990127674 3464970.4335920247, 359525.94416045444 3464970.3874535477, 359525.86289602786 3464973.559349382, 359528.79412575194 3464973.520094277, 359528.9546943655 3464981.245401422, 359525.54776662297 3464981.302113976, 359525.62146241294 3464983.9619445777, 359522.5470356653 3464983.9698582636))"
yes,,,,attraction,同济中学 (原上海图书馆),10.5,default,1548.2,"POLYGON ((359052.8896668055 3465030.337846266, 359052.7599300778 3465020.6830170304, 359058.3749320278 3465020.6075670617, 359058.4749018763 3465008.920773647, 359052.6029356675 3465008.9996761875, 359052.5688259393 3465006.461265345, 359039.29874974996 3465006.3845938453, 359039.3738280375 3465011.9713148233, 359028.13429712 3465012.1223656815, 359027.748597495 3464983.423911811, 359038.98815918417 3464983.2728616614, 359039.0563846736 3464988.349683347, 359052.5834421802 3464988.422902525, 359052.29922582395 3464986.3978436994, 359058.42816325056 3464986.315488753, 359058.277879508 3464975.1309629222, 359052.9163862192 3464974.9480096824, 359052.2795855674 3464965.8099858975, 359078.5020535675 3464965.69048249, 359078.4409634483 3464974.6050607134, 359066.19259267446 3464974.7696224283, 359066.54999406554 3465020.497722402, 359079.4227212955 3465020.7571540205, 359079.18498162844 3465029.984535613, 359052.8896668055 3465030.337846266))"
yes,place_of_worship,,,,沪东堂,10.5,default,668.6,"POLYGON ((358621.59872115625 3464954.7873471375, 358621.4176007104 3464933.5807654187, 358652.94014665746 3464933.3111614683, 358653.13072038617 3464954.5176131604, 358621.59872115625 3464954.7873471375))"
yes,,,,,,10.5,default,921.4,"POLYGON ((358090.7576046941 3464313.14440683, 358109.9033830542 3464273.194707868, 358126.36279824015 3464282.3737356863, 358114.8859261623 3464320.6453634235, 358090.7576046941 3464313.14440683))"
yes,,,,,,10.5,default,1484.3,"POLYGON ((358093.7153030314 3464062.365283418, 358109.09680280136 3464029.118609584, 358119.7548104634 3464023.8967367494, 358142.8756864985 3464032.1763980864, 358123.0200941061 3464076.7033533584, 358093.7153030314 3464062.365283418))"
yes,,,,,,10.5,default,1451.5,"POLYGON ((358066.73218914727 3464121.845074263, 358083.89025013 3464083.418958098, 358115.43625840935 3464097.3608275596, 358098.2876284068 3464135.7867607893, 358066.73218914727 3464121.845074263))"
yes,,,,,,10.5,default,98.8,"POLYGON ((358242.4368199603 3463987.4482427537, 358240.43499765045 3463980.2023521108, 358253.1158385106 3463976.7271791175, 358255.11765245756 3463983.973071849, 358242.4368199603 3463987.4482427537))"
yes,,,,,,10.5,default,86.2,"POLYGON ((358263.2022863638 3463966.535210953, 358260.9705627813 3463952.8399110246, 358266.8295115008 3463951.751873151, 358269.483160886 3463965.674297513, 358263.2022863638 3463966.535210953))"
yes,,,,,,10.5,default,979.9,"POLYGON ((357955.24316715315 3463863.3460122366, 357960.1171086448 3463849.2663170276, 358022.3319874854 3463870.597962385, 358017.4579757588 3463884.677626432, 357955.24316715315 3463863.3460122366))"
yes,,,,,,10.5,default,1411.1,"POLYGON ((358148.02397081966 3463788.3857870116, 358123.55312657973 3463737.3293188163, 358146.0659170074 3463726.636648395, 358170.5366707434 3463777.693165222, 358148.02397081966 3463788.3857870116))"
yes,,,,,,10.5,default,1010.7,"POLYGON ((358180.1638531592 3463920.172459328, 358171.4816033293 3463916.631164846, 358163.1083611715 3463909.8927037357, 358162.1842956451 3463909.1402055346, 358161.5362801766 3463902.751884648, 358184.44896889094 3463878.705374501, 358191.65950089553 3463879.0070528337, 358192.324333255 3463879.596755022, 358199.6720300033 3463886.526486567, 358204.08268540225 3463895.203276473, 358197.389522812 3463902.189707781, 358182.7453427886 3463917.4767395016, 358180.1638531592 3463920.172459328))"
yes,,,,,,10.5,default,525.8,"POLYGON ((358088.84331593924 3463828.8212431865, 358098.8831472093 3463817.997801634, 358113.256111896 3463821.373399279, 358116.0352980329 3463834.7064964734, 358107.2385843684 3463845.2359424513, 358092.6470340658 3463841.885484057, 358088.84331593924 3463828.8212431865))"
yes,,,,,苏宁电器,10.5,default,3867.0,"POLYGON ((358154.3491008114 3463930.2334192847, 358161.96424741787 3463911.1720632506, 358163.1083611715 3463909.8927037357, 358192.324333255 3463879.596755022, 358193.9859532738 3463877.866934039, 358207.40558189113 3463872.696535727, 358239.82651177375 3463944.322630884, 358228.76006507257 3463956.6676125787, 358154.3491008114 3463930.2334192847))"
yes,,,,,,10.5,default,804.7,"POLYGON ((358138.3564920116 3463883.79638316, 358160.5340233905 3463862.4095032057, 358164.5470453496 3463860.681154325, 358167.86539341894 3463860.381305906, 358170.17287358834 3463861.359015809, 358172.2930595042 3463863.270548228, 358174.1236495144 3463866.2946743965, 358174.4123182485 3463869.3396408423, 358174.20604964194 3463872.3912967197, 358173.6732515311 3463874.5271621062, 358152.3275283397 3463897.5879630446, 358149.99486313056 3463898.972085009, 358148.41374852584 3463899.6143193655, 358146.16959847766 3463899.7998718247, 358143.2600150629 3463899.3513864987, 358140.79650581337 3463898.0986222294, 358138.25745543744 3463895.483203974, 358136.9477252031 3463892.9620345365, 358136.39254151785 3463889.9206716237, 358136.86530282616 3463886.865411548, 358138.3564920116 3463883.79638316))"
yes,,,,,,10.5,default,60.2,"POLYGON ((358223.51726106845 3463775.070306457, 358216.8084982234 3463761.18050692, 358220.3365930591 3463759.4919942915, 358227.0359837038 3463773.3930092785, 358223.51726106845 3463775.070306457))"
yes,,,,,,10.5,default,439.4,"POLYGON ((358126.2209321456 3463893.1070594, 358121.0540848039 3463888.354162202, 358163.5528399317 3463844.1752709853, 358168.7823391679 3463849.337553425, 358126.2209321456 3463893.1070594))"
yes,,,,,,10.5,default,872.5,"POLYGON ((358192.2784370028 3463864.9295496456, 358167.03462357586 3463810.890005931, 358169.57790749107 3463809.591736664, 358167.7404154871 3463806.0577118327, 358178.6100980601 3463801.686735175, 358204.4621670071 3463859.177163662, 358192.2784370028 3463864.9295496456))"
yes,,,,,,10.5,default,305.9,"POLYGON ((358163.02888490685 3463806.8198619043, 358159.62107898557 3463799.094082434, 358162.80102837645 3463797.709598476, 358159.42252320086 3463790.0388569394, 358174.4891933597 3463783.4603106496, 358181.275483506 3463798.856841553, 358163.02888490685 3463806.8198619043))"
yes,,,,,,10.5,default,449.5,"POLYGON ((358180.34615136526 3463915.3472404503, 358182.7453427886 3463917.4767395016, 358196.62373503833 3463929.3516108124, 358210.4602359839 3463914.1752931788, 358197.389522812 3463902.189707781, 358194.5938017868 3463899.5999187883, 358180.34615136526 3463915.3472404503))"
yes,,,,,,10.5,default,1494.9,"POLYGON ((358038.6706851827 3463832.8037457457, 358039.1435737595 3463817.796909018, 358080.98945902416 3463815.445913772, 358086.07825022575 3463810.1995586026, 358084.4371015868 3463768.391271248, 358098.21589291 3463767.9499428603, 358100.4292714955 3463814.0632551713, 358085.8425053236 3463830.779841329, 358038.6706851827 3463832.8037457457))"
yes,,,,,,10.5,default,2165.8,"POLYGON ((358021.1568505111 3463889.2840351835, 358026.6962158454 3463873.720826304, 358150.3378880527 3463917.3050063103, 358144.78885190724 3463932.8682736927, 358021.1568505111 3463889.2840351835))"
yes,,,,,,10.5,default,64.0,"POLYGON ((359922.6889057761 3465585.1843324653, 359922.292435327 3465570.466452444, 359926.6407011942 3465570.352939015, 359927.03716553096 3465585.070818978, 359922.6889057761 3465585.1843324653))"
yes,,,,,,10.5,default,829.5,"POLYGON ((360023.62506673957 3466010.6090603415, 360023.45563294075 3465997.9170158976, 360088.8022308877 3465997.0448696543, 360088.9715855371 3466009.736912292, 360023.62506673957 3466010.6090603415))"
yes,,,,,,10.5,default,291.2,"POLYGON ((359872.537091271 3465721.167913372, 359872.4874918112 3465693.9506454975, 359874.0387991823 3465693.9410029394, 359874.01991103555 3465685.404470849, 359878.3220291983 3465685.402418974, 359878.3340635831 3465694.1386036724, 359881.86506042664 3465694.124683346, 359881.8714276065 3465700.2999084424, 359881.9121176865 3465721.153509572, 359872.537091271 3465721.167913372))"
yes,,,,,兰生复旦中学教职工宿舍,7.0,levels_x3.5,464.8,"POLYGON ((359325.70124736964 3465811.4294342697, 359322.9362459335 3465739.4136528126, 359329.0564107739 3465739.4202458076, 359332.50282093766 3465811.1497168783, 359325.70124736964 3465811.4294342697))"
residential,,,,,龙腾公寓,10.5,default,1363.1,"POLYGON ((358232.6040357307 3465496.9718296584, 358227.06753794674 3465476.0815034024, 358288.07288762357 3465460.0680555524, 358293.6092687667 3465480.9584094156, 358232.6040357307 3465496.9718296584))"
residential,,,,,龙腾公寓,10.5,default,1149.0,"POLYGON ((358227.80087649194 3465497.2363222, 358176.2496374374 3465513.4105381584, 358169.82657163613 3465493.130913996, 358221.3780538464 3465476.9677549987, 358227.80087649194 3465497.2363222))"
yes,,,,,,10.5,default,611.3,"POLYGON ((358732.3561144269 3466127.5303627723, 358724.71838172537 3466118.009928199, 358685.50653074624 3466149.160090199, 358693.15379551117 3466158.6803688514, 358706.15846693714 3466148.349600039, 358727.9960770693 3466130.9927554647, 358732.3561144269 3466127.5303627723))"
industrial,,,,,,10.5,default,3766.0,"POLYGON ((358839.9581844857 3466250.1756619737, 358787.373530866 3466195.0506550972, 358769.9966367879 3466211.4714350575, 358728.45566135226 3466167.92778303, 358757.84341965953 3466140.1696372493, 358799.51001729 3466183.8558398103, 358803.7672815252 3466179.8294339967, 358813.8845920798 3466190.43629779, 358809.5051147988 3466194.575213306, 358851.84679659054 3466238.950982808, 358839.9581844857 3466250.1756619737))"
residential,,,,,,10.5,default,339.3,"POLYGON ((359256.5068493185 3466150.448977474, 359253.84066881606 3466141.8481709315, 359288.4021497635 3466130.718813191, 359291.0880840174 3466140.0843492053, 359256.5068493185 3466150.448977474))"
residential,,,,,,10.5,default,418.4,"POLYGON ((359204.6850579089 3466149.8697525742, 359201.73260130116 3466140.507813852, 359242.41158333956 3466127.7883536043, 359245.36400593794 3466137.1503024283, 359204.6850579089 3466149.8697525742))"
residential,,,,,,10.5,default,364.6,"POLYGON ((359251.9597159955 3466135.02179464, 359249.2935285881 3466126.4209891595, 359286.14750417566 3466114.4847784974, 359289.08085824177 3466123.8469935907, 359251.9597159955 3466135.02179464))"
residential,,,,,,10.5,default,196.8,"POLYGON ((359295.4171292595 3466122.243073944, 359292.68450813345 3466112.944684184, 359312.18609229574 3466107.261564704, 359314.9280642635 3466116.5487464443, 359295.4171292595 3466122.243073944))"
residential,,,,,,10.5,default,233.1,"POLYGON ((359297.4350554528 3466139.2785341493, 359294.1171985249 3466128.2141143433, 359313.4656069175 3466122.4665307007, 359316.78344456956 3466133.530955867, 359297.4350554528 3466139.2785341493))"
residential,,,,,,10.5,default,444.6,"POLYGON ((359154.727647068 3466165.5078689796, 359151.8613875924 3466156.189131288, 359195.4834960556 3466142.9310422163, 359198.3403520037 3466152.2610029504, 359154.727647068 3466165.5078689796))"
yes,,,,,,10.5,default,2013.8,"POLYGON ((358448.63147367694 3463771.43261943, 358500.9661926961 3463792.9225241556, 358514.60270114976 3463760.0437611877, 358462.26785388077 3463738.5537844985, 358448.63147367694 3463771.43261943))"
yes,,,,,,10.5,default,6130.1,"POLYGON ((358680.62349343474 3465984.586896713, 358695.44123576884 3465972.468890784, 358704.9620661895 3465983.9928175644, 358736.12282248336 3465958.51680371, 358728.3530984827 3465949.0979222697, 358764.51289165765 3465919.530146051, 358729.61259790976 3465877.2717706636, 358662.19795726566 3465932.4057616964, 358666.3488094095 3465937.4275675705, 358651.6253112339 3465949.4778219187, 358680.62349343474 3465984.586896713))"
apartments,,,,,,70.0,levels_x3.5,555.4,"POLYGON ((358384.8625341511 3465963.8536015577, 358433.2926340805 3465973.9649294713, 358435.6094480624 3465962.9798788344, 358387.169784748 3465952.868667131, 358384.8625341511 3465963.8536015577))"
yes,,,,,,10.5,default,438.0,"POLYGON ((358858.13251740596 3465440.9058259856, 358898.22099192266 3465441.419634822, 358898.3691064467 3465430.497163653, 358858.2710736902 3465429.9834808167, 358858.13251740596 3465440.9058259856))"
yes,,,,,,10.5,default,456.7,"POLYGON ((359139.176652157 3466134.3966293093, 359177.496604186 3466134.5360082453, 359177.5363950718 3466122.61718884, 359139.2163995302 3466122.477808185, 359139.176652157 3466134.3966293093))"
yes,,,,,,10.5,default,904.6,"POLYGON ((358707.3301749385 3465366.437564545, 358779.34053001564 3465367.430045721, 358779.5236858941 3465354.877338713, 358707.50357884675 3465353.873896596, 358707.3301749385 3465366.437564545))"
yes,,,,,,10.5,default,1061.8,"POLYGON ((358454.9447448851 3465806.7828609585, 358473.6766599217 3465792.7158670654, 358446.29138776043 3465756.609901196, 358427.5499231484 3465770.6770707513, 358454.9447448851 3465806.7828609585))"
apartments,,,,,,10.5,default,810.4,"POLYGON ((358597.5680896414 3466041.53976057, 358661.68312807055 3466053.7910055807, 358664.0411149396 3466041.608085486, 358599.9163409107 3466029.3458671984, 358597.5680896414 3466041.53976057))"
apartments,,,,,,70.0,levels_x3.5,811.2,"POLYGON ((358479.11082326574 3466029.623089543, 358541.3586657621 3466041.0229537226, 358543.69180335396 3466028.419036514, 358481.4438901871 3466017.0191560546, 358479.11082326574 3466029.623089543))"
yes,,,,,,10.5,default,1755.1,"POLYGON ((358452.63051532424 3465491.4720457676, 358480.19063553796 3465491.8207473154, 358481.01633430645 3465428.160272051, 358453.44653058547 3465427.811690714, 358452.63051532424 3465491.4720457676))"
yes,,,,,,10.5,default,733.6,"POLYGON ((358224.6347813254 3465569.3101746435, 358288.1751186123 3465548.639226334, 358284.750374369 3465538.2084656074, 358221.2099783182 3465558.8794323015, 358224.6347813254 3465569.3101746435))"
apartments,,,,,,70.0,levels_x3.5,532.1,"POLYGON ((358573.7728557731 3466144.5023515024, 358618.25697721454 3466152.8605616204, 358620.45211709954 3466141.311770155, 358575.967949496 3466132.9535491434, 358573.7728557731 3466144.5023515024))"
apartments,,,,,,70.0,levels_x3.5,670.5,"POLYGON ((358521.27970089053 3466088.545845299, 358576.4373762399 3466099.309841493, 358578.74458436563 3466087.604313599, 358523.58685122454 3466076.840303293, 358521.27970089053 3466088.545845299))"
apartments,,,,,,70.0,levels_x3.5,634.6,"POLYGON ((358451.37991590577 3465977.035704252, 358495.32474654133 3465986.2765697273, 358498.26960363874 3465972.4559237654, 358454.31520299334 3465963.2151725744, 358451.37991590577 3465977.035704252))"
yes,,,,,,10.5,default,750.9,"POLYGON ((358787.5401680279 3465447.6323132156, 358843.9840401886 3465447.6596217747, 358843.9858221336 3465434.3554581306, 358787.55139500543 3465434.3280188227, 358787.5401680279 3465447.6323132156))"
yes,,,,,,10.5,default,892.7,"POLYGON ((358712.7661121021 3465397.59581734, 358779.7645754876 3465398.9218934486, 358780.0325963568 3465385.603054939, 358713.0340481725 3465384.276974051, 358712.7661121021 3465397.59581734))"
yes,,,,,,10.5,default,423.9,"POLYGON ((359184.38289858395 3466127.1151622618, 359222.2422335214 3466126.9726359127, 359222.1965902244 3466115.775606745, 359184.3467308211 3466115.9180039894, 359184.38289858395 3466127.1151622618))"
yes,,,,,,10.5,default,204.8,"POLYGON ((358677.37223522237 3466085.8532139836, 358689.65124949714 3466087.3507407163, 358691.6759290201 3466070.914987773, 358679.3970454697 3466069.4285428035, 358677.37223522237 3466085.8532139836))"
apartments,,,,,,70.0,levels_x3.5,945.4,"POLYGON ((358407.64492832206 3466079.9020642545, 358470.0157443698 3466091.9650432994, 358472.8642627889 3466077.35852158, 358410.5028811366 3466065.2953942944, 358407.64492832206 3466079.9020642545))"
yes,,,,,,10.5,default,652.8,"POLYGON ((358234.2808195095 3465532.2939338577, 358283.52423624916 3465517.204435293, 358279.7721811763 3465505.092903217, 358230.52886085014 3465520.1935020513, 358234.2808195095 3465532.2939338577))"
yes,,,,,,10.5,default,335.9,"POLYGON ((358360.1828728284 3465431.820370989, 358392.47862805176 3465431.1181686, 358392.25258745195 3465420.7217960823, 358359.9568001718 3465421.42399799, 358360.1828728284 3465431.820370989))"
yes,,,,,,10.5,default,299.6,"POLYGON ((359234.8871094001 3466111.780287862, 359268.24721778964 3466110.412269186, 359267.87943887827 3466101.4480073317, 359234.5193019024 3466102.8160261274, 359234.8871094001 3466111.780287862))"
apartments,,,,,,70.0,levels_x3.5,834.4,"POLYGON ((358461.99440680514 3466141.476163551, 358520.150267427 3466153.673927242, 358523.05822856666 3466139.9424764686, 358464.9021474109 3466127.733609441, 358461.99440680514 3466141.476163551))"
yes,,,,,,10.5,default,565.9,"POLYGON ((358807.7873710508 3465821.738369294, 358816.5808228274 3465833.6713138656, 358847.4206742104 3465811.1712518097, 358838.6272415713 3465799.2382823485, 358807.7873710508 3465821.738369294))"
yes,,,,,,10.5,default,1893.2,"POLYGON ((358737.2079761592 3466050.3673914643, 358778.960636883 3466007.1318853833, 358757.52221305 3465979.958650752, 358722.46867638757 3466008.2587513914, 358738.7781771554 3466028.449810378, 358727.7693179784 3466041.403382499, 358737.2079761592 3466050.3673914643))"
yes,,,,,,10.5,default,1022.7,"POLYGON ((358785.99690878927 3465401.587497848, 358831.7278257377 3465401.2379264156, 358831.4865426084 3465369.8766656215, 358811.8617321826 3465370.029970659, 358811.986937004 3465385.693910515, 358786.1854141228 3465385.8971584463, 358785.99690878927 3465401.587497848))"
apartments,,,,,,10.5,default,461.8,"POLYGON ((358647.95897730766 3466087.7131552263, 358640.39794790593 3466086.0079402393, 358637.8285088714 3466097.328948379, 358669.89566091564 3466104.535470083, 358672.47434906976 3466093.192173037, 358664.5314933388 3466091.403393203, 358665.5644221493 3466086.8327937606, 358649.0009671424 3466083.1091712727, 358647.95897730766 3466087.7131552263))"
yes,,,,,国和1000,10.5,default,3670.5,"POLYGON ((359344.0184551189 3466105.5262504877, 359349.7967234906 3466105.6039520865, 359350.0924810526 3466131.199330866, 359371.1006911007 3466130.6958037238, 359369.9670046851 3466090.166704784, 359417.71190025355 3466089.770352222, 359417.02549060853 3466051.352834171, 359355.45262188575 3466051.8570465865, 359349.9079147482 3466057.8406686676, 359344.45495322626 3466062.8585145907, 359344.0184551189 3466105.5262504877))"
yes,,,,,,10.5,default,4706.2,"POLYGON ((358409.84265868645 3465818.334438925, 358431.0857683087 3465802.747825001, 358410.7268400164 3465775.261323658, 358447.56794746674 3465748.2332152543, 358418.64845071326 3465709.187845131, 358379.44142602093 3465737.933197449, 358371.714692436 3465727.505078388, 358352.8275272354 3465741.3526146836, 358409.84265868645 3465818.334438925))"
yes,,,,,,10.5,default,473.9,"POLYGON ((358338.8235697589 3464288.538677942, 358357.79725425004 3464295.0011067484, 358366.11984896776 3464271.928012215, 358361.2296316447 3464269.311025019, 358355.82414108975 3464268.718792035, 358351.37526463426 3464269.1779786046, 358348.1537776333 3464270.296890167, 358344.5488626568 3464272.629439706, 358342.82431467343 3464275.335726945, 358341.7886303249 3464278.2987966514, 358338.8235697589 3464288.538677942))"
yes,,,,,,10.5,default,1770.3,"POLYGON ((357769.2671555383 3464305.268977147, 357807.49075264105 3464318.8533079117, 357809.12374816556 3464314.3188409074, 357852.99088492914 3464329.9111713064, 357854.8712620279 3464324.663804304, 357872.4812019736 3464330.9221085524, 357876.69167323963 3464319.190654414, 357810.9960557952 3464295.833912634, 357808.8403801995 3464301.838922812, 357774.8350492581 3464289.7495567235, 357769.2671555383 3464305.268977147))"
yes,,,,,,10.5,default,1661.0,"POLYGON ((359689.2610959175 3464706.0225974466, 359764.40814630955 3464704.951230077, 359764.03554937 3464678.5032909275, 359753.4525270754 3464678.655857573, 359753.5404383545 3464684.51955873, 359708.7242239808 3464685.1520670513, 359708.65348349593 3464680.5741955265, 359691.6748762027 3464680.812356978, 359691.87208862917 3464694.84551476, 359689.10272379965 3464694.8936421736, 359689.2610959175 3464706.0225974466))"
yes,,,,,,10.5,default,787.2,"POLYGON ((358922.8716706557 3464702.453938566, 358929.5681535584 3464704.2153741186, 358930.4109231385 3464701.0553991525, 358939.995330067 3464670.52660457, 358975.7239367409 3464681.432344901, 358977.4518988515 3464675.433350111, 358977.1191437418 3464671.923319305, 358975.952781894 3464670.131856343, 358974.40649345977 3464669.1104876343, 358937.0336498399 3464655.5660357024, 358922.8716706557 3464702.453938566))"
yes,,,,,,10.5,default,619.5,"POLYGON ((357673.69720492663 3464163.866466467, 357691.8889134915 3464169.473558076, 357692.3816746704 3464167.9036326613, 357704.7803431124 3464171.726732537, 357709.28699826694 3464157.274919633, 357699.74661035073 3464154.333254873, 357702.1094905135 3464146.762169937, 357686.4414233045 3464141.9301675507, 357682.68292344804 3464153.988176207, 357677.2914370455 3464152.331762628, 357673.69720492663 3464163.866466467))"
yes,,,,,,10.5,default,478.6,"POLYGON ((357716.65628076054 3464284.41844893, 357752.12577045197 3464296.365824631, 357754.1418066204 3464290.59551774, 357754.8882904658 3464288.0797754065, 357753.00534621795 3464287.5177023252, 357754.4618967593 3464282.6086663636, 357748.9662448112 3464280.9868922723, 357724.0719552643 3464272.4882450923, 357721.9023983084 3464278.8704153975, 357718.88990145316 3464277.8469324997, 357716.65628076054 3464284.41844893))"
yes,,,,,,10.5,default,524.4,"POLYGON ((357674.4964501228 3464191.2068203124, 357694.18039717135 3464197.348012969, 357696.57166462636 3464189.765453782, 357685.1761367054 3464186.2059285566, 357689.96773543366 3464171.0074233296, 357677.7979375041 3464167.2144966046, 357676.8213358519 3464170.3098807503, 357669.4313195373 3464167.993197719, 357666.06331743824 3464178.6600639424, 357665.44287586544 3464180.641935426, 357664.11027451407 3464184.86191976, 357675.39099767036 3464188.378632551, 357674.4964501228 3464191.2068203124))"
yes,,,,,,10.5,default,1780.7,"POLYGON ((359925.8469185821 3464523.012197901, 359937.17828478495 3464526.8521244843, 359938.9650615342 3464521.6507757376, 360003.72114897775 3464543.6028832453, 360000.6700619523 3464552.5018788017, 360013.4357708959 3464556.8327323287, 360023.1017864041 3464528.6100415015, 360009.68590891454 3464524.066116548, 360008.09156712337 3464528.7105483366, 359942.8378323043 3464506.565493175, 359944.72516375524 3464501.0523755653, 359934.56022378604 3464497.5959883444, 359925.8469185821 3464523.012197901))"
yes,,,,,,10.5,default,4916.8,"POLYGON ((358037.34555400733 3464192.92101267, 358062.3299833669 3464203.86936245, 358066.2558069414 3464195.002245746, 358106.2557323066 3464212.532708281, 358148.9787332684 3464116.043120091, 358118.1239576749 3464102.524192747, 358096.97945664113 3464150.272728557, 358101.98768410576 3464152.4556171168, 358096.7408001028 3464164.300760206, 358070.8657684879 3464152.965248437, 358061.4806228012 3464174.1571312584, 358048.22706923797 3464168.3495579953, 358037.34555400733 3464192.92101267))"
apartments,,,,,,10.5,default,719.6,"POLYGON ((360036.59196606453 3464766.3175407383, 360044.885972083 3464758.701179107, 360038.42275778146 3464753.0001490125, 360039.03956232086 3464749.2889585854, 360043.25571047363 3464750.6628922047, 360047.008235293 3464739.404164959, 360021.15289790387 3464731.4008504828, 360019.5778093705 3464741.765768699, 360010.58210293506 3464746.730703933, 360011.6959444835 3464758.8668747586, 360021.20048356906 3464756.36748644, 360031.4432570114 3464759.2574843247, 360036.59196606453 3464766.3175407383))"
yes,,,,,,10.5,default,1218.6,"POLYGON ((359367.3142151133 3464789.980854953, 359365.82330177067 3464739.123771791, 359318.7169145248 3464767.0066240965, 359367.3142151133 3464789.980854953))"
yes,,,,,,10.5,default,349.9,"POLYGON ((359316.6236062992 3464761.3915431877, 359340.5684757522 3464746.846148675, 359316.2348651794 3464732.4049134157, 359316.6236062992 3464761.3915431877))"
yes,,,,,,10.5,default,539.2,"POLYGON ((357853.95420629246 3464068.6594959246, 357888.91873284924 3464080.536591722, 357893.65330263844 3464066.7248227457, 357858.6887372405 3464054.8477099156, 357853.95420629246 3464068.6594959246))"
yes,,,,,,10.5,default,327.5,"POLYGON ((357789.9520807535 3464229.3653887054, 357827.6231397762 3464242.901858836, 357830.42239912075 3464235.2140241074, 357792.75131726806 3464221.6775431945, 357789.9520807535 3464229.3653887054))"
yes,,,,,,10.5,default,278.8,"POLYGON ((359841.03948371205 3464710.9560698564, 359856.5444954119 3464710.8597878176, 359856.4375423355 3464692.878560177, 359840.9325040595 3464692.9748414126, 359841.03948371205 3464710.9560698564))"
yes,,,,,,10.5,default,547.9,"POLYGON ((359185.94201541954 3464609.881670814, 359231.93506223266 3464609.6635376564, 359231.8800061426 3464597.7571079726, 359185.886758348 3464597.964154721, 359185.94201541954 3464609.881670814))"
yes,,,,,,10.5,default,1705.9,"POLYGON ((359328.28471517423 3464727.3540648185, 359365.6593900897 3464726.8972904854, 359365.1046900465 3464681.2606032593, 359327.7298524452 3464681.7173736524, 359328.28471517423 3464727.3540648185))"
yes,,,,,,10.5,default,266.9,"POLYGON ((358437.14097755187 3464529.912523889, 358449.638736325 3464536.1964002266, 358458.2810453289 3464519.1835305276, 358445.7832726443 3464512.8996434966, 358437.14097755187 3464529.912523889))"
yes,,,,,,10.5,default,564.4,"POLYGON ((357819.16439562367 3464156.7943071937, 357871.7330784391 3464173.7988140266, 357874.9048100199 3464164.0881489594, 357822.3360855311 3464147.0836248756, 357819.16439562367 3464156.7943071937))"
yes,,,,,,10.5,default,1059.3,"POLYGON ((358876.4806566913 3464551.355502263, 358948.1197183685 3464573.1753536575, 358952.27855998743 3464559.649020355, 358880.63956696563 3464537.8402227005, 358876.4806566913 3464551.355502263))"
yes,,,,,,10.5,default,609.4,"POLYGON ((359224.6853496297 3464812.105115261, 359267.9863840514 3464812.0895246365, 359267.98801079503 3464798.020416542, 359224.6867695787 3464798.0249202987, 359224.6853496297 3464812.105115261))"
yes,,,,,,10.5,default,288.9,"POLYGON ((358026.8615077374 3464247.5656096996, 358049.0233304042 3464256.7560549695, 358053.6803921873 3464245.6505902437, 358031.5185512728 3464236.4601345733, 358026.8615077374 3464247.5656096996))"
yes,,,,,,10.5,default,955.4,"POLYGON ((359803.89214191004 3464700.642904306, 359830.5943068352 3464700.7628094447, 359830.7443405745 3464664.9728759304, 359804.0517500492 3464664.863924678, 359803.89214191004 3464700.642904306))"
yes,,,,,,10.5,default,678.2,"POLYGON ((358342.72434876626 3464531.608286726, 358400.10109154193 3464544.6589256763, 358402.6814784012 3464533.426437943, 358345.3046790408 3464520.375782965, 358342.72434876626 3464531.608286726))"
yes,,,,,,10.5,default,696.3,"POLYGON ((359487.2471866646 3464634.711490588, 359539.0367051743 3464633.7518556984, 359538.7900545935 3464620.306950667, 359487.0006181125 3464621.2776691034, 359487.2471866646 3464634.711490588))"
yes,,,,,,10.5,default,572.8,"POLYGON ((358495.60485181946 3464578.4045546693, 358548.31350654387 3464596.862778984, 358551.7337500466 3464587.1933335406, 358499.0250547356 3464568.7350907433, 358495.60485181946 3464578.4045546693))"
yes,,,,,,10.5,default,505.9,"POLYGON ((357992.7673814167 3464046.7349455305, 358050.7655933593 3464066.083800793, 358053.41068340815 3464058.2429084782, 357995.4124346876 3464038.8940374036, 357992.7673814167 3464046.7349455305))"
yes,,,,,,10.5,default,660.9,"POLYGON ((358526.31812553364 3463784.498446768, 358550.7135283405 3463792.684223028, 358558.9631657881 3463768.370604495, 358534.5675656661 3463760.173722758, 358526.31812553364 3463784.498446768))"
apartments,,,,,,10.5,default,586.4,"POLYGON ((357746.3698271973 3464352.7760118553, 357787.6628123077 3464365.974955857, 357791.8196279864 3464353.1022463664, 357750.5265993326 3464339.903284582, 357746.3698271973 3464352.7760118553))"
yes,,,,,,10.5,default,2003.1,"POLYGON ((359943.60288583033 3464484.7255475563, 360030.43997369637 3464516.4054501685, 360037.9362675207 3464496.072200817, 359951.08952361014 3464464.3923588716, 359943.60288583033 3464484.7255475563))"
yes,,,,,,10.5,default,860.8,"POLYGON ((358704.441976398 3463780.85682073, 358720.5881205136 3463781.6039775116, 358723.1087024339 3463728.4090191573, 358706.9624771417 3463727.6618555826, 358704.441976398 3463780.85682073))"
yes,,,,,,10.5,default,736.0,"POLYGON ((357925.5061273998 3464383.7975903745, 357988.08722299547 3464404.979806555, 357991.68553148356 3464394.43189041, 357929.1140504008 3464373.260606946, 357925.5061273998 3464383.7975903745))"
yes,,,,,,10.5,default,376.8,"POLYGON ((357869.710319027 3464208.5944635463, 357904.54292271024 3464220.6064183637, 357907.9057723187 3464210.9486091533, 357873.0826594498 3464198.9365133764, 357869.710319027 3464208.5944635463))"
yes,,,,,,10.5,default,1113.1,"POLYGON ((359137.9647008141 3464655.8595109144, 359208.17412562633 3464655.659812548, 359208.1326994776 3464639.8063146137, 359137.9231686011 3464640.006009408, 359137.9647008141 3464655.8595109144))"
yes,,,,,,10.5,default,169.8,"POLYGON ((358222.1046771261 3464511.707117652, 358237.8234670943 3464517.5370083726, 358241.3792507135 3464508.0540940566, 358225.65093167307 3464502.224326257, 358222.1046771261 3464511.707117652))"
apartments,,,,,,10.5,default,674.3,"POLYGON ((358321.46791639115 3464389.2082831454, 358361.1586734331 3464401.5552197886, 358366.02351624373 3464386.078903705, 358326.33270850306 3464373.731947002, 358321.46791639115 3464389.2082831454))"
yes,,,,,,10.5,default,418.6,"POLYGON ((357720.3725090488 3464174.4754665922, 357749.8884514195 3464184.707520834, 357754.3244786145 3464172.063839006, 357724.7989886672 3464161.8319003847, 357720.3725090488 3464174.4754665922))"
yes,,,,,,10.5,default,488.8,"POLYGON ((357920.35639701923 3464192.6087171715, 357975.7751862536 3464211.3268498736, 357978.47638383566 3464203.4186520376, 357923.0480415459 3464184.7006328087, 357920.35639701923 3464192.6087171715))"
yes,,,,,,10.5,default,467.4,"POLYGON ((358592.6235279015 3464625.0134447017, 358620.5275497725 3464633.76177238, 358625.3483391927 3464618.5300877504, 358597.44413289055 3464609.770661342, 358592.6235279015 3464625.0134447017))"
apartments,,,,,,10.5,default,520.5,"POLYGON ((357738.73041637277 3464380.496874099, 357779.6568782637 3464394.7540002307, 357783.64420505066 3464383.424651675, 357742.7177061811 3464369.167508801, 357738.73041637277 3464380.496874099))"
yes,,,,,,10.5,default,322.0,"POLYGON ((357759.8677135955 3464189.12891335, 357789.19762629597 3464198.9866444124, 357792.53864007397 3464189.1295268266, 357763.2182217978 3464179.2716566445, 357759.8677135955 3464189.12891335))"
yes,,,,,,10.5,default,659.3,"POLYGON ((357857.3574446725 3464012.791292219, 357901.9411950749 3464027.0881021526, 357906.28161234397 3464013.691891716, 357861.69781306875 3463999.3950617453, 357857.3574446725 3464012.791292219))"
yes,,,,,,10.5,default,2566.3,"POLYGON ((359551.82225281594 3464613.2476064316, 359592.2674104514 3464611.7416597963, 359589.89631926967 3464548.3794736043, 359549.45091683057 3464549.885420426, 359551.82225281594 3464613.2476064316))"
yes,,,,,,10.5,default,440.4,"POLYGON ((357917.9482852139 3464023.911162113, 357953.44999155594 3464035.382076845, 357957.10588813596 3464024.1570843803, 357921.6136671505 3464012.68602734, 357917.9482852139 3464023.911162113))"
yes,,,,,,10.5,default,1286.9,"POLYGON ((358820.3520205687 3463924.965678631, 358841.54833380395 3463928.206105438, 358850.72707524244 3463868.890434721, 358829.5400160817 3463865.6387725933, 358820.3520205687 3463924.965678631))"
yes,,,,,,10.5,default,435.9,"POLYGON ((357702.0554548501 3464202.440926544, 357735.0123514016 3464213.00322151, 357738.8956676256 3464201.021147882, 357705.93873875594 3464190.458839664, 357702.0554548501 3464202.440926544))"
yes,,,,,,10.5,default,1237.3,"POLYGON ((358483.942861261 3464599.4937195154, 358494.24005540856 3464587.314567336, 358434.7589439292 3464537.5058575217, 358424.46176331665 3464549.685067959, 358483.942861261 3464599.4937195154))"
yes,,,,,,10.5,default,335.0,"POLYGON ((359023.53941370035 3464616.3866677415, 359049.36983372376 3464621.7381756487, 359051.97286789736 3464609.3082056716, 359026.1424193417 3464603.9566903873, 359023.53941370035 3464616.3866677415))"
yes,,,,,屠海鸣图书馆,10.5,default,594.1,"POLYGON ((357715.7902231059 3463968.533396734, 357756.7088750809 3463981.3936739983, 357760.8995501893 3463968.198988622, 357719.9807034865 3463955.3276087805, 357715.7902231059 3463968.533396734))"
yes,,,,,,10.5,default,483.6,"POLYGON ((358826.877360166 3464522.4101246744, 358868.45751878945 3464535.897611867, 358871.9048121848 3464525.385329103, 358830.3246178994 3464511.8978270963, 358826.877360166 3464522.4101246744))"
yes,,,,,,10.5,default,493.6,"POLYGON ((357914.34620270436 3464218.3671620935, 357966.9198075256 3464235.7711821953, 357969.74688637466 3464227.3180234437, 357917.1732455252 3464209.913988008, 357914.34620270436 3464218.3671620935))"
yes,,,,,,10.5,default,688.1,"POLYGON ((358335.7569381485 3464355.4112638906, 358377.07671040116 3464368.5456053508, 358381.92749716755 3464353.4353531194, 358340.6076736807 3464340.3009908875, 358335.7569381485 3464355.4112638906))"
yes,,,,,,10.5,default,1412.1,"POLYGON ((359840.38105736417 3464803.4502824675, 359856.29679772817 3464803.47045931, 359856.4632326172 3464714.7523114933, 359840.5472096577 3464714.721044804, 359840.38105736417 3464803.4502824675))"
yes,,,,,,10.5,default,251.0,"POLYGON ((357981.26862235274 3464128.389688869, 358012.71929354116 3464139.505405763, 358015.25080235396 3464132.419940433, 357983.80011348403 3464121.3042153837, 357981.26862235274 3464128.389688869))"
apartments,,,,,,10.5,default,508.3,"POLYGON ((357686.7654143772 3464363.728790493, 357718.21029405517 3464375.1430324195, 357723.44275483966 3464360.8698508414, 357691.99799024104 3464349.4666768927, 357686.7654143772 3464363.728790493))"
yes,,,,,,10.5,default,1632.9,"POLYGON ((358301.31447481294 3464379.2584332335, 358345.2536149026 3464298.7404030273, 358329.5847582027 3464290.282096171, 358285.6552130099 3464370.8000655677, 358301.31447481294 3464379.2584332335))"
yes,,,,,,10.5,default,730.6,"POLYGON ((358814.87535031646 3464359.130500143, 358859.06315194786 3464374.645027275, 358864.2722848037 3464359.9404217093, 358820.0844314634 3464344.4258709913, 358814.87535031646 3464359.130500143))"
apartments,,,,,,10.5,default,363.9,"POLYGON ((357794.8220902486 3464366.731600169, 357823.85132753133 3464376.216527605, 357827.5914024045 3464364.9016362373, 357798.5526207917 3464355.416826582, 357794.8220902486 3464366.731600169))"
yes,,,,,,10.5,default,274.2,"POLYGON ((357968.2730226589 3464155.0076338244, 357998.90922109486 3464165.735206781, 358001.7239128955 3464157.7700468777, 357971.09721280995 3464147.0423362423, 357968.2730226589 3464155.0076338244))"
yes,,,,,,10.5,default,319.9,"POLYGON ((357928.71442662604 3464141.9840317084, 357960.9683662321 3464153.365888245, 357964.10475190025 3464144.553764818, 357931.8507897214 3464133.171897918, 357928.71442662604 3464141.9840317084))"
yes,,,,,,10.5,default,767.3,"POLYGON ((358550.42566169455 3464617.25615771, 358588.9083540573 3464629.753233141, 358594.82431017107 3464611.7350742067, 358556.34156125586 3464599.2379752463, 358550.42566169455 3464617.25615771))"
yes,,,,,,10.5,default,424.3,"POLYGON ((357743.04175941827 3464214.036294909, 357776.9787429111 3464226.680838308, 357781.10434880736 3464215.7154852804, 357747.1673363573 3464203.070927619, 357743.04175941827 3464214.036294909))"
yes,,,,,,10.5,default,538.8,"POLYGON ((358624.1559947996 3464633.180707573, 358660.06388683745 3464644.637318828, 358664.449699103 3464631.0301847663, 358628.55128433683 3464619.5734289456, 358624.1559947996 3464633.180707573))"
yes,,,,,,10.5,default,644.6,"POLYGON ((357937.54762545356 3464354.9418598777, 357999.1648016933 3464375.22808229, 358002.30240676727 3464365.80617463, 357940.68503329647 3464345.5088474774, 357937.54762545356 3464354.9418598777))"
yes,,,,,,10.5,default,300.6,"POLYGON ((357920.5349092984 3464165.720782627, 357952.26119601046 3464177.508879891, 357955.38528341346 3464169.1958257332, 357923.65897616534 3464157.4077183707, 357920.5349092984 3464165.720782627))"
yes,,,,,,10.5,default,320.7,"POLYGON ((359772.6740813222 3464703.077944146, 359795.5655060675 3464702.960445408, 359795.49260024936 3464688.95889117, 359772.60099678126 3464689.065304222, 359772.6740813222 3464703.077944146))"
yes,,,,,,10.5,default,298.9,"POLYGON ((357896.0488099336 3464266.088699338, 357933.4155310647 3464278.9644494606, 357935.9081265355 3464271.824052032, 357898.53186637454 3464258.948421249, 357896.0488099336 3464266.088699338))"
yes,,,,,,10.5,default,467.8,"POLYGON ((357901.3311988744 3464245.6395922555, 357951.6006426943 3464261.6112783975, 357954.3039712135 3464253.159789627, 357904.0441603442 3464237.1990452716, 357901.3311988744 3464245.6395922555))"
yes,,,,,,10.5,default,544.4,"POLYGON ((357810.7998337004 3464181.6090858933, 357862.0499854732 3464200.372037906, 357865.5121863311 3464191.023298666, 357814.2618468204 3464172.2492437637, 357810.7998337004 3464181.6090858933))"
yes,,,,,,10.5,default,688.6,"POLYGON ((359124.13233585714 3464803.199777914, 359167.7177513959 3464803.0912624416, 359167.67699466774 3464787.2931830166, 359124.0915135151 3464787.401696273, 359124.13233585714 3464803.199777914))"
yes,,,,,,10.5,default,718.2,"POLYGON ((358990.4515222347 3464632.6965227495, 359043.60245970037 3464641.660966381, 359045.84380826127 3464628.5263011376, 358992.692807488 3464619.561843971, 358990.4515222347 3464632.6965227495))"
yes,,,,,新闻学院教学楼,10.5,default,658.6,"POLYGON ((357763.49490693596 3463984.7940318347, 357778.8726141553 3463989.9626980284, 357774.25206616893 3464003.7508038897, 357771.82793176104 3464011.0233530155, 357781.74352849834 3464014.2482598624, 357794.12230235507 3463977.959644886, 357768.19861023664 3463970.117848903, 357763.49490693596 3463984.7940318347))"
yes,,,,,,10.5,default,465.7,"POLYGON ((357846.0049975934 3464094.6327242698, 357880.9684578364 3464105.7337277634, 357884.8506342026 3464093.6519544777, 357849.8869891309 3464082.5398521335, 357846.0049975934 3464094.6327242698))"
yes,,,,,,10.5,default,568.0,"POLYGON ((357797.1354896016 3464004.3165151216, 357840.23241828487 3464019.1764727035, 357844.3281858784 3464007.40222221, 357801.23136680014 3463992.553331275, 357797.1354896016 3464004.3165151216))"
yes,,,,,,10.5,default,476.0,"POLYGON ((357806.95845336164 3463976.821138911, 357848.28780961584 3463990.4966243985, 357851.7553003332 3463980.1278280346, 357810.42590933957 3463966.452327759, 357806.95845336164 3463976.821138911))"
yes,,,,,,10.5,default,2905.8,"POLYGON ((358629.1588884476 3463834.53290653, 358693.1032029274 3463840.190649234, 358697.132180234 3463795.101958604, 358633.1782273832 3463789.45539477, 358629.1588884476 3463834.53290653))"
yes,,,,,,10.5,default,1080.8,"POLYGON ((358383.05128257436 3464371.1036137445, 358450.0428123692 3464394.701360895, 358455.7582474111 3464380.8766351393, 358388.5399616747 3464356.705395858, 358383.05128257436 3464371.1036137445))"
apartments,,,,,,10.5,default,508.0,"POLYGON ((357697.4171163412 3464333.516839173, 357729.45717121125 3464344.5904409233, 357734.3962719746 3464330.4432000844, 357702.3656984918 3464319.3694529957, 357697.4171163412 3464333.516839173))"
yes,,,,,,10.5,default,465.3,"POLYGON ((358885.6974367512 3464344.873570909, 358928.8054559646 3464357.9638249236, 358931.83308350807 3464348.0891587297, 358888.7250289295 3464334.998891119, 358885.6974367512 3464344.873570909))"
yes,,,,,,10.5,default,559.1,"POLYGON ((358805.6961557751 3464388.6450496675, 358851.3428115243 3464402.931448727, 358854.8672977237 3464391.7861795938, 358809.22060004505 3464377.4997638366, 358805.6961557751 3464388.6450496675))"
yes,,,,,,10.5,default,170.8,"POLYGON ((357907.0190310298 3464079.3934272723, 357936.1517616508 3464089.4427215983, 357937.9752733769 3464084.2072323076, 357908.84253055084 3464074.157932526, 357907.0190310298 3464079.3934272723))"
yes,,,,,,10.5,default,443.2,"POLYGON ((357893.9669929774 3464309.1780830356, 357934.409799273 3464322.8658507555, 357937.76086808287 3464313.0419067186, 357897.3275474324 3464299.3539961386, 357893.9669929774 3464309.1780830356))"
yes,,,,,,10.5,default,438.1,"POLYGON ((357838.3973772186 3464096.6316406447, 357851.198246218 3464057.7652340955, 357841.02438025863 3464054.4439824005, 357828.21402562165 3464093.310531374, 357838.3973772186 3464096.6316406447))"
yes,,,,,,10.5,default,322.1,"POLYGON ((357940.10611352616 3464117.1394654852, 357973.58595897345 3464128.360637299, 357976.5057049274 3464119.7177533554, 357943.035353919 3464108.4964426085, 357940.10611352616 3464117.1394654852))"
yes,,,,,,10.5,default,123.0,"POLYGON ((358973.16274031077 3464696.966071984, 358981.98539829114 3464697.5681077223, 358982.9507259694 3464683.6966767763, 358974.118539216 3464683.0947677623, 358973.16274031077 3464696.966071984))"
yes,,,,,,10.5,default,2407.7,"POLYGON ((359015.1212177665 3464463.136655401, 359098.4843256578 3464491.0529275076, 359107.25531894714 3464465.1140825166, 359023.9014048068 3464437.1865224643, 359015.1212177665 3464463.136655401))"
apartments,,,,,,10.5,default,407.9,"POLYGON ((357833.6000474333 3464412.8150547794, 357859.4881827763 3464422.3315513027, 357864.64070295787 3464408.4697428616, 357838.7525395524 3464398.9532327326, 357833.6000474333 3464412.8150547794))"
yes,,,,,,10.5,default,769.9,"POLYGON ((357849.50675213453 3464039.716644561, 357895.71384491725 3464054.3905564784, 357900.5639740562 3464039.2689835806, 357854.36634183285 3464024.5949194916, 357849.50675213453 3464039.716644561))"
yes,,,,,,10.5,default,374.6,"POLYGON ((357836.24159775174 3464245.2574380278, 357889.1359095337 3464263.144543515, 357891.30602068035 3464256.7956661023, 357838.41168185475 3464238.9085488017, 357836.24159775174 3464245.2574380278))"
yes,,,,,,10.5,default,285.1,"POLYGON ((357957.67772104073 3464178.9100962747, 357988.8468572261 3464189.6304224795, 357991.68723668 3464181.4542618813, 357960.5182301423 3464170.7450113585, 357957.67772104073 3464178.9100962747))"
yes,,,,,,10.5,default,630.2,"POLYGON ((357851.6936895495 3463848.3840928082, 357885.8808294316 3463859.0411067046, 357891.1655524543 3463842.261717622, 357856.97821511445 3463831.5936001837, 357851.6936895495 3463848.3840928082))"
yes,,,,,,10.5,default,236.5,"POLYGON ((359770.42105840426 3464677.664033843, 359794.079103202 3464677.924322107, 359794.19292069005 3464667.9225788377, 359770.535001557 3464667.673374249, 359770.42105840426 3464677.664033843))"
yes,,,,,,10.5,default,386.2,"POLYGON ((359236.5206254123 3464609.4689665264, 359271.4653867324 3464620.142316409, 359274.58543963125 3464610.0447826986, 359239.6406490408 3464599.371421473, 359236.5206254123 3464609.4689665264))"
yes,,,,,,10.5,default,1225.5,"POLYGON ((359220.64275928703 3464744.940387841, 359291.05231539515 3464744.8050487554, 359291.01874209463 3464727.399304607, 359220.6090692148 3464727.534639681, 359220.64275928703 3464744.940387841))"
yes,,,,,,10.5,default,733.2,"POLYGON ((358559.23712044454 3464586.659782504, 358598.70568090887 3464598.8442633087, 358603.9888360516 3464581.8989724307, 358564.5297376388 3464569.714341633, 358559.23712044454 3464586.659782504))"
apartments,,,,,,10.5,default,492.4,"POLYGON ((357658.7986741517 3464319.6056562793, 357688.945155981 3464330.028532306, 357694.0306297923 3464315.446898781, 357663.8937808396 3464305.034962674, 357658.7986741517 3464319.6056562793))"
yes,,,,,,10.5,default,413.3,"POLYGON ((357876.27379334334 3464144.9781130287, 357913.0794151495 3464157.861411708, 357916.60911318363 3464147.8687438024, 357879.8129798842 3464134.9853028827, 357876.27379334334 3464144.9781130287))"
yes,,,,,新闻学院综合楼,10.5,default,623.9,"POLYGON ((357789.37922833354 3464029.0676238453, 357836.85303698096 3464044.478018503, 357840.74756187166 3464032.6067107357, 357793.2640391404 3464017.1853411733, 357789.37922833354 3464029.0676238453))"
yes,,,,,,10.5,default,456.4,"POLYGON ((357883.8736962249 3464121.326782453, 357921.62486368744 3464133.7316612625, 357925.23744954704 3464122.8287566183, 357887.4862486317 3464110.423863724, 357883.8736962249 3464121.326782453))"
yes,,,,,,10.5,default,331.1,"POLYGON ((357799.9454245021 3464206.734789127, 357835.88788867276 3464219.1527776397, 357838.75609405874 3464210.9318446615, 357802.8231239937 3464198.5137165696, 357799.9454245021 3464206.734789127))"
yes,,,,,,10.5,default,436.8,"POLYGON ((357873.69098040194 3464360.4964332134, 357915.1882132045 3464374.7352629118, 357918.44977318833 3464365.3338213735, 357876.9523589604 3464351.0838929852, 357873.69098040194 3464360.4964332134))"
yes,,,,,,10.5,default,1207.0,"POLYGON ((359371.8292690504 3464632.577262447, 359441.4341249588 3464632.7198381815, 359441.4683247252 3464615.379721148, 359371.8633538706 3464615.2371410285, 359371.8292690504 3464632.577262447))"
yes,,,,,,10.5,default,631.9,"POLYGON ((358349.0227380325 3464324.787820446, 358387.36991985596 3464337.019964135, 358392.18491240934 3464322.076503774, 358353.84720123315 3464309.8442124645, 358349.0227380325 3464324.787820446))"
yes,,,,,,10.5,default,528.1,"POLYGON ((357841.0017235798 3464223.507128072, 357893.32351080957 3464241.98961757, 357896.52448171424 3464233.03246531, 357844.2025071143 3464214.538873875, 357841.0017235798 3464223.507128072))"
yes,,,,,,10.5,default,683.5,"POLYGON ((358503.54255383974 3464558.5519230203, 358554.11985347304 3464574.954612081, 358558.12451651203 3464562.738416549, 358507.5376490655 3464546.335834911, 358503.54255383974 3464558.5519230203))"
yes,,,,,,10.5,default,512.7,"POLYGON ((357903.0211857747 3464066.0657873093, 357943.1807100101 3464079.8572479202, 357947.138747456 3464068.450770417, 357906.97918651765 3464054.659293474, 357903.0211857747 3464066.0657873093))"
yes,,,,,,10.5,default,683.7,"POLYGON ((359174.51181675144 3464804.330461635, 359217.72158996575 3464804.604146065, 359217.82336819614 3464788.781983731, 359174.6135299022 3464788.508296526, 359174.51181675144 3464804.330461635))"
yes,,,,,,10.5,default,720.7,"POLYGON ((358354.36474063573 3464505.4082364934, 358411.1488064865 3464525.3185806246, 358415.14671028894 3464514.022618935, 358358.3627430325 3464494.1233363026, 358354.36474063573 3464505.4082364934))"
yes,,,,,,10.5,default,2221.9,"POLYGON ((359318.94070660765 3464487.695260041, 359440.0443225789 3464484.9411636884, 359439.60537495615 3464465.678297491, 359323.8536055087 3464469.314083241, 359318.94070660765 3464487.695260041))"
yes,,,,,,10.5,default,632.8,"POLYGON ((358023.31354376173 3464364.5461822306, 358066.02726754005 3464377.2502424144, 358070.11756108084 3464363.6579172807, 358027.40363884147 3464350.942754069, 358023.31354376173 3464364.5461822306))"
yes,,,,,,10.5,default,1669.1,"POLYGON ((358763.77600687026 3463830.1480544065, 358801.41498601093 3463834.2314442103, 358806.22302832396 3463790.407313578, 358768.58389592107 3463786.3239011336, 358763.77600687026 3463830.1480544065))"
yes,,,,,,10.5,default,442.2,"POLYGON ((357780.4933529042 3463770.2887762547, 357816.3293568414 3463781.765829971, 357819.9477431616 3463770.5856465073, 357784.1117064317 3463759.1085793637, 357780.4933529042 3463770.2887762547))"
yes,,,,,,10.5,default,462.8,"POLYGON ((358273.891102071 3464401.93548345, 358306.4107097788 3464412.638463158, 358310.67342077754 3464399.808906087, 358278.1537791727 3464389.10591207, 358273.891102071 3464401.93548345))"
yes,,,,,,17.5,levels_x3.5,1788.1,"POLYGON ((358767.36564512225 3464304.757397887, 358874.3762466538 3464339.715289338, 358879.35178046214 3464324.625799415, 358772.34119664057 3464289.678937732, 358767.36564512225 3464304.757397887))"
yes,,,,,,10.5,default,665.1,"POLYGON ((357892.62580251065 3464093.480126971, 357933.7939160726 3464107.945269908, 357938.89222063584 3464093.574257819, 357897.7146923011 3464079.120307045, 357892.62580251065 3464093.480126971))"
yes,,,,,,10.5,default,829.6,"POLYGON ((357948.20286095235 3464327.0472958605, 358008.3933013083 3464348.8163550044, 358012.8455204931 3464336.6493050996, 357952.64535480813 3464314.869262655, 357948.20286095235 3464327.0472958605))"
yes,,,,,,10.5,default,2166.6,"POLYGON ((359656.3551102894 3464612.170158352, 359692.01347918157 3464611.4714462124, 359690.8205067066 3464550.7432376724, 359655.1524138034 3464551.442073674, 359656.3551102894 3464612.170158352))"
yes,,,,,,10.5,default,274.1,"POLYGON ((357960.26985406474 3464037.773199731, 357987.62989745504 3464046.2612231676, 357990.49549159256 3464037.131259357, 357963.13542757765 3464028.6432277723, 357960.26985406474 3464037.773199731))"
yes,,,,,,10.5,default,337.8,"POLYGON ((357928.38513245794 3464056.498102339, 357950.0656764101 3464063.854467213, 357954.8556406732 3464049.908938961, 357933.1654044469 3464042.541607495, 357928.38513245794 3464056.498102339))"
yes,,,,,,10.5,default,1045.5,"POLYGON ((358779.33214712783 3463903.776517425, 358784.71786149475 3463842.760113582, 358767.71457092627 3463841.2704996467, 358762.32895360637 3463902.2869156557, 358779.33214712783 3463903.776517425))"
yes,,,,,,10.5,default,1123.2,"POLYGON ((358695.53267178015 3463845.989572282, 358716.29708444304 3463847.5392969176, 358720.3517755696 3463793.7471645437, 358699.5872580458 3463792.197428152, 358695.53267178015 3463845.989572282))"
yes,,,,,,10.5,default,794.5,"POLYGON ((357915.1714616423 3464407.940500621, 357977.57553094206 3464430.8213285063, 357981.7264999604 3464419.611804279, 357919.32237588544 3464396.730949962, 357915.1714616423 3464407.940500621))"
yes,,,,,,10.5,default,607.1,"POLYGON ((358001.95336826425 3464414.5706906486, 358048.1845071401 3464426.938806426, 358051.4934285826 3464414.6985469363, 358005.2620913336 3464402.3193301833, 358001.95336826425 3464414.5706906486))"
yes,,,,,,10.5,default,617.6,"POLYGON ((358494.97247569275 3464616.2079436984, 358537.5239782309 3464629.7142833117, 358541.75367629674 3464616.5415804707, 358499.1926103984 3464603.035350579, 358494.97247569275 3464616.2079436984))"
yes,,,,,,10.5,default,771.7,"POLYGON ((357973.53734642465 3464103.670975252, 358025.3025370843 3464121.097338079, 358029.8527545212 3464107.720517596, 357978.0875080177 3464090.2941305153, 357973.53734642465 3464103.670975252))"
yes,,,,,,10.5,default,413.3,"POLYGON ((357878.85257938586 3464176.5295132804, 357914.9071491454 3464188.791038292, 357918.43323407986 3464178.5323355673, 357882.37848444836 3464166.2597126993, 357878.85257938586 3464176.5295132804))"
yes,,,,,,10.5,default,481.8,"POLYGON ((357837.2253031733 3464117.62377386, 357872.0075023889 3464129.403496032, 357876.2563483658 3464116.9841470327, 357841.47426456085 3464105.215494431, 357837.2253031733 3464117.62377386))"
yes,,,,,,10.5,default,288.1,"POLYGON ((358990.60954321024 3464607.6272299024, 359018.16191260505 3464613.6096363766, 359020.3600363734 3464603.635272466, 358992.80749371275 3464597.641774642, 358990.60954321024 3464607.6272299024))"
yes,,,,,,10.5,default,449.7,"POLYGON ((357885.66771619476 3464338.8146854304, 357923.1794859363 3464350.468873886, 357926.6108496254 3464339.546243042, 357889.09904606175 3464327.89204121, 357885.66771619476 3464338.8146854304))"
yes,,,,,,10.5,default,971.4,"POLYGON ((358707.4378354887 3464659.309990927, 358773.85484922794 3464661.6419038884, 358774.37211524206 3464647.0336590665, 358707.9550095672 3464644.70173952, 358707.4378354887 3464659.309990927))"
apartments,,,,,,10.5,default,468.5,"POLYGON ((357789.60498042044 3464396.8919488383, 357826.1231324633 3464409.6901106564, 357830.1664054672 3464398.271329042, 357793.6483704818 3464385.484236867, 357789.60498042044 3464396.8919488383))"
yes,,,,,,10.5,default,486.2,"POLYGON ((357871.07408605865 3463989.5116605307, 357910.63008592505 3464001.5927314316, 357914.09544295503 3463990.3592162114, 357874.5394062434 3463978.278131035, 357871.07408605865 3463989.5116605307))"
yes,,,,,,10.5,default,88.9,"POLYGON ((358961.8056451369 3464716.010604875, 358972.9060960392 3464718.943489079, 358974.9092640008 3464711.4662537426, 358963.8086569638 3464708.522282421, 358963.5005698737 3464709.6794480355, 358961.8056451369 3464716.010604875))"
yes,,,,,,10.5,default,389.5,"POLYGON ((358927.4934989371 3464712.0372706833, 358960.517239055 3464720.717628839, 358963.5005698737 3464709.6794480355, 358930.4109231385 3464701.0553991525, 358929.5681535584 3464704.2153741186, 358927.4934989371 3464712.0372706833))"
yes,,,,,,10.5,default,528.6,"POLYGON ((357683.5394991977 3464240.2985700658, 357722.3617158751 3464253.7747059176, 357725.4321474468 3464245.0299136736, 357723.2801428041 3464244.283018034, 357724.5355166751 3464240.6849509506, 357687.86541734985 3464227.9667785605, 357683.5394991977 3464240.2985700658))"
yes,,,,,,10.5,default,435.2,"POLYGON ((357945.5535087009 3464098.317920014, 357969.41692112514 3464106.598233009, 357972.6801279356 3464097.3076644107, 357955.6362273479 3464091.3962926874, 357964.16946700396 3464067.056102774, 357957.3402563045 3464064.676191609, 357945.5535087009 3464098.317920014))"
yes,,,,,,10.5,default,1225.2,"POLYGON ((357702.9705391241 3463793.9789873217, 357782.7354612439 3463820.52599666, 357786.9447772478 3463807.996285762, 357723.33177793946 3463786.8290785197, 357725.4732028208 3463780.469473324, 357709.32119081327 3463775.0896330387, 357702.9705391241 3463793.9789873217))"
yes,,,,,,10.5,default,1994.2,"POLYGON ((357788.687791142 3463825.6228692615, 357801.83770970744 3463790.720773463, 357819.72077493847 3463797.396628587, 357816.9915230855 3463804.640034768, 357859.53164937743 3463820.505464065, 357849.763349861 3463846.436789884, 357788.687791142 3463825.6228692615))"
yes,,,,,,10.5,default,268.3,"POLYGON ((357826.1542742296 3464385.997154737, 357846.7938722308 3464392.447179805, 357848.61036913336 3464386.7017691885, 357842.1669910137 3464384.6825782163, 357844.9505962563 3464375.841927383, 357830.76372362825 3464371.3998715333, 357826.1542742296 3464385.997154737))"
yes,,,,,,10.5,default,622.4,"POLYGON ((358867.412060145 3464574.937097394, 358881.1509874905 3464579.397631711, 358875.1801063006 3464597.615903761, 358885.86895409686 3464601.0753180017, 358896.7776499983 3464567.801328859, 358872.34982895304 3464559.881361237, 358867.412060145 3464574.937097394))"
yes,,,,,,10.5,default,2381.9,"POLYGON ((358624.0366802842 3463903.0294534727, 358676.1183950318 3463903.6915579154, 358676.36965356854 3463884.885017687, 358682.5584405785 3463884.9568840745, 358682.8723556296 3463860.9054610706, 358624.6014781542 3463860.1603942793, 358624.0366802842 3463903.0294534727))"
yes,,,,,,10.5,default,1123.5,"POLYGON ((357670.00877354026 3463938.2664031913, 357685.2307046078 3463943.1709669568, 357698.10683004826 3463903.560526028, 357667.7395997592 3463893.7946858075, 357658.8478616184 3463921.144529257, 357673.9932280417 3463926.0168562643, 357670.00877354026 3463938.2664031913))"
yes,,,,,,10.5,default,464.2,"POLYGON ((357776.75239296793 3464268.2705682204, 357810.11124250817 3464279.714582538, 357815.82764264615 3464263.2064487273, 357806.7131257184 3464260.0704454863, 357804.11165920156 3464267.600391893, 357787.96784109954 3464262.065139937, 357789.95565184404 3464256.317397747, 357781.8551040904 3464253.5446238574, 357776.75239296793 3464268.2705682204))"
yes,,,,,,10.5,default,791.1,"POLYGON ((358249.14202699775 3464524.601576157, 358282.02016232174 3464530.8649010425, 358283.5324092429 3464523.0171936485, 358278.1402368793 3464521.9924417157, 358282.15198839456 3464501.1615894986, 358258.9988565609 3464496.751401493, 358256.0105143868 3464512.302207788, 358251.6680973839 3464511.473935069, 358249.14202699775 3464524.601576157))"
yes,,,,,,10.5,default,325.6,"POLYGON ((357899.6114895431 3464399.1043983637, 357907.23982683464 3464401.4623529473, 357911.58252714004 3464387.545018671, 357880.4572932618 3464377.9219442923, 357878.8517231208 3464383.076889807, 357890.8391565498 3464386.7838101303, 357888.9507005664 3464392.8406178565, 357900.46013916365 3464396.398807696, 357899.6114895431 3464399.1043983637))"
yes,,,,,,10.5,default,611.4,"POLYGON ((357748.9662448112 3464280.9868922723, 357758.3160511278 3464249.517686417, 357773.9425459601 3464254.1064405628, 357762.38029080915 3464293.011621052, 357754.1418066204 3464290.59551774, 357754.8882904658 3464288.0797754065, 357753.00534621795 3464287.5177023252, 357754.4618967593 3464282.6086663636, 357748.9662448112 3464280.9868922723))"
yes,,,,,,10.5,default,1543.7,"POLYGON ((359425.8549019308 3464813.398556163, 359506.7078300351 3464811.2621227643, 359506.3476643985 3464797.8741671564, 359424.5240331589 3464800.034693266, 359424.19765203784 3464787.7549569276, 359393.0533626239 3464788.571489731, 359393.4167926907 3464802.192226316, 359422.6482451563 3464801.412413421, 359422.9621405703 3464813.4705825024, 359425.8549019308 3464813.398556163))"
yes,,,mall,,上海合生汇,21.0,levels_x3.5,24614.6,"POLYGON ((358507.1918773089 3463909.393841935, 358515.1879782772 3463908.654078029, 358523.3240484536 3463910.528912009, 358530.3213855929 3463914.7916742433, 358535.0782010936 3463920.2154973634, 358537.0389721639 3463925.8433182766, 358538.14372284844 3463931.527026846, 358538.19019784883 3463934.9743871973, 358542.11487059266 3463937.2829610547, 358532.8294592603 3463963.8390135006, 358554.66747444595 3463970.8951478032, 358555.50461765006 3463968.733028991, 358577.04667843756 3463978.5538045783, 358577.8896519573 3463976.8239933, 358590.31593091355 3463984.8274737564, 358609.0144866697 3463992.7464481113, 358625.8091480825 3464003.4960590936, 358628.1626342909 3464001.5352519476, 358641.4521340028 3464009.3165109423, 358646.27468930837 3464013.9745073877, 358658.0408291238 3464004.7802902823, 358662.21631191444 3464009.458096786, 358672.4298212217 3464013.622193354, 358680.9322313998 3464018.6741125844, 358687.927114081 3464024.1787247923, 358693.2012326664 3464030.5601958977, 358696.7633964486 3464038.472524096, 358697.5380913436 3464047.930191379, 358697.0038795959 3464056.3300689505, 358692.95961165044 3464060.6861991817, 358686.6960166696 3464061.41358667, 358681.6842626622 3464058.254835315, 358674.1958147582 3464064.165161519, 358674.6733862988 3464067.8173630764, 358674.50374539715 3464071.4782819413, 358679.70387231174 3464079.435063798, 358680.42423956876 3464082.0307523557, 358680.12246800645 3464084.3630383727, 358678.37070459395 3464086.47094489, 358651.26965093915 3464103.510499933, 358648.88840947323 3464103.4095375207, 358646.47364714555 3464102.2336103856, 358644.318623061 3464099.845726462, 358627.68273065396 3464074.7254969245, 358620.86454416055 3464069.6176675158, 358614.31329843577 3464064.5395056102, 358609.2630269448 3464059.230472852, 358604.3236932368 3464061.447866311, 358600.7722624278 3464055.043222635, 358590.66602129536 3464058.838054034, 358592.464894778 3464063.7585120196, 358579.99568441766 3464069.5142986076, 358573.94902281143 3464069.3851485, 358553.74504958483 3464062.77260078, 358531.3813481167 3464055.5461761043, 358511.3912476017 3464047.855406327, 358490.4878007581 3464037.3831226537, 358492.99334395956 3464030.4644427556, 358466.50315123773 3464022.2072975547, 358464.2108521296 3464028.701810402, 358448.8011991513 3464023.9538889043, 358438.88118838635 3464026.0279040146, 358431.1519112415 3464014.08085268, 358437.76830806176 3464007.7497291453, 358432.222911688 3463997.502751545, 358429.5673408236 3463992.593875657, 358433.45961007336 3463981.210671875, 358410.97709011997 3463973.6645779824, 358408.6935210059 3463971.633250427, 358406.946639347 3463969.1622967515, 358406.33646863134 3463965.5673262337, 358418.1370528876 3463932.1255782014, 358420.3979780034 3463929.655980561, 358423.5679505327 3463928.238449295, 358426.9877413483 3463928.402958099, 358457.4356349349 3463939.2785432804, 358460.03199879033 3463941.9154348187, 358461.1353891052 3463944.6722461525, 358461.1898141519 3463948.7070995346, 358475.4265205384 3463954.0030292147, 358481.3364609915 3463935.519270015, 358486.9679592626 3463920.3874774566, 358492.56601791305 3463922.540424853, 358496.0613632734 3463916.3068671944, 358500.7415719726 3463912.5185975875, 358507.1918773089 3463909.393841935))"
commercial,,,,,,180.0,measured,2168.0,"POLYGON ((358433.45961007336 3463981.210671875, 358410.97709011997 3463973.6645779824, 358408.6935210059 3463971.633250427, 358406.946639347 3463969.1622967515, 358406.33646863134 3463965.5673262337, 358418.1370528876 3463932.1255782014, 358420.3979780034 3463929.655980561, 358423.5679505327 3463928.238449295, 358426.9877413483 3463928.402958099, 358457.4356349349 3463939.2785432804, 358460.03199879033 3463941.9154348187, 358461.1353891052 3463944.6722461525, 358461.1898141519 3463948.7070995346, 358460.43820466904 3463952.9745609495, 358450.9949463953 3463979.8099960526, 358448.65000961453 3463982.4026753763, 358445.37759691983 3463983.9878834975, 358441.31344792043 3463984.042711329, 358433.45961007336 3463981.210671875))"
commercial,,,,hotel,上海五角场凯悦酒店 Hyatt Regency,105.0,measured,1613.2,"POLYGON ((358648.88840947323 3464103.4095375207, 358651.26965093915 3464103.510499933, 358678.37070459395 3464086.47094489, 358680.12246800645 3464084.3630383727, 358680.42423956876 3464082.0307523557, 358679.70387231174 3464079.435063798, 358674.50374539715 3464071.4782819413, 358662.9244127607 3464054.959748088, 358659.396314031 3464053.1114345584, 358655.8884107129 3464053.469117408, 358628.25187351136 3464069.6290002116, 358627.2377693797 3464072.081753559, 358627.68273065396 3464074.7254969245, 358644.318623061 3464099.845726462, 358646.47364714555 3464102.2336103856, 358648.88840947323 3464103.4095375207))"
yes,,,,,,10.5,default,752.0,"POLYGON ((359481.4816657621 3464863.7520364956, 359492.3970148654 3464863.5503878295, 359492.6988678629 3464878.979086239, 359513.45395654696 3464878.579140776, 359513.32844720024 3464872.050732618, 359521.0176476566 3464871.903407953, 359521.4289150586 3464893.3729124693, 359514.24398569117 3464893.5023972173, 359514.1177341432 3464886.918565187, 359490.6883684276 3464887.3543320517, 359490.92188118293 3464899.8127000723, 359483.4325585258 3464899.9573702803, 359483.2395882086 3464889.8155876463, 359477.94840145303 3464889.908642305, 359475.0265823233 3464886.388940549, 359475.9203745879 3464882.0531379003, 359478.06904396927 3464879.7293981784, 359481.75887174526 3464878.0502180387, 359481.4816657621 3464863.7520364956))"
yes,,,,,上海体育学院综合馆,10.5,default,4527.7,"POLYGON ((359496.14905426005 3465120.202543077, 359560.9968308745 3465120.043614046, 359561.17154275964 3465191.3844515127, 359503.0440950433 3465191.530985067, 359503.00913905376 3465176.841517163, 359496.28939013474 3465176.8650119575, 359496.14905426005 3465120.202543077))"
yes,,,,,创智天地企业天地,10.5,default,1863.7,"POLYGON ((357925.63867951557 3464733.085969505, 357958.2073541827 3464711.602144833, 357970.6288488379 3464688.3401213, 357963.1896393768 3464685.170232445, 357966.37615305977 3464677.9650046728, 357958.33338094 3464675.213502984, 357949.92654703185 3464691.2701800866, 357937.93899872486 3464686.1219242783, 357944.717098224 3464670.6970671937, 357941.61412699486 3464669.3088866994, 357932.58505355346 3464669.641809075, 357916.80204799236 3464701.9408193454, 357923.82250139624 3464705.116346961, 357926.33731744776 3464708.763111785, 357925.1676881424 3464713.0695517403, 357911.48318960017 3464718.975695618, 357916.7374577292 3464728.0955029475, 357921.6708760987 3464726.177185232, 357925.63867951557 3464733.085969505))"
yes,,,,,创智天地三期 12 号楼,10.5,default,1479.1,"POLYGON ((357950.9008095121 3464628.94907349, 357988.18218887434 3464646.870613736, 358004.38135025674 3464615.0539154722, 357968.2273567696 3464596.7400990254, 357950.9008095121 3464628.94907349))"
yes,,,,,创智天地三期 11 号楼,10.5,default,1564.9,"POLYGON ((357985.8603948642 3464566.0680781985, 358020.422635893 3464582.8180863857, 358038.33741071017 3464546.2219931125, 358003.7750844872 3464529.471923413, 357985.8603948642 3464566.0680781985))"
yes,,,,,,10.5,default,1290.4,"POLYGON ((357761.6833686762 3464695.173464576, 357819.9153105853 3464694.0625436003, 357819.75560925313 3464682.2794132642, 357817.48884566664 3464680.081683987, 357817.3766176399 3464671.801346956, 357761.0531725504 3464672.5648804614, 357761.6833686762 3464695.173464576))"
yes,,,,,,10.5,default,2735.5,"POLYGON ((357705.17877493834 3464742.9257521876, 357739.87986742513 3464742.543798612, 357739.5549901553 3464712.270072289, 357746.71228231397 3464712.19518725, 357746.2808495236 3464671.9558490464, 357704.41268674505 3464672.412809961, 357705.17877493834 3464742.9257521876))"
apartments,,,,,公寓楼,84.0,levels_x3.5,1321.3,"POLYGON ((359077.4390470864 3464232.493172601, 359157.651180938 3464259.5764575074, 359152.3528021374 3464274.0492688315, 359072.20441787294 3464247.4529894236, 359077.4390470864 3464232.493172601))"
residential,,,,,公寓楼,21.0,levels_x3.5,348.0,"POLYGON ((359244.4529452 3464244.28709159, 359276.38239198166 3464255.045311647, 359273.3251166616 3464264.8648236673, 359241.2625972334 3464254.1194861066, 359244.4529452 3464244.28709159))"
residential,,,,,公寓楼,21.0,levels_x3.5,321.3,"POLYGON ((359328.8276475095 3464243.9204853945, 359358.31901110534 3464253.181669601, 359355.13019596715 3464263.1359580522, 359325.64659068885 3464253.741639032, 359328.8276475095 3464243.9204853945))"
apartments,,,,,公寓楼,63.0,levels_x3.5,671.4,"POLYGON ((359058.34119424544 3464167.858943553, 359011.390036982 3464151.4715718967, 359007.09855538904 3464164.356612509, 359054.42873459717 3464180.6169169596, 359058.34119424544 3464167.858943553))"
residential,,,,,公寓楼,14.0,levels_x3.5,460.1,"POLYGON ((359186.6885808178 3464254.1533210548, 359229.1332694605 3464268.1849950715, 359226.0666733574 3464278.015735227, 359183.6218701331 3464263.9729899648, 359186.6885808178 3464254.1533210548))"
residential,,,,,公寓楼,21.0,levels_x3.5,348.0,"POLYGON ((359283.44209024025 3464257.6114433743, 359315.371451503 3464268.369779326, 359312.3141449524 3464278.1892789896, 359280.2517111901 3464267.4438250423, 359283.44209024025 3464257.6114433743))"
residential,,,,,公寓楼,21.0,levels_x3.5,513.4,"POLYGON ((359115.9528396849 3464189.835218203, 359065.9550309142 3464174.1093786354, 359068.76974839426 3464164.67000675, 359118.76923353854 3464180.517793245, 359115.9528396849 3464189.835218203))"
residential,,,,,公寓楼,21.0,levels_x3.5,348.0,"POLYGON ((359291.64998901717 3464232.223596032, 359323.5792675577 3464242.9708743254, 359320.52209317626 3464252.80145545, 359288.4594445224 3464242.044889554, 359291.64998901717 3464232.223596032))"
residential,,,,,公寓楼,14.0,levels_x3.5,321.4,"POLYGON ((359315.7618655126 3464283.287295393, 359345.2531340875 3464292.5484398007, 359342.0643454641 3464302.502733649, 359312.5713173772 3464293.108582027, 359315.7618655126 3464283.287295393))"
residential,,,,,公寓楼,3.5,levels_x3.5,272.6,"POLYGON ((359240.16122750664 3464257.8815811058, 359272.1000078262 3464268.6285745627, 359269.6419109127 3464276.2781368187, 359237.7144526995 3464265.6640407657, 359240.16122750664 3464257.8815811058))"
residential,,,,,公寓楼,21.0,levels_x3.5,480.2,"POLYGON ((359151.521360968 3464128.4360127957, 359196.13173818664 3464142.072644176, 359193.062450542 3464151.703866585, 359148.40021043585 3464138.455982203, 359151.521360968 3464128.4360127957))"
residential,,,,,公寓楼,21.0,levels_x3.5,348.0,"POLYGON ((359253.5536406231 3464218.7541927216, 359285.48315268714 3464229.5124425604, 359282.4258600368 3464239.331951004, 359250.363274995 3464228.586583533, 359253.5536406231 3464218.7541927216))"
residential,,,,,公寓楼,21.0,levels_x3.5,348.0,"POLYGON ((359227.22846699756 3464312.102972284, 359259.1672497927 3464322.8610064387, 359256.1004965281 3464332.6806533756, 359224.04767712124 3464321.9352465887, 359227.22846699756 3464312.102972284))"
residential,,,,,公寓楼,3.5,levels_x3.5,355.5,"POLYGON ((359191.55456753727 3464241.5045594694, 359233.49664843304 3464255.676039313, 359231.0482419197 3464263.336568433, 359189.3648001034 3464249.283582621, 359191.55456753727 3464241.5045594694))"
residential,,,,,公寓楼,21.0,levels_x3.5,564.0,"POLYGON ((359124.16015099396 3464182.862320769, 359176.22956313094 3464200.456459816, 359173.1723608875 3464210.2760030893, 359120.96810551255 3464192.561737425, 359124.16015099396 3464182.862320769))"
residential,,,,,公寓楼,3.5,levels_x3.5,272.7,"POLYGON ((359266.53120562877 3464310.5002880646, 359298.46028072824 3464321.247483409, 359296.01184589916 3464328.907996908, 359264.0844263228 3464318.2827418814, 359266.53120562877 3464310.5002880646))"
residential,,,,,公寓楼,7.0,levels_x3.5,542.7,"POLYGON ((359021.641340961 3464096.831353165, 359073.71136775723 3464114.425003241, 359070.51591893146 3464123.8694860074, 359018.8266431553 3464106.2707376783, 359021.641340961 3464096.831353165))"
residential,,,,,公寓楼,3.5,levels_x3.5,401.8,"POLYGON ((359079.97718228505 3464185.4512598533, 359119.47731260833 3464198.5131647927, 359116.2784303642 3464207.7026849114, 359077.0353072414 3464194.637341421, 359079.97718228505 3464185.4512598533))"
residential,,,,,公寓楼,21.0,levels_x3.5,559.9,"POLYGON ((359017.66564627725 3464114.800963034, 359069.7355935201 3464132.3945908286, 359066.5452169756 3464142.2159568793, 359014.6533188895 3464124.4093060833, 359017.66564627725 3464114.800963034))"
apartments,,,,,公寓楼,91.0,levels_x3.5,1175.3,"POLYGON ((359060.11111798504 3464242.925736775, 359065.03270375007 3464228.7572776107, 358991.67434705456 3464203.8220893326, 358987.40080897446 3464218.7468631277, 359060.11111798504 3464242.925736775))"
residential,,,,,公寓楼,21.0,levels_x3.5,460.3,"POLYGON ((359205.2722137943 3464202.505778682, 359247.71722696285 3464216.5486182687, 359244.6601132492 3464226.3792234273, 359202.20561659883 3464212.336525028, 359205.2722137943 3464202.505778682))"
residential,,,,,公寓楼,3.5,levels_x3.5,272.8,"POLYGON ((359227.02827756683 3464297.182900354, 359258.96695631935 3464307.929850582, 359256.50902854174 3464315.5905017606, 359224.58152335323 3464304.9653641856, 359227.02827756683 3464297.182900354))"
residential,,,,,公寓楼,14.0,levels_x3.5,321.1,"POLYGON ((359302.7541874226 3464322.719870041, 359332.24536073534 3464331.980974805, 359329.0564499736 3464341.924189286, 359299.57318315096 3464332.541034406, 359302.7541874226 3464322.719870041))"
residential,,,,,公寓楼,21.0,levels_x3.5,563.9,"POLYGON ((359114.58149519505 3464211.06258212, 359166.6507889038 3464228.656669842, 359163.59196864616 3464238.354284669, 359111.3912548077 3464220.895019706, 359114.58149519505 3464211.06258212))"
residential,,,,,公寓楼,21.0,levels_x3.5,546.2,"POLYGON ((359076.91067450907 3464134.3270953735, 359128.98041304987 3464151.9210104407, 359125.53925387637 3464161.501814993, 359073.97057152644 3464143.646193728, 359076.91067450907 3464134.3270953735))"
residential,,,,,公寓楼,14.0,levels_x3.5,347.8,"POLYGON ((359234.9031848493 3464270.4025370544, 359266.8419340756 3464281.1495135087, 359263.7751590813 3464290.9691569316, 359231.7222240651 3464280.2237229953, 359234.9031848493 3464270.4025370544))"
residential,,,,,公寓楼,14.0,levels_x3.5,321.1,"POLYGON ((359309.01211198035 3464303.832839572, 359338.50333089265 3464313.0939634005, 359335.3144074272 3464323.0371752954, 359305.8310951056 3464313.6540013626, 359309.01211198035 3464303.832839572))"
residential,,,,,公寓楼,21.0,levels_x3.5,459.8,"POLYGON ((359195.90259354224 3464227.853858239, 359238.357038467 3464241.8965294734, 359235.2902759026 3464251.7161812354, 359192.8453827881 3464237.6733957753, 359195.90259354224 3464227.853858239))"
residential,,,,,公寓楼,21.0,levels_x3.5,348.0,"POLYGON ((359262.10877521755 3464323.575446299, 359294.037965258 3464334.333711853, 359290.9807014748 3464344.1532200496, 359258.9184397892 3464333.407836803, 359262.10877521755 3464323.575446299))"
residential,,,,,公寓楼,3.5,levels_x3.5,272.8,"POLYGON ((359278.88904201286 3464270.887904551, 359310.827738094 3464281.6350131826, 359308.369765705 3464289.295650342, 359276.44224259205 3464278.670354391, 359278.88904201286 3464270.887904551))"
residential,,,,,公寓楼,14.0,levels_x3.5,348.0,"POLYGON ((359272.93439164327 3464283.285142049, 359304.863688861 3464294.0434439764, 359301.8064009855 3464303.8629476787, 359269.7440316045 3464293.117527901, 359272.93439164327 3464283.285142049))"
residential,,,,,公寓楼,21.0,levels_x3.5,553.0,"POLYGON ((359133.85841951147 3464153.6404852946, 359185.92795480357 3464171.234676414, 359182.5991793345 3464180.680911057, 359130.7900850781 3464163.338236758, 359133.85841951147 3464153.6404852946))"
residential,,,,,公寓楼,21.0,levels_x3.5,321.4,"POLYGON ((359297.22959955566 3464338.7921255636, 359326.7112167147 3464348.053341163, 359323.53198313306 3464358.007515043, 359294.0392372991 3464348.6245045736, 359297.22959955566 3464338.7921255636))"
retail,,,,,综合服务楼,7.0,levels_x3.5,904.7,"POLYGON ((359221.5317023969 3464291.923927596, 359215.7639267136 3464309.019474261, 359179.0907812574 3464297.3162176297, 359180.69506568223 3464292.7269454137, 359165.81231110974 3464287.460943243, 359170.11240522726 3464275.207801309, 359221.5317023969 3464291.923927596))"
detached,,,,,功能建筑,7.0,levels_x3.5,353.8,"POLYGON ((359027.8795277438 3464189.155618269, 359003.12735565926 3464181.2396698636, 358998.83589852566 3464194.124715194, 359023.968752446 3464202.0355373146, 359027.8795277438 3464189.155618269))"
yes,,,,,,10.5,levels_x3.5,1315.5,"POLYGON ((359496.95607490756 3463758.1755645596, 359500.86584057205 3463745.1628399272, 359528.09852221946 3463756.993656049, 359535.1664778264 3463770.1144150537, 359544.08005970577 3463768.210143677, 359530.9429807821 3463741.2013516827, 359547.64657176693 3463729.547366829, 359558.4748580677 3463775.3901509983, 359554.9368629798 3463778.486349539, 359537.8634683338 3463780.998733344, 359525.2682973951 3463774.559646655, 359519.53362716537 3463765.7448658575, 359496.95607490756 3463758.1755645596))"
yes,,,,,,10.5,levels_x3.5,2409.0,"POLYGON ((359606.97756869835 3463755.4280743073, 359620.64326346805 3463760.0568887573, 359622.374859783 3463755.000356164, 359638.96686767135 3463760.6211130302, 359635.36637830804 3463771.1462174472, 359649.90218525566 3463776.0627710726, 359666.42079794704 3463727.792041612, 359651.970893973 3463722.8964870875, 359657.26659964526 3463707.4373058607, 359640.9805835108 3463701.923291283, 359635.53839066124 3463717.816822846, 359621.4711092147 3463713.060318389, 359606.97756869835 3463755.4280743073))"
yes,,,,,,7.0,levels_x3.5,3872.4,"POLYGON ((359290.09161331295 3463745.4480932304, 359311.98468343925 3463750.2322789757, 359334.9006334372 3463754.625849255, 359365.69207341556 3463756.3750602175, 359405.77437932516 3463755.9599216683, 359432.66810246126 3463752.4288353175, 359456.2417093031 3463746.9355875794, 359485.35689554794 3463737.9645662466, 359515.31251800637 3463724.924637543, 359534.6359554378 3463714.1224981323, 359561.96607730084 3463695.530147406, 359589.7815106781 3463670.5121715916, 359623.9076151008 3463634.7333557443, 359616.9270025864 3463628.8509957525, 359590.2330963067 3463656.592302193, 359568.8642538435 3463676.7567165196, 359540.1731818047 3463698.227634904, 359516.0953308522 3463711.5768340575, 359486.9079450427 3463725.1164608374, 359458.31085585087 3463734.390965369, 359424.522455406 3463742.7261998765, 359403.49454337684 3463745.6687247446, 359374.01089207124 3463746.3187828716, 359342.5134515035 3463744.457055204, 359317.7048591395 3463740.909258359, 359292.92541346035 3463735.276822923, 359290.09161331295 3463745.4480932304))"
yes,,,,,,17.5,levels_x3.5,1211.1,"POLYGON ((359745.9832477445 3463706.1181756747, 359736.5906617676 3463720.6231739298, 359795.5668637804 3463758.461136684, 359804.96900953475 3463743.956064999, 359745.9832477445 3463706.1181756747))"
yes,,,,,,17.5,levels_x3.5,686.5,"POLYGON ((359720.78163206455 3463730.8457900286, 359737.6709244102 3463771.5299874684, 359752.0808248862 3463765.605562366, 359735.2010995531 3463724.921216527, 359720.78163206455 3463730.8457900286))"
yes,,,,,,14.0,levels_x3.5,4290.3,"POLYGON ((359038.5823148981 3463752.8591219396, 359134.9915597444 3463764.358617504, 359140.2860153292 3463720.494925624, 359043.8762301617 3463708.9842829765, 359038.5823148981 3463752.8591219396))"
yes,,,,,,10.5,default,144.5,"POLYGON ((359564.6126669091 3463766.671454846, 359560.8921321869 3463780.313563079, 359570.76167054835 3463782.975334917, 359574.47269868595 3463769.33335793, 359564.6126669091 3463766.671454846))"
yes,,,,,,17.5,levels_x3.5,166.5,"POLYGON ((359705.0923328903 3463741.477039169, 359716.15089471906 3463746.9169019996, 359722.16750954033 3463734.8184794188, 359711.10893880157 3463729.3786099916, 359705.0923328903 3463741.477039169))"
yes,,,,,,14.0,levels_x3.5,2176.1,"POLYGON ((359049.7800025436 3463787.76499936, 359128.46344425203 3463797.16322361, 359131.753070072 3463769.901113773, 359053.0599117162 3463760.5029857527, 359049.7800025436 3463787.76499936))"
yes,,,,,,28.0,levels_x3.5,829.1,"POLYGON ((359922.47449902655 3463740.6019211095, 359911.76702361717 3463770.7232914865, 359912.37940368877 3463778.0877718474, 359915.0250934247 3463785.159027704, 359920.97245151806 3463790.678418725, 359943.72102650173 3463754.032577788, 359922.47449902655 3463740.6019211095))"
yes,,,,,,24.5,levels_x3.5,1147.9,"POLYGON ((359995.74154904275 3463767.9285019804, 360003.9929924384 3463755.6341393553, 359939.4758791651 3463712.713680576, 359931.21510174253 3463725.0193064585, 359995.74154904275 3463767.9285019804))"
yes,,,,,,24.5,levels_x3.5,790.0,"POLYGON ((359923.519439074 3463790.3561653215, 359968.08666938666 3463820.005857407, 359976.31959231023 3463807.756062415, 359931.75233717513 3463778.106334841, 359923.519439074 3463790.3561653215))"
yes,,,,,,24.5,levels_x3.5,816.9,"POLYGON ((359985.3891822067 3463796.1381399226, 359993.65947783005 3463783.8324287413, 359947.79555114394 3463753.3240824626, 359939.5254291368 3463765.6409150558, 359985.3891822067 3463796.1381399226))"
yes,,,,,,24.5,levels_x3.5,653.5,"POLYGON ((360009.56209225196 3463742.078423954, 360016.4135104982 3463731.875961781, 359972.13442235044 3463702.432859099, 359965.283024674 3463712.635350614, 360009.56209225196 3463742.078423954))"
apartments,,,,,,10.5,levels_x3.5,141.8,"POLYGON ((359373.8117623791 3463793.2626577066, 359370.89493728033 3463802.2154764403, 359385.2269548294 3463806.83505744, 359388.14379041607 3463797.882243029, 359373.8117623791 3463793.2626577066))"
apartments,,,,,,21.0,levels_x3.5,789.0,"POLYGON ((359715.67807785934 3463943.690175418, 359715.3873111181 3463956.831817709, 359775.3686785508 3463958.1365559376, 359775.6593720097 3463944.983833266, 359715.67807785934 3463943.690175418))"
apartments,,,,,,21.0,levels_x3.5,1031.8,"POLYGON ((359433.20930359524 3463843.288386697, 359428.7595148381 3463856.485766187, 359499.0337868008 3463879.935389743, 359503.4836505916 3463866.7380424556, 359433.20930359524 3463843.288386697))"
apartments,,,,,,21.0,levels_x3.5,595.7,"POLYGON ((359716.6063953823 3463974.6762145255, 359716.3695777664 3463985.4445794006, 359771.66562090896 3463986.634541771, 359771.90249506774 3463975.866180175, 359716.6063953823 3463974.6762145255))"
apartments,,,,,,42.0,levels_x3.5,713.5,"POLYGON ((359183.8183853626 3463792.007738427, 359180.4939448434 3463806.0438142377, 359228.65362184914 3463817.3380595045, 359231.9781214464 3463803.3020009333, 359183.8183853626 3463792.007738427))"
apartments,,,,,,21.0,levels_x3.5,323.4,"POLYGON ((359174.4846340808 3463761.8883707486, 359171.92074495106 3463775.138170549, 359195.4665440671 3463779.6449384294, 359198.0306098892 3463766.4062300767, 359174.4846340808 3463761.8883707486))"
apartments,,,,,,21.0,levels_x3.5,836.2,"POLYGON ((359629.5432656822 3463879.541319741, 359571.06184977875 3463859.4696755186, 359566.6252975634 3463872.24551618, 359625.1066535723 3463892.3171337703, 359629.5432656822 3463879.541319741))"
apartments,,,,,,21.0,levels_x3.5,429.6,"POLYGON ((359820.0805576912 3463979.391041703, 359819.8384111292 3463990.480984804, 359858.5372100436 3463991.3277246067, 359858.77924931084 3463980.2266991334, 359820.0805576912 3463979.391041703))"
apartments,,,,,,21.0,levels_x3.5,395.2,"POLYGON ((359708.228848906 3463882.801761019, 359707.93286480743 3463896.2649871376, 359737.27145090705 3463896.903843867, 359737.5674725114 3463883.4406199227, 359708.228848906 3463882.801761019))"
apartments,,,,,,21.0,levels_x3.5,572.5,"POLYGON ((359769.3531531547 3464005.213513466, 359769.04055010574 3464019.5749822995, 359808.88183985313 3464020.43952548, 359809.19449723605 3464006.078059784, 359769.3531531547 3464005.213513466))"
apartments,,,,,,21.0,levels_x3.5,675.6,"POLYGON ((359765.3879963249 3463860.950799891, 359760.84158928273 3463874.0717029725, 359806.88027196756 3463889.8648435934, 359811.4268755524 3463876.755046725, 359765.3879963249 3463860.950799891))"
apartments,,,,,,21.0,levels_x3.5,394.9,"POLYGON ((359607.0346582552 3463838.677462673, 359579.31931012345 3463829.170038348, 359574.9106935625 3463841.9011531062, 359602.6166437083 3463851.4197769663, 359607.0346582552 3463838.677462673))"
apartments,,,,,,21.0,levels_x3.5,673.3,"POLYGON ((359641.409063598 3463882.708611225, 359641.12449092476 3463895.5951815937, 359693.34540269186 3463896.7261085575, 359693.6300392638 3463883.8395419014, 359641.409063598 3463882.708611225))"
apartments,,,,,,21.0,levels_x3.5,701.8,"POLYGON ((359646.17199211975 3463844.5066029425, 359649.46326814906 3463859.263345882, 359694.7859687652 3463849.2557156016, 359691.4947548866 3463834.4989608475, 359646.17199211975 3463844.5066029425))"
apartments,,,,,,21.0,levels_x3.5,469.3,"POLYGON ((359820.4380138145 3463949.1417274475, 359820.160080994 3463961.828633989, 359857.1353596541 3463962.6318787998, 359857.4133370188 3463949.944974834, 359820.4380138145 3463949.1417274475))"
apartments,,,,,,21.0,levels_x3.5,1028.5,"POLYGON ((359219.542965216 3463771.195331534, 359216.4358975895 3463785.117609265, 359286.8624865047 3463800.681147373, 359289.9697891872 3463786.7699781456, 359219.542965216 3463771.195331534))"
apartments,,,,,,21.0,levels_x3.5,659.8,"POLYGON ((359714.793214855 3463915.242413742, 359714.5315114978 3463926.9978278778, 359770.62781239673 3463928.2103612614, 359770.88957837224 3463916.4549507718, 359714.793214855 3463915.242413742))"
apartments,,,,,,21.0,levels_x3.5,958.5,"POLYGON ((359649.4278543942 3463820.316190787, 359591.71131063136 3463800.511356798, 359586.56925579236 3463815.3476681244, 359644.2858791461 3463835.1635563807, 359649.4278543942 3463820.316190787))"
apartments,,,,,,21.0,levels_x3.5,436.0,"POLYGON ((359822.2432379227 3464007.3117410713, 359821.9684590578 3464019.521878013, 359857.6485168196 3464020.2980713076, 359857.91367115814 3464008.0769791747, 359822.2432379227 3464007.3117410713))"
apartments,,,,,,10.5,levels_x3.5,164.2,"POLYGON ((359312.5081093666 3463772.232422728, 359309.4634258677 3463781.5860970607, 359325.36344874074 3463786.705652965, 359328.40829299315 3463777.3630683767, 359312.5081093666 3463772.232422728))"
apartments,,,,,,24.5,levels_x3.5,657.6,"POLYGON ((359389.51379603747 3463859.6280478714, 359385.42769534816 3463872.2551525296, 359432.6099455097 3463887.377239945, 359436.6960949864 3463874.7501552314, 359389.51379603747 3463859.6280478714))"
apartments,,,,,,21.0,levels_x3.5,789.0,"POLYGON ((359599.5295756442 3463965.0555979847, 359541.88062453934 3463945.272337402, 359537.6367552396 3463957.5023668576, 359595.2951676947 3463977.285474969, 359599.5295756442 3463965.0555979847))"
apartments,,,,,,21.0,levels_x3.5,525.2,"POLYGON ((359717.4181842867 3463844.5627928628, 359712.50533483597 3463858.752942329, 359745.5952020915 3463870.106872358, 359750.5082373589 3463855.9278243105, 359717.4181842867 3463844.5627928628))"
apartments,,,,,,10.5,levels_x3.5,135.4,"POLYGON ((359395.625361519 3463801.3630077424, 359391.72892974736 3463808.965278329, 359405.86665315053 3463816.137437282, 359409.76309190784 3463808.5351721416, 359395.625361519 3463801.3630077424))"
apartments,,,,,,42.0,levels_x3.5,663.2,"POLYGON ((359452.0751078455 3463879.3668833678, 359447.6937369764 3463891.9868289637, 359494.64198516926 3463908.1322995718, 359499.0234035205 3463895.512375088, 359452.0751078455 3463879.3668833678))"
apartments,,,,,,21.0,levels_x3.5,773.1,"POLYGON ((359590.46858522354 3463993.6364516597, 359531.8920813963 3463973.5330621875, 359527.80425353505 3463985.3286261386, 359586.3807019512 3464005.431991029, 359590.46858522354 3463993.6364516597))"
apartments,,,,,,24.5,levels_x3.5,644.4,"POLYGON ((359242.7458536777 3463806.206413742, 359239.9958486719 3463818.361103699, 359290.4493851657 3463829.635943731, 359293.18977746175 3463817.470311699, 359242.7458536777 3463806.206413742))"
apartments,,,,,,21.0,levels_x3.5,764.2,"POLYGON ((359616.89653801883 3463907.660118179, 359559.92620699794 3463888.1004885538, 359555.764687354 3463900.0854974613, 359612.73496364185 3463919.6451027533, 359616.89653801883 3463907.660118179))"
apartments,,,,,,21.0,levels_x3.5,889.8,"POLYGON ((359610.13252262556 3463936.4541254863, 359551.13503180776 3463916.2121215146, 359546.460413106 3463929.6896240804, 359605.4578401631 3463949.9315997437, 359610.13252262556 3463936.4541254863))"
apartments,,,,,,21.0,levels_x3.5,497.9,"POLYGON ((359642.17642455245 3463850.402744733, 359612.75878198806 3463840.3082352504, 359607.51587895723 3463855.4341405355, 359636.92396785424 3463865.528761502, 359642.17642455245 3463850.402744733))"
apartments,,,,,,10.5,levels_x3.5,340.4,"POLYGON ((359471.8032800818 3463827.0172322793, 359469.0193565788 3463835.236516931, 359506.20840408676 3463847.6989186145, 359508.99235228566 3463839.4796446175, 359471.8032800818 3463827.0172322793))"
apartments,,,,,,10.5,levels_x3.5,119.4,"POLYGON ((359334.05114681413 3463779.316297356, 359331.481771981 3463787.20014471, 359345.1923328992 3463791.6173556875, 359347.7617165675 3463783.733511976, 359334.05114681413 3463779.316297356))"
apartments,,,,,,10.5,levels_x3.5,611.1,"POLYGON ((359223.7210030301 3463739.8857735405, 359219.26681265666 3463751.320518723, 359265.72588730935 3463769.245451465, 359270.1801184473 3463757.8107272713, 359223.7210030301 3463739.8857735405))"
apartments,,,,,,10.5,levels_x3.5,134.8,"POLYGON ((359354.30506473314 3463785.397513538, 359351.58947921556 3463793.7378709246, 359366.21791449224 3463798.4532345454, 359368.9335099829 3463790.1128812674, 359354.30506473314 3463785.397513538))"
apartments,,,,,,42.0,levels_x3.5,913.1,"POLYGON ((359308.1053605106 3463825.14190142, 359302.5680000884 3463836.7352601495, 359366.8146121638 3463867.1275263024, 359372.352023673 3463855.534202968, 359308.1053605106 3463825.14190142))"
apartments,,,,,,21.0,levels_x3.5,917.0,"POLYGON ((359320.0036204669 3463798.052711866, 359314.62224195397 3463809.2115887455, 359381.44030512136 3463841.0994434315, 359386.81221641967 3463829.9407298365, 359320.0036204669 3463798.052711866))"
apartments,,,,,,21.0,levels_x3.5,453.5,"POLYGON ((359819.4661543581 3463933.400499485, 359855.7369115952 3463934.190982794, 359856.0078890345 3463921.692646754, 359819.73708874884 3463920.9021609644, 359819.4661543581 3463933.400499485))"
yes,,,,,,10.5,default,337.0,"POLYGON ((358734.4263829944 3466139.199043746, 358727.9960770693 3466130.9927554647, 358706.15846693714 3466148.349600039, 358707.9598007455 3466150.6535539827, 358697.6271796557 3466158.686602009, 358700.2708899111 3466162.0546220257, 358710.36800100544 3466154.2021389427, 358711.8882922358 3466156.132929429, 358734.4263829944 3466139.199043746))"
yes,,,,,,10.5,default,829.5,"POLYGON ((358753.35728344345 3466143.4563291976, 358744.4328616259 3466131.680421156, 358734.4263829944 3466139.199043746, 358711.8882922358 3466156.132929429, 358699.52618221624 3466165.412872456, 358708.45999660436 3466177.177530602, 358753.35728344345 3466143.4563291976))"
yes,,,,,,10.5,default,755.0,"POLYGON ((357636.1689106987 3464244.3781387825, 357691.45977442455 3464262.7639154554, 357687.569276446 3464274.9124113657, 357631.79532131425 3464256.6995153027, 357636.1689106987 3464244.3781387825))"
yes,,,,,演播厅,10.5,default,4039.8,"POLYGON ((357684.4052202796 3464059.183569219, 357700.72837770067 3464011.9318937925, 357669.53043605894 3464001.2571221874, 357672.9474073495 3463991.3878498077, 357655.41652756766 3463985.394859899, 357651.62407200737 3463996.3557410743, 357626.9870690908 3463987.93140711, 357611.03968580347 3464034.091602072, 357684.4052202796 3464059.183569219))"
yes,,,,,,10.5,default,1715.8,"POLYGON ((358090.5713962993 3464369.7561511467, 358116.068400766 3464379.2231296613, 358121.3882893346 3464390.382118954, 358104.4960263922 3464426.60942703, 358070.4683059469 3464412.102517685, 358090.5713962993 3464369.7561511467))"
yes,,,,,,10.5,default,1364.7,"POLYGON ((358449.5758087203 3464343.1541051115, 358476.6055343978 3464351.9471462965, 358491.5924636258 3464306.3335302123, 358464.5626374412 3464297.5404471597, 358449.5758087203 3464343.1541051115))"
yes,,,,,,10.5,default,1364.7,"POLYGON ((358475.50727670966 3464266.294380867, 358502.5371710869 3464275.087494324, 358517.5243421509 3464229.473928243, 358490.4943472682 3464220.680772921, 358475.50727670966 3464266.294380867))"
commercial,,,,,,10.5,default,1779.5,"POLYGON ((357743.83560518734 3464977.375770825, 357813.184833313 3464977.0341734258, 357813.06554475165 3464951.380866448, 357743.71599672013 3464951.711373622, 357743.83560518734 3464977.375770825))"
commercial,,,,,中行天盛广场A座,100.0,measured,1439.5,"POLYGON ((357767.6028612894 3465022.9196927403, 357793.719358469 3465034.639146111, 357771.4350556901 3465080.197744273, 357745.6940573012 3465068.0852181367, 357767.6028612894 3465022.9196927403))"
yes,,,,,排球、体操馆,10.5,default,2067.2,"POLYGON ((359470.95477715094 3465232.5494611887, 359470.86122269 3465206.38599289, 359519.34843663697 3465204.971463143, 359519.4203999043 3465219.5828276877, 359553.9924175044 3465218.2328895493, 359554.0499940533 3465241.7249255786, 359525.0912947048 3465242.8777296487, 359519.86213823536 3465243.324717056, 359519.56842333573 3465230.6343289055, 359470.95477715094 3465232.5494611887))"
university,,,,,解剖楼,10.5,default,2071.7,"POLYGON ((359029.2406852744 3465372.0505466317, 359069.0480042369 3465370.7505692486, 359071.9938102993 3465342.7612387384, 359075.20670877025 3465335.35645217, 359076.1184821492 3465326.707607768, 359075.04629609524 3465323.4181573093, 359072.23887635814 3465323.45588041, 359071.4468590064 3465321.18264838, 359058.67471372714 3465320.589289995, 359057.9482532468 3465323.9029098647, 359032.6814746584 3465324.242486084, 359029.16801554605 3465329.112456086, 359029.2406852744 3465372.0505466317))"
yes,clinic,,,,校医院,10.5,default,1714.1,"POLYGON ((359032.54668543546 3465275.9724975377, 359056.0278629046 3465275.911917925, 359069.85855149315 3465278.774926306, 359075.9265654792 3465274.8795434344, 359076.0743440562 3465266.7509568143, 359075.1047874156 3465251.264682667, 359074.9034210978 3465236.2780783954, 359044.52250816894 3465236.431336652, 359043.7823391386 3465238.725158485, 359031.5342753668 3465238.88977193, 359032.54668543546 3465275.9724975377))"
yes,,,,,运科学院、科研楼,10.5,default,1737.2,"POLYGON ((359028.6414623862 3465232.5759340934, 359048.03662093653 3465232.315265852, 359049.2121915668 3465224.1728659747, 359108.1925387728 3465225.1653768923, 359108.66991034185 3465203.30694961, 359047.16026083624 3465204.6433816915, 359045.41549784306 3465207.970686565, 359028.31383883534 3465208.200530911, 359028.6414623862 3465232.5759340934))"
university,library,,,,,10.5,default,1715.6,"POLYGON ((359056.2579880422 3465397.1537441663, 359107.04977482394 3465396.593234016, 359105.99098940403 3465355.3314198256, 359076.36669298494 3465355.097488555, 359075.6042999656 3465374.1548029394, 359056.45683803025 3465374.41210456, 359056.2579880422 3465397.1537441663))"
apartments,,,,,4号楼,10.5,default,1012.0,"POLYGON ((358973.83838902693 3465381.5539294477, 359021.8240345163 3465380.409884992, 359021.5372044891 3465359.0717034447, 358973.5583176917 3465360.7256450867, 358973.83838902693 3465381.5539294477))"
dormitory,,,,,3号楼,10.5,default,642.8,"POLYGON ((358973.4422055395 3465352.090608789, 359019.38861059933 3465351.472885774, 359018.17230122327 3465336.754915359, 358973.771727736 3465338.371837577, 358973.4422055395 3465352.090608789))"
apartments,,,,,2号楼,10.5,default,817.1,"POLYGON ((358972.75386448775 3465262.673944782, 359018.693807442 3465261.546333714, 359018.46851987636 3465244.7861645333, 358972.5010785966 3465243.8741764096, 358972.75386448775 3465262.673944782))"
apartments,,,,,1号楼,10.5,default,771.5,"POLYGON ((358973.375988262 3465233.1969366707, 359020.3412077337 3465232.565544853, 359019.61153596424 3465215.812156154, 358973.1573376116 3465216.9355810583, 358973.375988262 3465233.1969366707))"
apartments,,,,,5号楼,10.5,default,1152.1,"POLYGON ((358913.073296538 3465229.4291050127, 358959.5341541023 3465228.80422642, 358959.7790294198 3465209.4988611047, 358959.71076019364 3465204.422037036, 358912.73854575865 3465204.5437963824, 358913.073296538 3465229.4291050127))"
apartments,,,,,南四楼,10.5,default,805.6,"POLYGON ((358914.0656963278 3465264.9932203516, 358958.4734413252 3465263.88595596, 358958.7387313389 3465246.099202975, 358913.81966409716 3465246.703348953, 358914.0656963278 3465264.9932203516))"
apartments,,,,,车棚,10.5,default,780.0,"POLYGON ((358907.7250663468 3465325.0358072803, 358924.0419733382 3465323.796329201, 358923.41335734836 3465277.0629347884, 358907.0689395106 3465276.2628132585, 358907.7250663468 3465325.0358072803))"
apartments,,,,,北四楼,10.5,default,940.1,"POLYGON ((358915.0882823882 3465360.115100006, 358958.47063466103 3465358.5227043577, 358957.92329935485 3465336.9330262323, 358914.28405666014 3465338.5399621674, 358915.0882823882 3465360.115100006))"
apartments,,,,,5号楼,10.5,default,1157.9,"POLYGON ((358914.83680596796 3465398.7337318095, 358962.04810560466 3465397.3448308688, 358961.4692979661 3465372.706711687, 358914.251949392 3465374.361773718, 358914.83680596796 3465398.7337318095))"
apartments,,,,,12号楼,10.5,default,1004.5,"POLYGON ((358851.7722269249 3465398.318399857, 358904.09723794257 3465397.1043258733, 358904.3452685251 3465378.0428159037, 358851.2588316632 3465379.267131423, 358851.7722269249 3465398.318399857))"
apartments,,,,,11号楼,10.5,default,971.2,"POLYGON ((358851.54716614867 3465362.500037265, 358903.85863638547 3465360.2661696547, 358904.3807710486 3465342.4759526667, 358850.5328207394 3465343.710507625, 358851.54716614867 3465362.500037265))"
apartments,,,,,10号楼,10.5,default,914.2,"POLYGON ((358850.06731419655 3465328.217452694, 358902.64353902574 3465327.255003987, 358903.6795783881 3465309.457874176, 358849.58823222364 3465311.7156837303, 358850.06731419655 3465328.217452694))"
apartments,,,,,9号楼,10.5,default,976.0,"POLYGON ((358850.3876715001 3465295.440617769, 358903.2175819656 3465294.219770163, 358902.96824755333 3465275.686032651, 358849.1266669722 3465277.419397055, 358850.3876715001 3465295.440617769))"
apartments,,,,,8号楼,10.5,default,952.9,"POLYGON ((358850.69368564885 3465260.8900927952, 358902.2519568318 3465259.9413585654, 358902.5137223639 3465241.899651075, 358849.1722977181 3465242.617381072, 358850.69368564885 3465260.8900927952))"
apartments,,,,,7号楼,10.5,default,1033.8,"POLYGON ((358848.9568848541 3465226.610970597, 358903.3159129706 3465225.1145664374, 358903.3166786772 3465206.0674745305, 358848.44692699413 3465207.814656094, 358848.9568848541 3465226.610970597))"
yes,,,,,学生活动中心,10.5,default,1045.4,"POLYGON ((358803.1809189125 3465239.9325701357, 358836.10548219073 3465239.234385187, 358836.1825884479 3465207.480809727, 358803.2579254338 3465208.1789907822, 358803.1809189125 3465239.9325701357))"
yes,,,,,后勤管理中心,10.5,default,472.5,"POLYGON ((358805.0927474513 3465268.1116062147, 358834.96640982956 3465268.463382769, 358835.25207876833 3465252.2063175268, 358804.63404187 3465253.128451929, 358805.0927474513 3465268.1116062147))"
yes,,,,,第三餐厅,10.5,default,698.8,"POLYGON ((358812.4273892419 3465301.0403919616, 358836.92604373256 3465300.200634608, 358836.279249007 3465271.239581528, 358812.54186533386 3465272.0690890606, 358812.4273892419 3465301.0403919616))"
yes,,,,,第一餐厅,10.5,default,682.7,"POLYGON ((358813.31124148204 3465329.222182013, 358836.79840821587 3465328.906029466, 358836.92604373256 3465300.200634608, 358812.4273892419 3465301.0403919616, 358813.31124148204 3465329.222182013))"
yes,,,,,,10.5,default,652.8,"POLYGON ((359600.81943013484 3465547.857832207, 359601.12411783857 3465497.386891517, 359614.05079150863 3465497.457752305, 359613.75570651796 3465547.939647743, 359600.81943013484 3465547.857832207))"
yes,,,,,创智国际广场B幢,99.85,measured,3286.5,"POLYGON ((357701.1421090857 3465173.704070292, 357707.28288894286 3465173.7981493594, 357705.1225825056 3465171.022487036, 357708.73778659577 3465170.884746781, 357714.26643339766 3465181.286807298, 357742.5740266532 3465125.7901654188, 357735.75672344805 3465126.3482768415, 357730.95504417317 3465119.7169561908, 357697.64967199333 3465119.747460975, 357694.29792121425 3465124.5713624987, 357649.2596804977 3465125.5705526257, 357649.51898878015 3465150.9891603193, 357661.47610222164 3465151.1151449443, 357665.1603182448 3465156.7637842894, 357690.00617146795 3465156.227082971, 357701.1421090857 3465173.704070292))"
yes,,,,,中航天盛广场B座,42.0,levels_x3.5,2995.7,"POLYGON ((357745.16923271376 3465093.957922558, 357664.7115590036 3465095.637037079, 357666.36814154225 3465069.0061425404, 357685.87325166585 3465035.425531517, 357705.30843321094 3465045.095662109, 357706.3238178047 3465068.0205529616, 357745.6940573012 3465068.0852181367, 357745.16923271376 3465093.957922558))"
yes,,,,,,10.5,default,8920.2,"POLYGON ((358839.94621612073 3465719.04087287, 358883.32360833895 3465764.578084881, 358888.98155795014 3465759.2357230987, 358900.97246017004 3465771.835263022, 358895.1922920307 3465777.2901309174, 358918.03439350927 3465801.26284895, 358951.6630776995 3465802.0965281613, 358995.80539439584 3465760.8919926747, 358982.91497616924 3465747.2179414486, 358989.7018228031 3465740.884819556, 359002.6790779602 3465754.646405588, 359028.3317740668 3465730.697766393, 358993.0690551759 3465693.2994298125, 358967.9333258147 3465716.7644691, 358980.4761439617 3465730.0662280424, 358973.8021492009 3465736.298057018, 358960.8441640376 3465722.5584184336, 358926.1112883751 3465754.9888157067, 358881.09610874264 3465707.2672042656, 358873.8299353906 3465714.0503203697, 358860.45661720994 3465699.8729162845, 358839.94621612073 3465719.04087287))"
apartments,,,,,,14.0,measured,627.6,"POLYGON ((358870.541281646 3465956.2522042333, 358878.3737032708 3465947.709741354, 358928.95685193135 3465971.4532810748, 358922.0361934521 3465980.559950935, 358870.541281646 3465956.2522042333))"
apartments,,,,,,14.0,measured,682.9,"POLYGON ((358943.8648457119 3465978.75847686, 358940.52547806944 3465968.2487790794, 358967.95520552585 3465960.41840503, 358993.68315517873 3465950.604281579, 358997.3849015108 3465963.2932169754, 358971.1520060119 3465972.3602229357, 358943.8648457119 3465978.75847686))"
yes,,,,,,14.0,measured,1122.1,"POLYGON ((358892.3636055053 3465937.7096593757, 358890.87248125975 3465925.922295901, 358910.8940450827 3465923.502043652, 358911.20014568267 3465918.6640857006, 358958.9458120112 3465919.67369556, 358958.4554093649 3465927.086264138, 358971.5359936379 3465928.7285608123, 358974.63455042563 3465929.119271674, 358977.5995829581 3465929.4896056345, 358976.4219212015 3465941.00243919, 358957.94404574775 3465938.6012252956, 358958.5493418015 3465934.0696752258, 358910.73530860816 3465932.2183944536, 358910.949732622 3465936.129145315, 358902.0406402 3465938.222472388, 358901.8135054146 3465936.196646544, 358892.3636055053 3465937.7096593757))"
yes,,,,,,10.5,default,952.9,"POLYGON ((358906.5386073111 3465923.0728296274, 358924.1935776401 3465908.167465638, 358936.73259546625 3465904.218179753, 358948.1608049177 3465905.4281197577, 358963.3230296421 3465913.9383861483, 358971.5359936379 3465928.7285608123, 358906.5386073111 3465923.0728296274))"
apartments,,,,,,18.0,measured,223.4,"POLYGON ((358922.5790771218 3466039.3015373223, 358928.25201445114 3466032.961175571, 358932.19499191176 3466034.5711450432, 358935.9517185211 3466030.1191486954, 358951.19030154054 3466037.242514969, 358943.08327216934 3466045.888400342, 358929.47121978545 3466039.397283013, 358926.9879201476 3466041.5815307833, 358922.5790771218 3466039.3015373223))"
apartments,,,,,,18.0,measured,231.9,"POLYGON ((358885.57998202415 3466009.332915833, 358889.77345651836 3466006.216526369, 358892.30195713544 3466007.39095893, 358898.6867225294 3466002.3159828526, 358915.44206472987 3466011.1040813383, 358907.0742303905 3466019.465247356, 358900.32323124766 3466017.1280849013, 358902.00942058174 3466015.120859103, 358885.57998202415 3466009.332915833))"
apartments,,,,,,18.0,measured,303.6,"POLYGON ((358866.6165861821 3466103.0830607023, 358868.972555937 3466090.7339223386, 358895.08173955523 3466090.182960539, 358892.5200543497 3466101.3929204918, 358866.6165861821 3466103.0830607023))"
apartments,,,,,,18.0,measured,285.8,"POLYGON ((358908.67967703135 3466104.8230124107, 358911.8063408837 3466092.45242861, 358937.7435404026 3466093.2675620723, 358933.42726422346 3466103.525478133, 358908.67967703135 3466104.8230124107))"
apartments,,,,,,18.0,measured,305.4,"POLYGON ((358917.4474081732 3466145.992241414, 358919.79644395405 3466133.831684916, 358945.90742719115 3466132.7153938604, 358943.35077188106 3466144.3022230896, 358917.4474081732 3466145.992241414))"
apartments,,,,,,18.0,measured,294.2,"POLYGON ((358875.36216741 3466150.3724705707, 358878.67480023345 3466138.3874080945, 358903.8151465545 3466137.284075754, 358901.2560027397 3466148.682475716, 358875.36216741 3466150.3724705707))"
apartments,,,,,,25.0,measured,503.5,"POLYGON ((358961.9663043552 3466135.7367088767, 358966.1227066542 3466124.2059746645, 359009.2656543773 3466123.4483594643, 359007.1820410406 3466134.8292462965, 358961.9663043552 3466135.7367088767))"
apartments,,,,,,14.0,measured,401.3,"POLYGON ((358949.0685947848 3466077.626963136, 358951.32998282195 3466066.021935951, 358975.51007938787 3466063.5680271983, 358989.6145680547 3466062.80182118, 358985.6347165825 3466073.3101838343, 358968.2289620504 3466074.88578755, 358949.0685947848 3466077.626963136))"
apartments,,,,,,14.0,measured,401.3,"POLYGON ((358817.004249702 3466094.1498142867, 358819.2654883689 3466082.544752926, 358843.4551961634 3466080.101493828, 358857.5501457606 3466079.33523715, 358853.57028215413 3466089.8325704047, 358836.1742292966 3466091.419351703, 358817.004249702 3466094.1498142867))"
apartments,,,,,,25.0,measured,503.5,"POLYGON ((358981.0657830024 3466092.3854704155, 358985.2222261145 3466080.854745852, 359028.3653497472 3466080.0972157833, 359026.28170428606 3466091.4780970723, 358981.0657830024 3466092.3854704155))"
apartments,,,,,,14.0,measured,401.3,"POLYGON ((358946.81449472404 3466108.168127732, 358949.0663555814 3466096.5632272526, 358973.255897024 3466094.1091826083, 358987.36034448066 3466093.342972031, 358983.3709927794 3466103.851464471, 358965.97480532684 3466105.426945864, 358946.81449472404 3466108.168127732))"
apartments,,,,,,25.0,measured,370.6,"POLYGON ((358764.0461600099 3466089.7963655996, 358777.4270445412 3466082.653623808, 358804.7485551237 3466094.3813659586, 358790.9223971235 3466102.383752949, 358764.0461600099 3466089.7963655996))"
apartments,,,,,,18.0,measured,322.1,"POLYGON ((358843.9608789283 3465991.1120875427, 358853.5320770877 3465983.765743165, 358882.4962310338 3465993.7753040316, 358872.6391261787 3466001.801763887, 358843.9608789283 3465991.1120875427))"
apartments,,,,,,18.0,measured,611.9,"POLYGON ((358816.01822017453 3466025.868436478, 358825.1210331256 3466016.2555773314, 358836.1511424386 3466018.302259605, 358839.9009717512 3466013.340327643, 358872.39702618564 3466020.5860460876, 358867.7723054071 3466025.6040889365, 358873.66373045737 3466027.7199772336, 358868.1635367745 3466032.7498034392, 358864.3280589542 3466031.3490595696, 358861.56343349523 3466033.1379855946, 358857.88394174376 3466032.0123141897, 358860.50582629384 3466030.2253085603, 358840.65157181956 3466025.9691663464, 358829.2565628565 3466029.3377477727, 358816.01822017453 3466025.868436478))"
apartments,,,,,,25.0,measured,644.0,"POLYGON ((358796.5030136189 3466140.08131311, 358797.8762472491 3466128.2664677654, 358841.8314129905 3466117.14215887, 358858.35606499296 3466114.458435566, 358854.3763653771 3466124.9668542664, 358827.81526421045 3466131.5330494125, 358796.5030136189 3466140.08131311))"
apartments,,,,,,14.0,measured,977.7,"POLYGON ((358779.08106870623 3466064.127482429, 358784.73038869735 3466051.8004860394, 358812.4510209445 3466048.633310614, 358847.74321122747 3466046.53947897, 358866.58922323445 3466048.7248868183, 358860.09445654624 3466059.7660598718, 358837.4497007673 3466058.9067873987, 358809.267360306 3466061.0046958984, 358779.08106870623 3466064.127482429))"
apartments,,,,,,14.0,measured,401.3,"POLYGON ((358959.0322266974 3466044.265832211, 358961.2936351874 3466032.660808373, 358985.47381031374 3466030.2069255807, 358999.57834403944 3466029.440734651, 358995.5984679957 3466039.949092216, 358978.1926571324 3466041.52467726, 358959.0322266974 3466044.265832211))"
apartments,,,,,,25.0,measured,437.7,"POLYGON ((359000.82848611684 3466055.167437469, 359005.58328507503 3466043.5399828865, 359030.462922788 3466042.850682721, 359044.55792369763 3466042.084679704, 359039.70777249534 3466053.7023095214, 359023.18173228484 3466054.1684019263, 359000.82848611684 3466055.167437469))"
apartments,,,,,,14.0,measured,934.0,"POLYGON ((358976.69292711176 3466010.6903235656, 358982.7050614832 3465999.8441972462, 359004.44829898805 3466001.6028539375, 359039.48957092233 3466011.276126671, 359063.0677550883 3466019.2631797227, 359053.42228268326 3466027.46400831, 359026.0919540598 3466019.316774573, 359002.05823039054 3466013.5532856425, 358976.69292711176 3466010.6903235656))"
yes,,,,,,10.5,default,2562.0,"POLYGON ((358642.69337368023 3463770.7347073657, 358701.2930052906 3463775.355839616, 358704.00444648566 3463731.393575637, 358646.06744619994 3463727.21804806, 358642.69337368023 3463770.7347073657))"
yes,,,,,,10.5,default,231.6,"POLYGON ((358440.25322381896 3464240.616252409, 358443.58788951 3464229.5399106364, 358462.9275603447 3464235.609555691, 358459.73190359236 3464246.406845629, 358440.25322381896 3464240.616252409))"
yes,,,,,,10.5,default,231.7,"POLYGON ((358432.9759414203 3464264.273859789, 358436.3105904425 3464253.1975147887, 358455.65022345504 3464259.2671451955, 358452.4641004853 3464270.0643098364, 358432.9759414203 3464264.273859789))"
yes,,,,,,10.5,default,140.7,"POLYGON ((358449.803840821 3464219.644244547, 358452.9694488697 3464208.736489453, 358464.7837286935 3464212.313358327, 358461.51491054933 3464223.3333694953, 358449.803840821 3464219.644244547))"
yes,,,,,,10.5,default,490.7,"POLYGON ((358406.8900785751 3464312.742523924, 358407.5242051906 3464311.059861058, 358414.0106578801 3464313.4557649703, 358412.0402131681 3464319.103357512, 358435.60467674234 3464327.1669875574, 358440.9959384741 3464313.3022829345, 358407.97352900123 3464300.621130119, 358403.9399528361 3464311.396489724, 358406.8900785751 3464312.742523924))"
yes,,,,,,10.5,default,697.8,"POLYGON ((358410.2996620345 3464294.5252654385, 358415.0186540364 3464281.6341701765, 358429.1894643395 3464286.310047614, 358432.1158085639 3464278.1328608645, 358453.299685053 3464285.4304072596, 358445.1254455949 3464306.1066768286, 358410.2996620345 3464294.5252654385))"
apartments,,,,,,10.5,default,719.6,"POLYGON ((360106.66587701975 3464714.638961906, 360114.9599743321 3464707.0226595113, 360108.49677018425 3464701.321586891, 360109.1136034783 3464697.6104018516, 360113.32976139325 3464698.984363945, 360117.08238210215 3464687.7256659414, 360091.2269818975 3464679.7221767185, 360089.6518137175 3464690.0870808987, 360080.6560312902 3464695.051952913, 360081.76979316724 3464707.1881275824, 360091.2743933591 3464704.6888052006, 360101.5171936466 3464707.5788724003, 360106.66587701975 3464714.638961906))"
apartments,,,,,,10.5,default,719.6,"POLYGON ((360051.25809536985 3464695.499536609, 360059.5521706528 3464687.8831897182, 360053.08892359165 3464682.1821498675, 360053.7057390127 3464678.4709610045, 360057.92191281205 3464679.8449013373, 360061.6744832144 3464668.5861819247, 360035.8189877777 3464660.5828262125, 360034.2438698313 3464670.947740302, 360025.2480942826 3464675.912660035, 360026.3619211402 3464688.0488308845, 360035.8665282468 3464685.549458534, 360046.10936480947 3464688.439472797, 360051.25809536985 3464695.499536609))"
apartments,,,,,,10.5,default,719.6,"POLYGON ((359996.652407045 3464677.9905226664, 360004.94645948254 3464670.3741318705, 359998.48317092087 3464664.6731243324, 359999.0999686135 3464660.961931691, 360003.31615753745 3464662.3358505634, 360007.0686777871 3464651.07711001, 359981.21309176635 3464643.0738859796, 359980.81036192924 3464645.7068116916, 359979.6380236107 3464653.438809863, 359970.6422560377 3464658.4037766783, 359971.7561468945 3464670.53994378, 359981.260759566 3464668.040522134, 359991.503630587 3464670.9304841836, 359996.652407045 3464677.9905226664))"
apartments,,,,,,10.5,default,719.6,"POLYGON ((359941.65739871707 3464659.855039331, 359949.95142856915 3464652.238604339, 359943.48809791706 3464646.5376293375, 359944.1048778005 3464642.826432893, 359948.32108214963 3464644.200330157, 359952.0735521033 3464632.9415683267, 359926.21787364007 3464624.9384768764, 359924.6428555228 3464635.303410615, 359915.64709554147 3464640.2684248267, 359916.76105086476 3464652.4045881475, 359926.26566960826 3464649.9051168733, 359936.50857580965 3464652.795026356, 359941.65739871707 3464659.855039331))"
apartments,,,,,,10.5,default,559.0,"POLYGON ((359996.62168710673 3464814.7676903093, 360040.19362591923 3464827.224217063, 360043.6143992305 3464815.36014314, 360000.04271270137 3464802.925770235, 359996.62168710673 3464814.7676903093))"
apartments,,,,,,10.5,default,481.5,"POLYGON ((359981.79765115574 3464865.1551031102, 360021.73305468226 3464876.8840169003, 360025.02138586895 3464865.797771412, 359985.08579728415 3464854.05775916, 359981.79765115574 3464865.1551031102))"
apartments,,,,,,10.5,default,748.6,"POLYGON ((360034.25177637255 3464875.575037636, 360092.462032667 3464871.527906178, 360091.56797535176 3464858.7346827737, 360033.35749999265 3464862.7707318356, 360034.25177637255 3464875.575037636))"
yes,,,,,,10.5,default,1892.5,"POLYGON ((357810.2666774915 3464766.6679018647, 357812.6759924334 3464814.4970764453, 357811.29734273755 3464820.935036769, 357778.1367463113 3464819.776985493, 357775.88086768053 3464815.572402126, 357775.66356633144 3464777.7803483633, 357778.3078370799 3464767.101142299, 357810.2666774915 3464766.6679018647))"
yes,,,,,,10.5,default,640.0,"POLYGON ((358333.0679041118 3465808.2734734234, 358304.1053282289 3465769.5837625265, 358314.4501320522 3465761.738647064, 358343.7977639428 3465800.0462318705, 358333.0679041118 3465808.2734734234))"
yes,,,,,,10.5,default,164.1,"POLYGON ((358335.86569141585 3465830.0767036728, 358332.1641588231 3465823.8072255217, 358351.5984120322 3465812.4246112173, 358355.3094525015 3465818.693967306, 358335.86569141585 3465830.0767036728))"
yes,,,,,,10.5,default,646.2,"POLYGON ((359165.4296893531 3465194.1630558167, 359165.69689139735 3465146.009661775, 359143.33633742225 3465145.899717528, 359143.4571618242 3465151.3527820953, 359153.3102076242 3465151.4532876792, 359153.1463298907 3465193.829094306, 359165.4296893531 3465194.1630558167))"
public,,,,,杨浦区文化馆,10.5,default,4984.0,"POLYGON ((359939.23596772586 3466013.798095864, 359939.2094350045 3466009.674184885, 359934.9077471646 3466009.6983860983, 359931.378948241 3466004.1688968414, 359931.22039084125 3465994.436861453, 359942.18242433947 3465994.2571721724, 359942.1045034187 3465989.136141668, 359940.1418009781 3465986.8452307447, 359938.95808107726 3465984.444134195, 359937.93648062565 3465978.504203921, 359937.70486022136 3465972.564808176, 359938.04541664734 3465968.8462031526, 359939.2849255381 3465965.448192441, 359942.2112012894 3465958.6461975304, 359939.12888236874 3465958.7538893675, 359938.9044099661 3465952.637010559, 359941.0775864265 3465945.7452944955, 359947.20532573445 3465943.479360413, 359997.4854627403 3465943.3068123725, 359997.5125352042 3465950.3243515245, 360006.6777018093 3465950.290677601, 360006.74808438856 3465968.3943689223, 360014.59035441733 3465968.3672765223, 360014.7005596012 3465993.7322446215, 360010.71274784167 3465993.741137335, 360010.7567290092 3466001.3127874043, 360006.16004206956 3466001.340897718, 360006.2351210752 3466013.38008558, 359939.23596772586 3466013.798095864))"
yes,,,,,,10.5,default,596.6,"POLYGON ((360107.86820221646 3465984.3511767276, 360112.14090555825 3465984.294173445, 360112.11669077724 3465986.046199121, 360111.6926611664 3465985.652734022, 360100.1143253343 3465998.1356478655, 360107.1099222223 3466004.561307898, 360118.68840629735 3465992.0894864616, 360117.493630153 3465990.996752884, 360120.9302502753 3465991.050687446, 360120.3390209195 3465991.679431224, 360133.13556291576 3466003.4491314655, 360139.14080242265 3465996.9941618927, 360126.34426010994 3465985.2244543885, 360124.73027278925 3465986.953340269, 360124.7726869531 3465984.425001208, 360131.86332145275 3465984.419109323, 360131.8464139744 3465973.8758599972, 360121.88148099894 3465973.886834368, 360121.89066574024 3465982.423489981, 360118.4350107246 3465982.369808899, 360118.32573073625 3465974.1781769386, 360107.73436472495 3465974.3194756396, 360107.86820221646 3465984.3511767276))"
yes,,,,,,10.5,default,771.3,"POLYGON ((360084.6092724635 3465869.6921626227, 360084.57137233834 3465856.865327587, 360024.4404297046 3465857.08023613, 360024.47840336093 3465869.907073602, 360084.6092724635 3465869.6921626227))"
yes,,,,,,10.5,default,771.6,"POLYGON ((360085.56262701936 3465897.629076167, 360085.51520987146 3465884.80236765, 360025.3842796483 3465885.0061918083, 360025.4319182987 3465897.8439874575, 360085.56262701936 3465897.629076167))"
yes,,,,,,10.5,default,771.6,"POLYGON ((360084.4726326985 3465926.5023672963, 360084.42506421544 3465913.664573475, 360024.2944471061 3465913.879494604, 360024.34194121714 3465926.7062060535, 360084.4726326985 3465926.5023672963))"
yes,,,,,,10.5,default,937.7,"POLYGON ((360086.1972855096 3465955.8924390324, 360086.0867042012 3465942.6120165163, 360015.4539007432 3465943.2221309594, 360015.56442354596 3465956.4914712086, 360086.1972855096 3465955.8924390324))"
yes,,,,,,10.5,default,937.3,"POLYGON ((360086.57341778866 3465984.080965801, 360086.4629829109 3465970.811627543, 360015.83036948834 3465971.421746315, 360015.9408937695 3465984.6910870606, 360086.57341778866 3465984.080965801))"
yes,,,,,,10.5,default,937.3,"POLYGON ((360022.4996654911 3465927.0190540142, 360022.3891535052 3465913.749714541, 359951.7559900482 3465914.349166272, 359951.8665914356 3465927.6185082323, 360022.4996654911 3465927.0190540142))"
yes,,,,,,10.5,default,937.8,"POLYGON ((360022.7441886041 3465868.333734705, 360022.62401685945 3465855.053438578, 359951.99060618796 3465855.663959188, 359952.1012032116 3465868.933300081, 360022.7441886041 3465868.333734705))"
yes,,,,,,10.5,default,937.4,"POLYGON ((360023.58283074 3465897.6469363743, 360023.4723221603 3465884.377597468, 359952.829593086 3465884.988246602, 359952.94970720774 3465898.2574608997, 360023.58283074 3465897.6469363743))"
school,,,,,兰生复旦中学世界路校区一楼,3.5,levels_x3.5,174.8,"POLYGON ((359407.348313163 3465732.0840947987, 359407.2367182933 3465742.928440575, 359423.5998856431 3465735.247682558, 359421.42990360083 3465731.706836626, 359417.3133884864 3465728.513602281, 359412.3915464968 3465726.3068007547, 359407.4784705563 3465724.7540026414, 359407.348313163 3465732.0840947987))"
school,,,,,兰生复旦中学世界路校区 食堂与图书馆,7.0,levels_x3.5,404.6,"POLYGON ((359407.2367182933 3465742.928440575, 359407.6571490223 3465752.989580487, 359374.6976725991 3465753.7973874304, 359374.49523398856 3465733.0235137404, 359376.7789962303 3465732.981801525, 359376.81747539644 3465740.8196247583, 359396.8287428706 3465740.440424896, 359396.64419663197 3465743.7134931963, 359404.8194284277 3465743.6593155456, 359407.2367182933 3465742.928440575))"
apartments,,,,,,10.5,default,653.8,"POLYGON ((358876.60337669833 3465572.867141051, 358876.4308816192 3465562.1707163155, 358819.75849274895 3465562.0909064, 358817.57756404125 3465574.016388796, 358876.60337669833 3465572.867141051))"
apartments,,,,,,10.5,default,720.7,"POLYGON ((358835.0448539734 3465605.2344611264, 358833.0315801874 3465593.553915793, 358776.05911443906 3465593.0903519853, 358774.99618160195 3465606.042949182, 358835.0448539734 3465605.2344611264))"
apartments,,,,,,10.5,default,682.1,"POLYGON ((358946.8739845089 3465598.186333871, 358946.303036527 3465586.8744108006, 358885.4349435079 3465586.91720811, 358884.76270532265 3465597.791301556, 358946.8739845089 3465598.186333871))"
apartments,,,,,,10.5,default,532.8,"POLYGON ((358805.56330732006 3465576.672665121, 358805.3974997194 3465564.357476933, 358765.14530363365 3465563.668861933, 358765.33608898154 3465577.8352092686, 358805.56330732006 3465576.672665121))"
apartments,,,,,,10.5,default,800.2,"POLYGON ((358945.0853654195 3465574.185339052, 358946.37690823025 3465561.2296954505, 358885.1096910503 3465560.6237353575, 358885.4819921169 3465574.1446008394, 358945.0853654195 3465574.185339052))"
apartments,,,,,,10.5,default,602.3,"POLYGON ((358847.89181470824 3465547.7650307226, 358846.4971203488 3465536.076158227, 358798.193872856 3465535.495778229, 358798.36804510816 3465548.431713683, 358847.89181470824 3465547.7650307226))"
apartments,,,,,,10.5,default,375.2,"POLYGON ((358873.5075509808 3465610.881036772, 358873.6732813405 3465623.1962238983, 358843.96304322337 3465623.5960891, 358843.78892255947 3465610.660153626, 358873.5075509808 3465610.881036772))"
apartments,,,,,,10.5,default,842.4,"POLYGON ((358833.2970323354 3465613.2737352606, 358832.24223967514 3465626.83598732, 358775.91345015215 3465628.2152624014, 358775.6977466687 3465612.1977563077, 358833.2970323354 3465613.2737352606))"
apartments,,,,,,10.5,default,667.4,"POLYGON ((358919.7281992852 3465547.9514190555, 358920.4336522041 3465537.4205739833, 358855.3104988012 3465537.4542532815, 358855.44640864833 3465547.552484421, 358919.7281992852 3465547.9514190555))"
apartments,,,,,,10.5,default,547.3,"POLYGON ((358982.30855699396 3465547.1097329683, 358982.16710530076 3465536.5902832504, 358930.58207863045 3465536.8627590174, 358929.8766154889 3465547.3936030273, 358982.30855699396 3465547.1097329683))"
apartments,,,,,,10.5,default,285.1,"POLYGON ((358985.9412977644 3465597.1287734048, 358985.82816709235 3465588.7154300762, 358954.5211181445 3465587.8725561416, 358954.2325466268 3465597.5551959993, 358985.9412977644 3465597.1287734048))"
apartments,,,,,,10.5,default,280.3,"POLYGON ((358982.64795320417 3465572.349762018, 358982.9195609449 3465561.4034600873, 358956.2886422451 3465562.1828897577, 358956.00573202665 3465572.2867505574, 358982.64795320417 3465572.349762018))"
apartments,,,,,,10.5,default,800.4,"POLYGON ((357952.81088049617 3463789.1527860067, 357898.1104168289 3463771.622320073, 357902.4053163938 3463758.3708629645, 357957.1056893314 3463775.8902684487, 357952.81088049617 3463789.1527860067))"
yes,,,,,,10.5,default,1353.9,"POLYGON ((359469.09432341065 3464945.2059716857, 359467.78853213607 3464913.1051745797, 359425.6812792536 3464914.8002352933, 359426.9871996768 3464946.9010318886, 359469.09432341065 3464945.2059716857))"
yes,,,,,,10.5,default,2848.6,"POLYGON ((359322.99759371893 3465013.795681667, 359326.70545121434 3465023.4025136363, 359333.2044423059 3465032.4619244514, 359343.95038942643 3465033.836702905, 359351.0533108001 3465030.437605206, 359353.00476718 3465024.058730618, 359361.82890215714 3465024.0845403033, 359361.79892026115 3465037.466648545, 359396.6573352917 3465037.553658557, 359396.7944677258 3464991.6859477027, 359338.60475554946 3464991.5348292515, 359338.57421980414 3465002.0343908295, 359330.5020537776 3465002.009601894, 359323.1556891902 3465006.4208720215, 359322.99759371893 3465013.795681667))"
yes,,,,,,10.5,default,2498.6,"POLYGON ((359344.8415446604 3465065.5106852786, 359344.66307028715 3465042.9737149365, 359233.8020576048 3465043.8733230205, 359233.98077021574 3465066.4103001333, 359344.8415446604 3465065.5106852786))"
yes,,,,,,10.5,default,908.7,"POLYGON ((359873.12332280347 3465049.803254512, 359872.6709350293 3464991.7148734783, 359857.03339824534 3464991.835096326, 359857.4763557319 3465049.923606976, 359873.12332280347 3465049.803254512))"
yes,,,,,,10.5,default,4128.8,"POLYGON ((359844.6293814153 3464944.727043528, 359810.2800255666 3464944.9975895267, 359810.4948275321 3464973.177172429, 359844.8440910888 3464972.9066237914, 359844.94780113583 3464985.6549695423, 359874.73795232794 3464985.412175539, 359873.9108961364 3464879.323306478, 359844.1202954905 3464879.5550071816, 359844.6293814153 3464944.727043528))"
yes,,,,,,10.5,default,1925.1,"POLYGON ((359751.0866725035 3464906.098388347, 359797.03831529745 3464905.739092698, 359796.71635339945 3464863.846665964, 359750.76452706254 3464864.2059563766, 359751.0866725035 3464906.098388347))"
yes,,,,,,10.5,default,1925.7,"POLYGON ((359665.1596458858 3464905.9948169063, 359711.11130488734 3464905.6351448647, 359710.7888516964 3464863.7316236394, 359664.8370091058 3464864.0912904423, 359665.1596458858 3464905.9948169063))"
residential,,,,,,10.5,default,236.5,"POLYGON ((359719.4407686681 3465962.4002138446, 359726.2373228026 3465962.4645034564, 359726.27909950877 3465958.4727162956, 359729.70592599286 3465958.5044809096, 359729.6366828835 3465965.4235361298, 359738.2609136849 3465965.507730925, 359738.2857122129 3465962.380937212, 359740.33226147713 3465962.3979085097, 359740.39597254223 3465956.487821481, 359735.6269333989 3465956.4407475763, 359735.6946718425 3465950.120397017, 359728.9836065748 3465950.043870526, 359729.00464389246 3465948.0590617624, 359722.99806420074 3465947.995288343, 359722.927342084 3465954.803496049, 359719.519398133 3465954.760394225, 359719.4407686681 3465962.4002138446))"
residential,,,,,,10.5,default,236.4,"POLYGON ((359715.25906619395 3465932.2669509305, 359722.05563999544 3465932.3312385343, 359722.0974159567 3465928.3394514723, 359725.52425235684 3465928.3712150743, 359725.4550105499 3465935.290270126, 359734.07926630747 3465935.374462374, 359734.10406422673 3465932.247668739, 359736.15076769213 3465932.275724193, 359736.21432938287 3465926.354552548, 359731.44527643896 3465926.3074800503, 359731.5130137081 3465919.987129647, 359724.81159341807 3465919.9215625925, 359724.8229659662 3465917.925796422, 359718.81651718426 3465917.8731095362, 359718.7456480445 3465924.670232316, 359715.33784252836 3465924.6382162576, 359715.25906619395 3465932.2669509305))"
residential,,,,,,10.5,default,236.5,"POLYGON ((359706.5294999018 3465902.9706084593, 359713.3260930026 3465903.0348910918, 359713.3678664665 3465899.043104041, 359716.7947125968 3465899.074865137, 359716.7254751277 3465905.9939201646, 359725.34975537617 3465906.0781061044, 359725.3840674461 3465902.9511851827, 359727.42126059945 3465902.979366442, 359727.48481859016 3465897.058194813, 359722.71575210313 3465897.0111258035, 359722.7834854225 3465890.6907754177, 359716.08204610203 3465890.625213266, 359716.10293351725 3465888.6293197963, 359710.0869515397 3465888.5767646153, 359710.0160866531 3465895.3738873755, 359706.60812315415 3465895.330789048, 359706.5294999018 3465902.9706084593))"
residential,,,,,,10.5,default,236.5,"POLYGON ((359688.4844383702 3465874.574990175, 359695.28105054406 3465874.6392617826, 359695.3228179435 3465870.647474572, 359698.74967368704 3465870.679230108, 359698.68044673617 3465877.598285407, 359707.30475119315 3465877.682457355, 359707.3295423635 3465874.5556636234, 359709.37610909843 3465874.5726294997, 359709.4398064002 3465868.6625423944, 359704.6707265269 3465868.615481122, 359704.7384502484 3465862.295130483, 359698.0368438073 3465862.2184944428, 359698.0578765016 3465860.233685654, 359692.04172933084 3465860.1700554723, 359691.9708747688 3465866.967178501, 359688.56305000966 3465866.9351704647, 359688.4844383702 3465874.574990175))"
residential,,,,,,10.5,default,236.4,"POLYGON ((359629.7300185977 3465843.952585092, 359636.5268012241 3465844.0279041165, 359636.5683987653 3465840.025031279, 359639.99541400926 3465840.0678527467, 359639.9260759296 3465846.975824769, 359648.5504084091 3465847.0599493315, 359648.58469891385 3465843.9330275953, 359650.63142064575 3465843.961066991, 359650.6854216043 3465838.0400211965, 359645.91632622865 3465837.9929861277, 359645.98401594453 3465831.672634106, 359639.2825360398 3465831.6071196455, 359639.30355805426 3465829.6223104256, 359633.2969075127 3465829.5585859143, 359633.22608952434 3465836.355710416, 359629.8087375089 3465836.323848489, 359629.7300185977 3465843.952585092))"
residential,,,,,,10.5,default,236.5,"POLYGON ((359656.8784653565 3465854.875508979, 359663.6750914962 3465854.939760572, 359663.71684742864 3465850.9479729156, 359667.143710213 3465850.97971836, 359667.07435479655 3465857.8876896645, 359675.69882532326 3465857.9829209796, 359675.73312366946 3465854.8559995745, 359677.7796946046 3465854.872959428, 359677.84337494127 3465848.9628716507, 359673.0646207451 3465848.9048670046, 359673.13232631795 3465842.584515652, 359666.43085440696 3465842.518984104, 359666.4518814038 3465840.5341750914, 359660.4452380419 3465840.470435265, 359660.3744029957 3465847.267559056, 359656.9570550539 3465847.235688414, 359656.8784653565 3465854.875508979))"
yes,,,,,,10.5,default,98.9,"POLYGON ((358301.0707621377 3463946.034286089, 358304.7423389846 3463939.465675046, 358316.24237822625 3463945.8294198834, 358312.5612789232 3463952.3981553004, 358301.0707621377 3463946.034286089))"
yes,,,,,,10.5,default,98.8,"POLYGON ((358330.0412579407 3463955.3551335484, 358326.618983509 3463948.6605732124, 358338.3432733628 3463942.7260684394, 358341.7655418178 3463949.42063234, 358330.0412579407 3463955.3551335484))"
yes,,,,,,10.5,default,98.8,"POLYGON ((358381.07035018253 3464006.4083197457, 358388.25514431554 3464004.1050816374, 358392.28830388375 3464016.567629705, 358385.1035177043 3464018.8708653734, 358381.07035018253 3464006.4083197457))"
commercial,,,,,,10.5,default,2144.7,"POLYGON ((357896.11700929 3464763.763948768, 357904.74317185604 3464768.126174108, 357910.5299707797 3464756.8279264523, 357928.194529401 3464765.7685607933, 357895.0149603507 3464830.67676564, 357879.0468801012 3464822.5890647327, 357874.391812094 3464831.698983022, 357864.0499472691 3464826.461998743, 357896.11700929 3464763.763948768))"
commercial,,,,,,31.5,levels_x3.5,1883.2,"POLYGON ((357700.25692870317 3466023.8776088874, 357712.20320456463 3465992.4173069154, 357764.5904208126 3466012.1285242517, 357752.6438667405 3466043.5776776755, 357700.25692870317 3466023.8776088874))"
commercial,,,,,,31.5,levels_x3.5,1832.5,"POLYGON ((357720.6220730676 3465971.7480448307, 357739.9120642238 3465920.3315924057, 357771.19340552913 3465931.95865092, 357751.8937729022 3465983.375170911, 357720.6220730676 3465971.7480448307))"
commercial,,,,,,31.5,levels_x3.5,1838.1,"POLYGON ((357782.98662512435 3466010.5929212724, 357771.9010152673 3466041.6645065215, 357824.43415583496 3466060.232081368, 357835.5295616855 3466029.171511605, 357782.98662512435 3466010.5929212724))"
commercial,,,,,,31.5,levels_x3.5,1974.1,"POLYGON ((357842.2780090072 3466008.835436445, 357872.56689543225 3465990.8078417024, 357901.4093325604 3466038.810999368, 357871.1110285773 3466056.838644272, 357842.2780090072 3466008.835436445))"
commercial,,,,,,31.5,levels_x3.5,1955.0,"POLYGON ((357828.54520421446 3465989.287043662, 357799.1751551975 3465941.0140501373, 357828.81933162495 3465923.1613828395, 357858.1797686587 3465971.434584009, 357828.54520421446 3465989.287043662))"
commercial,,,,,,31.5,levels_x3.5,1900.4,"POLYGON ((357822.002599761 3465911.7900119224, 357793.40339529957 3465864.2272208934, 357763.9829795102 3465881.7443407215, 357792.572762546 3465929.307184887, 357822.002599761 3465911.7900119224))"
commercial,,,,,,31.5,levels_x3.5,1907.2,"POLYGON ((357696.0943435839 3465881.9669604464, 357692.349946463 3465846.6174613875, 357745.7175111021 3465841.0151275825, 357749.4615778952 3465876.3535540947, 357696.0943435839 3465881.9669604464))"
yes,,,,,,10.5,default,333.4,"POLYGON ((359859.72114917124 3464127.0132093728, 359841.10475182306 3464127.284046287, 359841.3629227154 3464145.1856334545, 359859.9794363297 3464144.9258805774, 359859.72114917124 3464127.0132093728))"
apartments,,,,,,21.0,levels_x3.5,795.9,"POLYGON ((359810.84268048644 3464057.4761973857, 359810.9095021507 3464043.2399693592, 359754.97915324697 3464043.00066388, 359754.9122592177 3464057.225810265, 359810.84268048644 3464057.4761973857))"
apartments,,,,,,21.0,levels_x3.5,1060.1,"POLYGON ((359747.98211888876 3464045.1230565, 359669.8148325308 3464021.4448001995, 359666.0207113746 3464033.8572325567, 359744.1879170593 3464057.53545798, 359747.98211888876 3464045.1230565))"
apartments,,,,,,21.0,levels_x3.5,773.1,"POLYGON ((359653.11175939953 3464014.605960329, 359594.5355073364 3463994.502229252, 359590.44761997275 3464006.2977668983, 359649.0238166264 3464026.401473395, 359653.11175939953 3464014.605960329))"
apartments,,,,,,21.0,levels_x3.5,436.0,"POLYGON ((359723.0508707716 3464003.1383453635, 359722.77620670944 3464015.348488995, 359758.45630271285 3464016.1243458735, 359758.7213421393 3464003.90324714, 359723.0508707716 3464003.1383453635))"
apartments,,,,,,21.0,levels_x3.5,623.1,"POLYGON ((359697.0260533072 3463997.565991911, 359698.08907426056 3463984.5138016716, 359650.64920919365 3463980.669196909, 359649.57658014685 3463993.710436576, 359697.0260533072 3463997.565991911))"
apartments,,,,,,21.0,levels_x3.5,819.6,"POLYGON ((359691.541794266 3463961.8957561785, 359691.8702739697 3463949.440983649, 359626.10522540275 3463947.7484482154, 359625.7768234211 3463960.2032255926, 359691.541794266 3463961.8957561785))"
apartments,,,,,,21.0,levels_x3.5,819.6,"POLYGON ((359688.6440837615 3463931.0025704065, 359688.97256331844 3463918.547798231, 359623.2073202075 3463916.8552740114, 359622.8789183721 3463929.310051034, 359688.6440837615 3463931.0025704065))"
yes,,,,,,10.5,default,2689.5,"POLYGON ((357770.17696966033 3464738.8956213766, 357769.88224863046 3464717.158347288, 357835.6751354728 3464716.2665148377, 357844.7006959288 3464710.0575378602, 357864.87942339 3464669.893725481, 357886.732079322 3464678.7997279586, 357868.23592588876 3464714.583576987, 357825.58860918705 3464736.902752197, 357770.17696966033 3464738.8956213766))"
residential,,,,,兰花村,10.5,default,25443.2,"POLYGON ((359639.164021212 3464461.3545919936, 359674.6616186575 3464348.9592672936, 359868.72884543514 3464409.426626563, 359852.8520903364 3464523.5325173265, 359792.8145234175 3464504.24559003, 359733.1647229213 3464497.6037597144, 359636.70587066165 3464464.7467575646, 359639.164021212 3464461.3545919936))"
school,,,,,,10.5,default,1642.7,"POLYGON ((359352.7432038964 3464155.3716194616, 359354.4476692022 3464151.146898955, 359351.55682083406 3464149.9550223867, 359348.09829431376 3464151.8639556193, 359344.25403002545 3464151.272458803, 359341.35114376934 3464149.1827207543, 359340.09558212233 3464145.70723087, 359339.8356601391 3464142.650776271, 359340.69258314196 3464139.8232575497, 359341.8930222499 3464138.4767564246, 359344.2346994456 3464137.0484361076, 359348.15794976195 3464136.4304201948, 359351.0230721546 3464137.833288829, 359353.0100273286 3464139.769006273, 359354.02244941745 3464142.1501699043, 359354.03418775206 3464143.025864631, 359357.29087202705 3464144.52326675, 359359.74816001125 3464138.2263236707, 359355.7095333309 3464136.6285348204, 359360.4748198158 3464122.839282675, 359364.51151938224 3464124.292971837, 359365.6062461208 3464121.451181498, 359358.56313088286 3464119.4169324804, 359359.67853522697 3464115.987267402, 359350.08674223506 3464113.4328496945, 359355.2134207974 3464098.90702695, 359360.343774315 3464100.9890859392, 359361.24009742186 3464099.679923963, 359368.8463987063 3464102.5381319807, 359367.20022303145 3464106.141210808, 359373.6092200038 3464108.4500463353, 359374.30284812645 3464106.9329542075, 359381.10563671356 3464109.502598017, 359376.91749248095 3464122.319558, 359373.6493459033 3464121.3877266864, 359369.14787350653 3464134.264323795, 359374.5812892613 3464136.2314595357, 359374.8873620049 3464134.9191227667, 359382.1148658107 3464137.216992552, 359381.4386402182 3464138.6118969764, 359387.9441286146 3464141.019227647, 359388.4273261571 3464139.4273492987, 359394.91021172394 3464141.568905498, 359387.4652446187 3464162.8221634245, 359384.82498398307 3464161.859741185, 359383.79658396356 3464164.6784672723, 359352.7432038964 3464155.3716194616))"
yes,,,,,,10.5,default,6260.0,"POLYGON ((359901.6008780836 3463936.217167988, 359902.1211231352 3463906.021130189, 359903.07875861006 3463850.8298283536, 359906.72499753034 3463840.1490018032, 359914.2937632076 3463835.2030694103, 359923.11033420404 3463831.737190494, 359929.9601403487 3463832.1224834044, 359934.89318060264 3463835.8261149772, 359950.08503279695 3463847.120255008, 359976.59666520904 3463864.9042911283, 359988.7220804759 3463873.2681673276, 360016.14349729184 3463892.182088025, 360020.2556236894 3463895.009772726, 360023.6651791072 3463900.1196036623, 360022.7331688674 3463905.897118436, 360020.76273987815 3463908.761597964, 360005.81988685974 3463926.8216152233, 359997.45435748145 3463921.279011145, 359969.7259856637 3463902.90139832, 359957.80682497163 3463895.011520054, 359930.85316536704 3463878.3421031586, 359930.0814707837 3463878.296970563, 359926.928906392 3463878.8933879673, 359926.66487176734 3463906.181283855, 359926.3777688482 3463936.0194302606, 359901.6008780836 3463936.217167988))"
commercial,,,,,五角场大楼,10.5,default,2138.5,"POLYGON ((358602.67752524884 3463942.8194123534, 358607.3049266094 3463923.10021321, 358607.3896762465 3463920.2054240704, 358607.7108147297 3463918.6046018586, 358611.2531530638 3463913.7341255955, 358645.2210777301 3463914.562552653, 358644.98264332255 3463932.9032802135, 358676.0047034098 3463942.607641845, 358675.54386940104 3463966.35061811, 358602.67752524884 3463942.8194123534))"
commercial,,,,,,10.5,default,650.0,"POLYGON ((359223.9254296784 3464009.8672643863, 359229.77089786105 3463988.6131690633, 359258.4784392124 3463996.8646451184, 359252.38205036416 3464012.190682811, 359257.8693843826 3464015.332233038, 359250.9928620886 3464022.885846152, 359245.1286870309 3464017.19940474, 359241.29508392885 3464010.310532273, 359231.58046954114 3464009.254574384, 359229.93119994237 3464013.334447152, 359223.9254296784 3464009.8672643863))"
retail,,,,,商城,10.5,default,3374.2,"POLYGON ((359697.79457094544 3464242.982364454, 359715.9602696155 3464188.3702008026, 359772.05986362475 3464208.452216598, 359754.3853488191 3464261.3725255756, 359697.79457094544 3464242.982364454))"
yes,,,,,,10.5,default,592.5,"POLYGON ((357967.807137015 3465213.8714815364, 357968.98457994655 3465230.530122706, 358004.36957159045 3465228.055378503, 358003.20170180924 3465211.39660662, 357967.807137015 3465213.8714815364))"
yes,,,,,,10.5,default,6356.3,"POLYGON ((358033.7031927585 3465417.7307981825, 358032.3009275787 3465333.124046203, 358107.4035910774 3465331.874884869, 358108.81476646266 3465416.481495858, 358033.7031927585 3465417.7307981825))"
yes,,,,,,10.5,default,9214.1,"POLYGON ((357909.16069426853 3465412.5103116534, 357872.5812163978 3465384.390849388, 357851.3039859935 3465351.1193663, 357856.5231388264 3465333.7864295435, 358002.9056145969 3465340.6840786333, 358001.397483174 3465376.226688514, 357969.15355687274 3465411.6976789734, 357909.16069426853 3465412.5103116534))"
apartments,,,,,,70.0,levels_x3.5,589.5,"POLYGON ((358369.1132405263 3466023.2477473803, 358371.32657827187 3466011.6543006003, 358420.373610868 3466020.9478887394, 358418.15085568605 3466032.552536701, 358369.1132405263 3466023.2477473803))"
apartments,,,,,,108.5,levels_x3.5,486.2,"POLYGON ((358068.7625822182 3466008.6942226887, 358068.22807353863 3465993.1133704474, 358099.39427414327 3465992.059602604, 358099.92873642006 3466007.6404547226, 358068.7625822182 3466008.6942226887))"
apartments,,,,,,108.5,levels_x3.5,486.2,"POLYGON ((358026.02365316043 3466030.903240125, 358025.48907992756 3466015.3223873028, 358056.6552165141 3466014.268489866, 358057.18974334386 3466029.8493425646, 358026.02365316043 3466030.903240125))"
apartments,,,,,,63.0,levels_x3.5,398.6,"POLYGON ((358008.4966559983 3465798.6052987315, 358008.8763141098 3465808.367657795, 358020.4828643376 3465807.966592584, 358020.61212430417 3465811.8895811643, 358029.80228853883 3465811.576677516, 358029.6799354414 3465808.1635897583, 358040.54451645794 3465807.7947658096, 358040.19574998796 3465797.4998209784, 358031.062671234 3465797.8119420325, 358030.922398334 3465793.7782343724, 358019.35374761635 3465794.1676872475, 358019.4938748884 3465798.1903101164, 358008.4966559983 3465798.6052987315))"
apartments,,,,,,10.5,default,398.6,"POLYGON ((358092.1422691601 3465907.7093545794, 358092.4748710568 3465917.516698287, 358104.08129883464 3465917.1157212197, 358104.2105287637 3465921.0387102338, 358113.4005960075 3465920.725876378, 358113.27826914785 3465917.3127881666, 358124.142735497 3465916.9440467283, 358123.7940479567 3465906.6491006864, 358114.66106558207 3465906.9611523813, 358114.5208236467 3465902.9274442205, 358102.9522950512 3465903.3168092417, 358103.0923914437 3465907.3394326097, 358092.1422691601 3465907.7093545794))"
apartments,,,,,,10.5,default,319.7,"POLYGON ((358050.2831640819 3465862.764483109, 358049.95052422455 3465852.957139979, 358026.697808982 3465853.637804235, 358026.9082050554 3465860.741615557, 358022.6743857827 3465860.8654602584, 358022.81595249544 3465865.6974027995, 358033.3576728249 3465865.3883739864, 358033.46549502877 3465869.1342636948, 358040.7629322459 3465868.9246001635, 358040.63689261273 3465864.535920862, 358050.2842390932 3465864.2501040217, 358050.2831640819 3465862.764483109))"
apartments,,,,,,10.5,default,398.6,"POLYGON ((358049.95052422455 3465852.957139979, 358050.2831640819 3465862.764483109, 358061.8896532887 3465862.3634615415, 358062.01889838406 3465866.286450339, 358071.20901428256 3465865.9735812466, 358071.0866741788 3465862.5604932643, 358081.95119805157 3465862.191710169, 358081.60247066524 3465851.8967647357, 358072.4694399403 3465852.208851445, 358072.3291823731 3465848.1751435366, 358060.7605925142 3465848.56455291, 358060.90070449666 3465852.587176029, 358049.95052422455 3465852.957139979))"
apartments,,,,,,108.5,levels_x3.5,691.0,"POLYGON ((358105.2391965308 3465963.997344029, 358105.19237756904 3465959.130859, 358108.5709045109 3465959.107314018, 358108.50075361313 3465951.813128996, 358158.4924767047 3465951.391760559, 358158.56267324765 3465959.3955005235, 358160.71346862207 3465959.3774933377, 358160.7544140017 3465963.811670503, 358151.1425266538 3465963.8973476877, 358151.1818956748 3465967.5111210863, 358143.9301599066 3465967.575964154, 358143.8992547804 3465963.8844683543, 358123.60000630777 3465964.0593272974, 358123.623569384 3465967.207668084, 358116.9142517183 3465967.2651906055, 358116.88768681587 3465963.8951537507, 358105.2391965308 3465963.997344029))"
apartments,,,,,,52.5,levels_x3.5,342.4,"POLYGON ((358008.8763141098 3465808.367657795, 358008.4966559983 3465798.6052987315, 357982.54464709247 3465799.5776028093, 357982.84111021715 3465807.4119796813, 357980.9003908104 3465807.482610793, 357981.0618174313 3465811.6712480104, 357991.6785222619 3465811.2724698037, 357991.8239734068 3465814.984589472, 357999.52959770046 3465814.6917634746, 357999.365026196 3465810.270345406, 358008.9257263321 3465809.908058522, 358008.8763141098 3465808.367657795))"
apartments,,,,,,108.5,levels_x3.5,715.4,"POLYGON ((357951.488491687 3466056.8137669936, 357951.33652727434 3466051.2169714323, 357953.9149273463 3466051.1487806267, 357953.72441046766 3466044.111218227, 358004.4835818442 3466042.758489689, 358004.69288770517 3466050.483180758, 358006.99532211595 3466050.4187402325, 358007.1320364998 3466055.5944418083, 357996.3998858571 3466055.8839120045, 357996.4916022157 3466059.1422002027, 357990.4120503863 3466059.313232814, 357990.3158282571 3466055.7224004525, 357969.5270157686 3466056.2811494786, 357969.6197915477 3466059.6170313866, 357962.08443482564 3466059.818887268, 357961.9922572821 3466056.52734456, 357951.488491687 3466056.8137669936))"
apartments,,,,,,10.5,default,319.7,"POLYGON ((358092.4748710568 3465917.516698287, 358092.1422691601 3465907.7093545794, 358068.88967743586 3465908.3899296904, 358069.100046179 3465915.4937413144, 358064.8662493996 3465915.6175697846, 358065.00779753097 3465920.4495125255, 358075.5494618629 3465920.140524126, 358075.65726967226 3465923.8864139817, 358082.95466810727 3465923.6767784273, 358082.8286453398 3465919.2880989537, 358092.47594058263 3465919.002319098, 358092.4748710568 3465917.516698287))"
yes,,,,,,14.0,levels_x3.5,1893.9,"POLYGON ((357728.72554045985 3465750.3445894495, 357712.66989044216 3465728.69916786, 357710.3652620914 3465723.6970098815, 357713.5607481559 3465719.2965204665, 357752.64251843083 3465715.8172127125, 357759.4492497234 3465718.718331582, 357761.4803848013 3465729.522628698, 357769.6622420392 3465735.5648523183, 357775.12016541464 3465755.513667967, 357774.3650998374 3465759.492999186, 357771.3420824574 3465761.8733246787, 357749.5964051369 3465759.2967943107, 357747.2644972631 3465758.5966955787, 357746.0487918358 3465756.6840759926, 357742.14423817035 3465751.61492112, 357740.20133725513 3465750.122380539, 357737.7478196154 3465749.579149416, 357728.72554045985 3465750.3445894495))"
yes,,,,,,14.0,levels_x3.5,736.4,"POLYGON ((357717.4144335569 3465762.7046746262, 357704.4822510973 3465769.9313861514, 357701.31752915046 3465770.2847623355, 357698.989269772 3465769.152237662, 357687.83548738586 3465759.4363055304, 357686.5533069961 3465757.535681279, 357684.5791517523 3465750.23406571, 357683.6094704937 3465746.1118308506, 357684.77957301924 3465742.5592460134, 357687.6551301837 3465740.5356753096, 357689.8514894444 3465739.6632681414, 357699.94701787876 3465738.728015253, 357703.3191134389 3465738.9261675905, 357705.4511454897 3465740.327440516, 357717.63829958916 3465757.457558153, 357718.3952303282 3465759.930741829, 357717.4144335569 3465762.7046746262))"
yes,,,,,,70.0,levels_x3.5,1666.8,"POLYGON ((357680.45030595036 3465622.0374368406, 357705.1628088334 3465620.1721039237, 357710.270112354 3465687.2225734494, 357685.5482514389 3465689.0880294074, 357680.45030595036 3465622.0374368406))"
yes,,,,,,35.0,levels_x3.5,2082.9,"POLYGON ((357786.8553317235 3465617.20136387, 357849.9175629419 3465605.5699603246, 357853.35664640483 3465624.049451003, 357848.1346222596 3465625.007182287, 357851.5838221591 3465643.530882975, 357805.6118441013 3465652.014701989, 357803.7634638961 3465642.0505209654, 357800.4879611925 3465642.6603645664, 357798.8967255313 3465634.1118130907, 357793.2286400465 3465635.1643155045, 357791.2472126021 3465624.5145561877, 357788.31339502987 3465625.053248829, 357786.8553317235 3465617.20136387))"
yes,,,,,,101.5,levels_x3.5,1408.3,"POLYGON ((357719.67387931846 3465622.6693196837, 357744.3874355814 3465620.8816729984, 357748.51615323673 3465677.557049897, 357723.7932144481 3465679.344820972, 357719.67387931846 3465622.6693196837))"
yes,,,,,,17.5,levels_x3.5,1427.2,"POLYGON ((357719.6838975539 3465772.130963235, 357695.5741563557 3465781.915197658, 357693.15603327146 3465783.2784349704, 357691.69612100045 3465785.814961979, 357691.87031983386 3465798.651169853, 357693.2344917606 3465800.9830690143, 357695.3404105124 3465801.8636118937, 357726.9036725615 3465796.357550591, 357736.6279825047 3465788.409392539, 357740.0527976608 3465788.285322065, 357744.22613704577 3465792.1201894707, 357746.47359417705 3465792.9101276044, 357750.6925137073 3465792.3872483657, 357764.7745515286 3465789.236043215, 357767.6054909314 3465788.1333077797, 357768.7955062017 3465785.3454555282, 357767.1683868163 3465775.5556668807, 357765.3254503418 3465772.3100445378, 357762.1622129844 3465770.6677499684, 357736.0605600373 3465779.5586996544, 357719.6838975539 3465772.130963235))"
yes,,,,,,10.5,default,367.9,"POLYGON ((358001.2819334312 3465912.4650005004, 358001.143623 3465902.9543689406, 358003.275248821 3465902.925502819, 358003.20869184553 3465898.7134068455, 358028.1124116265 3465898.365110462, 358028.2326876406 3465906.545565222, 358029.32704863435 3465906.5307483217, 358029.40193864057 3465912.0620643715, 358001.2819334312 3465912.4650005004))"
yes,,,,,,10.5,default,400.0,"POLYGON ((357924.692174194 3465854.232216031, 357924.6379150376 3465848.8225741056, 357926.0558345568 3465848.8033628548, 357925.97560753254 3465839.369550624, 357951.2046790698 3465839.1386258164, 357951.243007372 3465843.3732782295, 357952.9083498012 3465843.350718957, 357953.00461969804 3465853.9706044514, 357924.692174194 3465854.232216031))"
yes,,,,,,10.5,default,371.8,"POLYGON ((357881.12598428363 3465864.5900910804, 357880.8794330541 3465854.825925952, 357891.6882227721 3465854.5574829304, 357891.56232334836 3465849.4814163977, 357902.06674887124 3465849.2281959793, 357902.1885874874 3465854.0049727443, 357911.41798299854 3465853.780126486, 357911.6594955751 3465863.8769643437, 357901.26927969465 3465864.1286282027, 357901.3251671687 3465866.145675689, 357893.0377382341 3465866.346678908, 357892.9813984975 3465864.296376993, 357881.12598428363 3465864.5900910804))"
yes,,,,,,56.0,levels_x3.5,376.4,"POLYGON ((357898.2838968741 3465920.5567543525, 357900.27307770797 3465920.551971192, 357900.25623010774 3465911.5829454367, 357924.80236844317 3465911.538592694, 357924.8073543675 3465915.4189188895, 357926.3766225913 3465915.3311355296, 357926.49962782545 3465924.409590304, 357926.49876844784 3465925.7511095116, 357898.28848770546 3465925.811854699, 357898.2838968741 3465920.5567543525))"
yes,,,,,,49.0,levels_x3.5,334.4,"POLYGON ((357926.49962782545 3465924.409590304, 357926.3766225913 3465915.3311355296, 357928.4796979212 3465915.302640917, 357928.428333945 3465911.511637874, 357952.19038838765 3465911.2008017576, 357952.29139145964 3465919.35934617, 357954.3183364024 3465919.3318880103, 357954.3821544585 3465924.042929588, 357926.49962782545 3465924.409590304))"
yes,,,,,,35.0,levels_x3.5,749.6,"POLYGON ((357876.96476126666 3465795.6309078992, 357921.9262822814 3465768.812345869, 357928.33338903176 3465779.4575969893, 357924.2830352428 3465781.8850562614, 357925.9285351384 3465784.612297639, 357911.237881695 3465793.425817908, 357909.86514367885 3465791.160529921, 357902.83168435574 3465795.4023139537, 357903.99977483106 3465797.315595363, 357891.32110195444 3465804.993197939, 357889.4911809591 3465802.002376763, 357883.2134805303 3465805.823719611, 357876.96476126666 3465795.6309078992))"
yes,,,,,,10.5,default,346.3,"POLYGON ((357942.159992901 3465978.7557519544, 357942.2063126368 3465987.092427719, 357940.81681005924 3465987.1001658924, 357940.84452360065 3465991.955826205, 357968.17733733973 3465991.774030122, 357968.10511902184 3465980.821212234, 357966.9917333141 3465980.8362936126, 357966.98043527856 3465978.5969053484, 357942.159992901 3465978.7557519544))"
yes,,,,,,10.5,default,364.0,"POLYGON ((357850.9415677 3465865.076837638, 357850.7687139512 3465855.13428328, 357860.0372263759 3465854.98646936, 357859.9517806667 3465850.087243548, 357870.7237128272 3465849.9079734967, 357870.81275937345 3465855.0732345264, 357880.8794330541 3465854.825925952, 357881.12598428363 3465864.5900910804, 357870.0209996698 3465864.7738654795, 357870.0568089917 3465866.7135773567, 357863.08171726007 3465866.8302955506, 357863.0457563929 3465864.879498845, 357850.9415677 3465865.076837638))"
yes,,,,,,10.5,default,369.9,"POLYGON ((357968.17733733973 3465991.774030122, 357968.10511902184 3465980.821212234, 357970.0264738033 3465980.728665753, 357969.975009883 3465978.334605844, 357994.61950649525 3465977.834515965, 357994.76286406163 3465984.9059762936, 357997.0749791697 3465984.85249005, 357997.21112959855 3465991.3918798375, 357968.17733733973 3465991.774030122))"
yes,,,,,,10.5,levels_x3.5,524.3,"POLYGON ((357874.38563477545 3465802.672746721, 357878.90514700674 3465812.390085185, 357857.38604860264 3465822.305137158, 357859.03316340933 3465825.852773132, 357843.813765554 3465832.8664059457, 357838.9509395872 3465822.399830132, 357839.01654657355 3465819.5163616952, 357840.86064430454 3465816.531174582, 357874.38563477545 3465802.672746721))"
yes,,,,,,10.5,default,388.1,"POLYGON ((357953.00461969804 3465853.9706044514, 357981.01089192845 3465853.59126081, 357980.937120813 3465848.847094431, 357979.1956495297 3465848.870680369, 357979.0316837235 3465838.872575665, 357954.2903453562 3465839.274216017, 357954.354818649 3465843.3311248315, 357952.9083498012 3465843.350718957, 357953.00461969804 3465853.9706044514))"
yes,,,,,,10.5,default,345.4,"POLYGON ((357973.8002612577 3465912.9148002793, 357973.71772009064 3465908.226186364, 357975.75403307937 3465908.1875187317, 357975.6147412718 3465899.3088493696, 357998.6525381392 3465898.930321673, 357998.72636145476 3465902.9760167818, 358001.143623 3465902.9543689406, 358001.2819334312 3465912.4650005004, 357973.8002612577 3465912.9148002793))"
yes,,,,,,56.0,levels_x3.5,723.1,"POLYGON ((358474.3307430372 3465889.838573468, 358482.2822672446 3465900.718284897, 358525.7543461516 3465869.2549158717, 358517.8028469089 3465858.375172739, 358474.3307430372 3465889.838573468))"
apartments,,,,,,70.0,levels_x3.5,389.7,"POLYGON ((358435.06367291184 3465926.079247408, 358467.56252091954 3465932.780447516, 358469.50184688985 3465923.4413504205, 358460.86414293176 3465921.662095666, 358461.8477788045 3465916.970184168, 358446.86296662973 3465913.879677994, 358445.8794866494 3465918.5826759045, 358437.00312152493 3465916.751228171, 358435.06367291184 3465926.079247408))"
yes,,,,,,10.5,default,3499.1,"POLYGON ((357798.42337835755 3465691.8585042516, 357813.2839945253 3465685.747714622, 357833.05982141825 3465726.2569970856, 357883.70752022346 3465703.219417146, 357887.033917174 3465710.580345499, 357890.7928366853 3465709.1213773135, 357894.6882027734 3465717.0289392923, 357897.8036133608 3465715.8447779696, 357901.641873749 3465723.753116052, 357816.30868043855 3465767.727160971, 357809.3302413212 3465738.120131473, 357798.42337835755 3465691.8585042516))"
yes,,,,,,28.0,levels_x3.5,2447.1,"POLYGON ((357891.32331323484 3465609.8980849963, 357936.3890455655 3465672.914837855, 357909.3694794197 3465692.062007614, 357869.3099865103 3465636.0509156785, 357878.11541085533 3465629.811643381, 357875.14659435605 3465625.6610537684, 357881.1236858363 3465621.422486423, 357879.0766575418 3465618.5676504015, 357891.32331323484 3465609.8980849963))"
yes,,,,,,3.5,levels_x3.5,115.1,"POLYGON ((357831.54250475636 3465693.6711685173, 357826.3147832485 3465683.6751910755, 357835.37909020134 3465678.984527031, 357840.5972885117 3465688.980637699, 357831.54250475636 3465693.6711685173))"
yes,,,,,,10.5,default,749.1,"POLYGON ((358477.1120655628 3463873.5789853707, 358455.85179799295 3463865.617178435, 358468.3844153946 3463834.904064952, 358489.5959957397 3463843.487415537, 358477.1120655628 3463873.5789853707))"
yes,,,,,,10.5,default,1113.3,"POLYGON ((358426.2622891299 3463880.983500911, 358435.0410868717 3463857.815649813, 358455.85179799295 3463865.617178435, 358477.1120655628 3463873.5789853707, 358468.3428596632 3463896.757755267, 358426.2622891299 3463880.983500911))"
yes,,,,,,10.5,default,698.7,"POLYGON ((358437.61092074733 3463806.9702763283, 358441.8573413094 3463795.0168794063, 358493.8053646499 3463813.25244868, 358489.55904419045 3463825.21690776, 358437.61092074733 3463806.9702763283))"
yes,,,,,,10.5,default,1293.9,"POLYGON ((358522.74515881453 3463859.8258098867, 358530.5118934326 3463835.0086798347, 358578.0426689945 3463849.734261715, 358570.2758369183 3463874.5513534113, 358522.74515881453 3463859.8258098867))"
yes,,,,,,10.5,default,232.6,"POLYGON ((358517.97080034507 3463859.4577968097, 358522.39618552895 3463847.3578940225, 358505.4252480664 3463841.211821538, 358500.9903610073 3463853.311860341, 358517.97080034507 3463859.4577968097))"
yes,,,,,,10.5,default,238.2,"POLYGON ((358507.6901732949 3463831.2697050055, 358511.3376679993 3463820.0783156306, 358530.6039802126 3463826.3043213077, 358526.9563184525 3463837.4846186563, 358507.6901732949 3463831.2697050055))"
yes,,,,,,10.5,default,595.2,"POLYGON ((358594.8884053753 3463804.2067013737, 358583.14359741873 3463800.163087011, 358598.88878261787 3463754.905368447, 358610.6336331356 3463758.9490017947, 358594.8884053753 3463804.2067013737))"
yes,,,,,,10.5,default,243.2,"POLYGON ((358561.30169692636 3463795.667974996, 358553.19281742943 3463792.284940376, 358563.93033428234 3463766.795854596, 358572.0487471637 3463770.1787697044, 358561.30169692636 3463795.667974996))"
retail,,,,,,10.5,default,1795.7,"POLYGON ((359768.19840087765 3464255.0015082657, 359815.6563040569 3464269.55610571, 359804.9423893367 3464304.1124219093, 359757.48447390326 3464289.5467925845, 359768.19840087765 3464255.0015082657))"
yes,,,,,公共厕所,10.5,default,122.5,"POLYGON ((359934.1215259182 3464385.592818025, 359936.91145211144 3464377.096412968, 359949.93318875134 3464381.335088347, 359947.14325353457 3464389.8314896547, 359934.1215259182 3464385.592818025))"
yes,,,,,,10.5,default,183.9,"POLYGON ((359911.004413043 3464402.3652324122, 359910.7160382865 3464388.6104757832, 359924.0772729494 3464388.3322950746, 359924.3656301644 3464402.087051434, 359911.004413043 3464402.3652324122))"
retail,,,,,,10.5,default,586.0,"POLYGON ((359952.46965815325 3464393.784862423, 359954.7929954081 3464386.7027028883, 360010.86559352285 3464404.879372252, 360012.1554956287 3464400.9596407055, 360024.2305010862 3464404.878436669, 360020.6265880452 3464415.8690980724, 359952.46965815325 3464393.784862423))"
commercial,,,,,,10.5,default,2068.8,"POLYGON ((357776.21178867924 3464857.531565466, 357836.5019842468 3464856.647781779, 357845.86632764456 3464861.399078244, 357847.07200994156 3464859.054505716, 357858.8421199167 3464865.026022929, 357848.1957032809 3464885.780703114, 357785.4121931494 3464886.698231162, 357785.18206043064 3464870.4258850617, 357776.40741584694 3464870.555938377, 357776.21178867924 3464857.531565466))"
yes,,,,hotel,海军军医大学招待所,10.5,default,13936.0,"POLYGON ((359952.08573372546 3464581.0888565634, 360002.3118229646 3464598.489808984, 360048.0830870798 3464488.896778564, 359924.95140817284 3464445.960427913, 359917.1953141375 3464443.2590495506, 359913.6126648352 3464451.555399823, 359895.883057066 3464446.1933642654, 359892.7132045608 3464531.0157871563, 359910.15628040174 3464538.4548524455, 359916.2653327862 3464529.7367283986, 359955.6584547998 3464542.8141847816, 359963.16915899236 3464555.663202943, 359952.08573372546 3464581.0888565634))"
yes,,government,,,,10.5,default,446.2,"POLYGON ((358762.2186360254 3464990.0891246265, 358778.8455088238 3464976.4835143024, 358790.35403362825 3464975.0979446536, 358803.5044461429 3464991.0300065116, 358810.94699671253 3464990.242444083, 358810.9223135874 3464986.9943505437, 358795.94230546395 3464968.7919461173, 358776.2112625819 3464971.008851311, 358756.7083825507 3464985.9281717073, 358755.21950490755 3464990.58249452, 358762.2186360254 3464990.0891246265))"
apartments,,,,,,10.5,default,320.6,"POLYGON ((358402.7105047223 3464219.592311183, 358406.20514548785 3464208.3807558557, 358430.821277631 3464214.645221657, 358426.6456371457 3464227.5954951355, 358402.7105047223 3464219.592311183))"
apartments,,,,,,10.5,default,320.5,"POLYGON ((358395.6741793747 3464239.233278357, 358399.1783225628 3464228.0215914156, 358423.79441442504 3464234.2860393804, 358419.6091245683 3464247.225360273, 358395.6741793747 3464239.233278357))"
apartments,,,,,,10.5,default,265.6,"POLYGON ((358370.92955466325 3464413.1420514523, 358372.7024265869 3464403.4393500243, 358397.83746530244 3464410.095837986, 358394.81992924004 3464420.680103334, 358370.92955466325 3464413.1420514523))"
apartments,,,,,,10.5,default,265.6,"POLYGON ((358397.5429525514 3464422.128980036, 358399.31584679696 3464412.4262838247, 358424.44132677076 3464419.0829626424, 358421.4332849425 3464429.667091152, 358397.5429525514 3464422.128980036))"
apartments,,,,,,10.5,default,265.6,"POLYGON ((358422.85369363916 3464430.5237793964, 358424.61709163163 3464420.8212165833, 358449.7521998419 3464427.488911092, 358446.74413581245 3464438.073031628, 358422.85369363916 3464430.5237793964))"
apartments,,,,,,10.5,default,265.6,"POLYGON ((358428.55509260885 3464407.1978472965, 358430.31850111694 3464397.4952860908, 358455.4536599207 3464404.1629959433, 358452.445582038 3464414.747114048, 358428.55509260885 3464407.1978472965))"
apartments,,,,,,10.5,default,265.8,"POLYGON ((358403.9050511745 3464399.093458159, 358405.6778068943 3464389.379678919, 358430.8130034073 3464396.047330961, 358427.8049471638 3464406.63145683, 358403.9050511745 3464399.093458159))"
apartments,,,,,,10.5,default,265.8,"POLYGON ((358377.4957194363 3464391.123741184, 358379.26845275937 3464381.409956747, 358404.40368797665 3464388.077546774, 358401.39565518114 3464398.661680984, 358377.4957194363 3464391.123741184))"
yes,,,,,,3.5,measured,292.8,"POLYGON ((358219.7578802017 3465023.3505362347, 358219.55296680634 3465013.1201812364, 358248.5055878565 3465012.873001403, 358248.43253324385 3465022.9629835486, 358219.7578802017 3465023.3505362347))"
yes,,,,,,10.5,default,244.3,"POLYGON ((358219.6749081294 3465048.197197558, 358219.8088794423 3465032.0529921316, 358234.91231033776 3465031.8488511634, 358234.84493446443 3465047.9921551547, 358219.6749081294 3465048.197197558))"
yes,,,,,,10.5,default,239.4,"POLYGON ((358234.84493446443 3465047.9921551547, 358234.91231033776 3465031.8488511634, 358249.8063674062 3465031.6475614393, 358249.67145112075 3465047.725256088, 358234.84493446443 3465047.9921551547))"
yes,,,,,,3.5,measured,690.2,"POLYGON ((358196.9686199856 3465071.1212375998, 358196.6520986475 3465063.1984468107, 358280.97715564625 3465061.016612468, 358280.88235653145 3465069.499300384, 358196.9686199856 3465071.1212375998))"
yes,,,,,,21.0,levels_x3.5,226.4,"POLYGON ((358253.5915376287 3465047.6057593464, 358253.39691243717 3465038.8387245713, 358279.77021218324 3465038.6153972363, 358279.88403682923 3465047.039832116, 358253.5915376287 3465047.6057593464))"
yes,,,,,,21.0,levels_x3.5,266.5,"POLYGON ((358252.5721089615 3465024.2928924602, 358252.3110944206 3465014.839373054, 358280.1396545152 3465014.529862933, 358280.2713002566 3465024.273386645, 358252.5721089615 3465024.2928924602))"
yes,,,,,,10.5,default,205.8,"POLYGON ((358196.0886582289 3465057.429835592, 358196.23007717653 3465047.4719675356, 358216.8008649266 3465047.5375774065, 358216.8592823694 3465057.492742956, 358196.0886582289 3465057.429835592))"
yes,,,,,,10.5,default,196.6,"POLYGON ((358195.8366648243 3465043.7188573205, 358195.70958532975 3465034.3189598764, 358216.6878304981 3465034.246020601, 358216.53979838215 3465043.716156973, 358195.8366648243 3465043.7188573205))"
yes,,,,,,10.5,default,177.1,"POLYGON ((358195.5122825658 3465030.286028203, 358195.3985406923 3465021.8726767404, 358216.3795078067 3465021.9992638645, 358216.4276629049 3465030.491108932, 358195.5122825658 3465030.286028203))"
yes,,,,,非机动车停车库,3.0,measured,165.3,"POLYGON ((358222.7815858185 3465004.096225868, 358222.8875789996 3464996.4448952633, 358244.6452428288 3464996.283873049, 358244.3957298488 3465003.8817081912, 358222.7815858185 3465004.096225868))"
yes,,security,,,门卫室,10.5,default,232.8,"POLYGON ((358195.50368124235 3465019.0884659146, 358195.57758439606 3465009.0649903035, 358163.329219496 3465009.146231359, 358163.2844172068 3465015.688056247, 358188.6672687526 3465015.4224619553, 358188.50869910873 3465019.1830346207, 358195.50368124235 3465019.0884659146))"
yes,,,,,,10.5,default,1533.6,"POLYGON ((358199.55736517126 3464959.142718393, 358199.8118137063 3464943.462530647, 358209.3219273003 3464933.6662765723, 358266.39805713 3464932.362741698, 358278.5300306784 3464942.5982442438, 358278.3244793705 3464957.6790760583, 358265.2724987102 3464958.2545543103, 358255.97232274653 3464949.7768630255, 358220.74382290116 3464950.519051067, 358212.54901907453 3464959.033619625, 358199.55736517126 3464959.142718393))"
yes,recycling,,,,废品回收站,10.5,default,985.9,"POLYGON ((358163.0127736694 3465017.421272156, 358187.03274401923 3465017.0299744834, 358186.8775438068 3465025.968042348, 358184.92656362546 3465025.994419837, 358185.2182877868 3465037.0107659237, 358182.7865903751 3465037.387334488, 358182.53465163475 3465049.730361977, 358141.1523029454 3465049.3919240735, 358142.0896370649 3465036.352241176, 358162.91366309323 3465036.13715139, 358163.0127736694 3465017.421272156))"
yes,library,,,,社区图书馆,10.5,default,347.5,"POLYGON ((358344.3037958971 3465083.4878173596, 358344.3875466009 3465070.659254684, 358371.55673642893 3465070.170408902, 358371.3490828717 3465082.989555915, 358344.3037958971 3465083.4878173596))"
detached,,,,,空置法拍房,15.0,measured,226.0,"POLYGON ((358498.57994162594 3464991.602370084, 358498.1898656194 3464975.387652932, 358512.12501378974 3464975.365977314, 358512.5995250525 3464991.49086063, 358498.57994162594 3464991.602370084))"
yes,,,,,新闻学院办公楼,10.5,default,696.8,"POLYGON ((357715.0294045415 3463996.6709729354, 357718.85974481783 3463984.988961045, 357774.25206616893 3464003.7508038897, 357771.82793176104 3464011.0233530155, 357770.6117831129 3464014.7095738794, 357715.0294045415 3463996.6709729354))"
apartments,,,,,,10.5,default,719.6,"POLYGON ((360090.2729304859 3464783.761465162, 360098.5669587663 3464776.1451466805, 360092.10378540505 3464770.4440848236, 360092.7206073499 3464766.732898108, 360096.9367405453 3464768.1068528243, 360100.6893145741 3464756.848146354, 360074.8340667926 3464748.8447024394, 360073.2589293589 3464759.209611031, 360064.2632152871 3464764.174499991, 360065.3769939103 3464776.3106745044, 360074.8815273127 3464773.811334638, 360085.1242666581 3464776.7013838454, 360090.2729304859 3464783.761465162))"
